valueCategory,temporal,temporal_type,georegion,georegion_type,agegroup,agegroup_type,sex,type,value,pop,incValue,valueYearCumSum,incValueMean3m,valueMean3y,trend,prct,deltaValue,deltaIncValue,incValuePrctChange,valueMean5y,dataComplete
cases,2013-M01,month,CHFL,CHFL,all,agegroup_sti,all,all,96,8176760,1.17,96,NA,NA,NA,NA,NA,NA,NA,NA,TRUE
cases,2013-M02,month,CHFL,CHFL,all,agegroup_sti,all,all,174,8176760,2.13,270,NA,NA,NA,NA,NA,NA,NA,NA,TRUE
cases,2013-M03,month,CHFL,CHFL,all,agegroup_sti,all,all,152,8176760,1.86,422,1.72,NA,NA,NA,NA,NA,NA,NA,TRUE
cases,2013-M04,month,CHFL,CHFL,all,agegroup_sti,all,all,156,8176760,1.91,578,1.97,NA,NA,NA,NA,NA,NA,NA,TRUE
cases,2013-M05,month,CHFL,CHFL,all,agegroup_sti,all,all,111,8176760,1.36,689,1.71,NA,NA,NA,NA,NA,NA,NA,TRUE
cases,2013-M06,month,CHFL,CHFL,all,agegroup_sti,all,all,134,8176760,1.64,823,1.64,NA,NA,NA,NA,NA,NA,NA,TRUE
cases,2013-M07,month,CHFL,CHFL,all,agegroup_sti,all,all,219,8176760,2.68,1042,1.89,NA,NA,NA,NA,NA,NA,NA,TRUE
cases,2013-M08,month,CHFL,CHFL,all,agegroup_sti,all,all,104,8176760,1.27,1146,1.86,NA,NA,NA,NA,NA,NA,NA,TRUE
cases,2013-M09,month,CHFL,CHFL,all,agegroup_sti,all,all,151,8176760,1.85,1297,1.93,NA,NA,NA,NA,NA,NA,NA,TRUE
cases,2013-M10,month,CHFL,CHFL,all,agegroup_sti,all,all,119,8176760,1.46,1416,1.53,NA,NA,NA,NA,NA,NA,NA,TRUE
cases,2013-M11,month,CHFL,CHFL,all,agegroup_sti,all,all,153,8176760,1.87,1569,1.73,NA,NA,NA,NA,NA,NA,NA,TRUE
cases,2013-M12,month,CHFL,CHFL,all,agegroup_sti,all,all,152,8176760,1.86,1721,1.73,NA,NA,NA,NA,NA,NA,NA,TRUE
cases,2014-M01,month,CHFL,CHFL,all,agegroup_sti,all,all,109,8275032,1.32,109,1.68,NA,NA,NA,NA,NA,NA,NA,TRUE
cases,2014-M02,month,CHFL,CHFL,all,agegroup_sti,all,all,124,8275032,1.5,233,1.56,NA,NA,NA,NA,NA,NA,NA,TRUE
cases,2014-M03,month,CHFL,CHFL,all,agegroup_sti,all,all,136,8275032,1.64,369,1.49,NA,NA,NA,NA,NA,NA,NA,TRUE
cases,2014-M04,month,CHFL,CHFL,all,agegroup_sti,all,all,142,8275032,1.72,511,1.62,NA,NA,NA,NA,NA,NA,NA,TRUE
cases,2014-M05,month,CHFL,CHFL,all,agegroup_sti,all,all,138,8275032,1.67,649,1.68,NA,NA,NA,NA,NA,NA,NA,TRUE
cases,2014-M06,month,CHFL,CHFL,all,agegroup_sti,all,all,167,8275032,2.02,816,1.8,NA,NA,NA,NA,NA,NA,NA,TRUE
cases,2014-M07,month,CHFL,CHFL,all,agegroup_sti,all,all,146,8275032,1.76,962,1.82,NA,NA,NA,NA,NA,NA,NA,TRUE
cases,2014-M08,month,CHFL,CHFL,all,agegroup_sti,all,all,109,8275032,1.32,1071,1.7,NA,NA,NA,NA,NA,NA,NA,TRUE
cases,2014-M09,month,CHFL,CHFL,all,agegroup_sti,all,all,113,8275032,1.37,1184,1.48,NA,NA,NA,NA,NA,NA,NA,TRUE
cases,2014-M10,month,CHFL,CHFL,all,agegroup_sti,all,all,169,8275032,2.04,1353,1.58,NA,NA,NA,NA,NA,NA,NA,TRUE
cases,2014-M11,month,CHFL,CHFL,all,agegroup_sti,all,all,146,8275032,1.76,1499,1.72,NA,NA,NA,NA,NA,NA,NA,TRUE
cases,2014-M12,month,CHFL,CHFL,all,agegroup_sti,all,all,154,8275032,1.86,1653,1.89,NA,NA,NA,NA,NA,NA,NA,TRUE
cases,2015-M01,month,CHFL,CHFL,all,agegroup_sti,all,all,110,8364748,1.32,110,1.65,NA,NA,NA,NA,NA,NA,NA,TRUE
cases,2015-M02,month,CHFL,CHFL,all,agegroup_sti,all,all,137,8364748,1.64,247,1.61,NA,NA,NA,NA,NA,NA,NA,TRUE
cases,2015-M03,month,CHFL,CHFL,all,agegroup_sti,all,all,146,8364748,1.75,393,1.57,NA,NA,NA,NA,NA,NA,NA,TRUE
cases,2015-M04,month,CHFL,CHFL,all,agegroup_sti,all,all,120,8364748,1.43,513,1.61,NA,NA,NA,NA,NA,NA,NA,TRUE
cases,2015-M05,month,CHFL,CHFL,all,agegroup_sti,all,all,100,8364748,1.2,613,1.46,NA,NA,NA,NA,NA,NA,NA,TRUE
cases,2015-M06,month,CHFL,CHFL,all,agegroup_sti,all,all,138,8364748,1.65,751,1.43,NA,NA,NA,NA,NA,NA,NA,TRUE
cases,2015-M07,month,CHFL,CHFL,all,agegroup_sti,all,all,112,8364748,1.34,863,1.4,NA,NA,NA,NA,NA,NA,NA,TRUE
cases,2015-M08,month,CHFL,CHFL,all,agegroup_sti,all,all,94,8364748,1.12,957,1.37,NA,NA,NA,NA,NA,NA,NA,TRUE
cases,2015-M09,month,CHFL,CHFL,all,agegroup_sti,all,all,105,8364748,1.26,1062,1.24,NA,NA,NA,NA,NA,NA,NA,TRUE
cases,2015-M10,month,CHFL,CHFL,all,agegroup_sti,all,all,97,8364748,1.16,1159,1.18,NA,NA,NA,NA,NA,NA,NA,TRUE
cases,2015-M11,month,CHFL,CHFL,all,agegroup_sti,all,all,120,8364748,1.43,1279,1.28,NA,NA,NA,NA,NA,NA,NA,TRUE
cases,2015-M12,month,CHFL,CHFL,all,agegroup_sti,all,all,160,8364748,1.91,1439,1.5,NA,NA,NA,NA,NA,NA,NA,TRUE
cases,2016-M01,month,CHFL,CHFL,all,agegroup_sti,all,all,137,8457360,1.62,137,1.65,NA,NA,NA,NA,NA,NA,NA,TRUE
cases,2016-M02,month,CHFL,CHFL,all,agegroup_sti,all,all,150,8457360,1.77,287,1.77,NA,NA,NA,NA,NA,NA,NA,TRUE
cases,2016-M03,month,CHFL,CHFL,all,agegroup_sti,all,all,121,8457360,1.43,408,1.61,NA,NA,NA,NA,NA,NA,NA,TRUE
cases,2016-M04,month,CHFL,CHFL,all,agegroup_sti,all,all,138,8457360,1.63,546,1.61,NA,NA,NA,NA,NA,NA,NA,TRUE
cases,2016-M05,month,CHFL,CHFL,all,agegroup_sti,all,all,137,8457360,1.62,683,1.56,NA,NA,NA,NA,NA,NA,NA,TRUE
cases,2016-M06,month,CHFL,CHFL,all,agegroup_sti,all,all,130,8457360,1.54,813,1.6,NA,NA,NA,NA,NA,NA,NA,TRUE
cases,2016-M07,month,CHFL,CHFL,all,agegroup_sti,all,all,97,8457360,1.15,910,1.44,NA,NA,NA,NA,NA,NA,NA,TRUE
cases,2016-M08,month,CHFL,CHFL,all,agegroup_sti,all,all,101,8457360,1.19,1011,1.29,NA,NA,NA,NA,NA,NA,NA,TRUE
cases,2016-M09,month,CHFL,CHFL,all,agegroup_sti,all,all,127,8457360,1.5,1138,1.28,NA,NA,NA,NA,NA,NA,NA,TRUE
cases,2016-M10,month,CHFL,CHFL,all,agegroup_sti,all,all,104,8457360,1.23,1242,1.31,NA,NA,NA,NA,NA,NA,NA,TRUE
cases,2016-M11,month,CHFL,CHFL,all,agegroup_sti,all,all,138,8457360,1.63,1380,1.45,NA,NA,NA,NA,NA,NA,NA,TRUE
cases,2016-M12,month,CHFL,CHFL,all,agegroup_sti,all,all,121,8457360,1.43,1501,1.43,NA,NA,NA,NA,NA,NA,NA,TRUE
cases,2017-M01,month,CHFL,CHFL,all,agegroup_sti,all,all,110,8522244,1.29,110,1.45,NA,NA,NA,NA,NA,NA,NA,TRUE
cases,2017-M02,month,CHFL,CHFL,all,agegroup_sti,all,all,120,8522244,1.41,230,1.38,NA,NA,NA,NA,NA,NA,NA,TRUE
cases,2017-M03,month,CHFL,CHFL,all,agegroup_sti,all,all,126,8522244,1.48,356,1.39,NA,NA,NA,NA,NA,NA,NA,TRUE
cases,2017-M04,month,CHFL,CHFL,all,agegroup_sti,all,all,102,8522244,1.2,458,1.36,NA,NA,NA,NA,NA,NA,NA,TRUE
cases,2017-M05,month,CHFL,CHFL,all,agegroup_sti,all,all,101,8522244,1.19,559,1.29,NA,NA,NA,NA,NA,NA,NA,TRUE
cases,2017-M06,month,CHFL,CHFL,all,agegroup_sti,all,all,119,8522244,1.4,678,1.26,NA,NA,NA,NA,NA,NA,NA,TRUE
cases,2017-M07,month,CHFL,CHFL,all,agegroup_sti,all,all,123,8522244,1.44,801,1.34,NA,NA,NA,NA,NA,NA,NA,TRUE
cases,2017-M08,month,CHFL,CHFL,all,agegroup_sti,all,all,105,8522244,1.23,906,1.36,NA,NA,NA,NA,NA,NA,NA,TRUE
cases,2017-M09,month,CHFL,CHFL,all,agegroup_sti,all,all,104,8522244,1.22,1010,1.3,NA,NA,NA,NA,NA,NA,NA,TRUE
cases,2017-M10,month,CHFL,CHFL,all,agegroup_sti,all,all,125,8522244,1.47,1135,1.31,NA,NA,NA,NA,NA,NA,NA,TRUE
cases,2017-M11,month,CHFL,CHFL,all,agegroup_sti,all,all,131,8522244,1.54,1266,1.41,NA,NA,NA,NA,NA,NA,NA,TRUE
cases,2017-M12,month,CHFL,CHFL,all,agegroup_sti,all,all,106,8522244,1.24,1372,1.42,NA,NA,NA,NA,NA,NA,NA,TRUE
cases,2018-M01,month,CHFL,CHFL,all,agegroup_sti,all,all,109,8582905,1.27,109,1.35,NA,NA,NA,NA,NA,NA,NA,TRUE
cases,2018-M02,month,CHFL,CHFL,all,agegroup_sti,all,all,117,8582905,1.36,226,1.29,NA,NA,NA,NA,NA,NA,NA,TRUE
cases,2018-M03,month,CHFL,CHFL,all,agegroup_sti,all,all,136,8582905,1.58,362,1.4,NA,NA,NA,NA,NA,NA,NA,TRUE
cases,2018-M04,month,CHFL,CHFL,all,agegroup_sti,all,all,88,8582905,1.03,450,1.32,NA,NA,NA,NA,NA,NA,NA,TRUE
cases,2018-M05,month,CHFL,CHFL,all,agegroup_sti,all,all,116,8582905,1.35,566,1.32,NA,NA,NA,NA,NA,NA,NA,TRUE
cases,2018-M06,month,CHFL,CHFL,all,agegroup_sti,all,all,116,8582905,1.35,682,1.24,NA,NA,NA,NA,NA,NA,NA,TRUE
cases,2018-M07,month,CHFL,CHFL,all,agegroup_sti,all,all,119,8582905,1.39,801,1.36,NA,NA,NA,NA,NA,NA,NA,TRUE
cases,2018-M08,month,CHFL,CHFL,all,agegroup_sti,all,all,92,8582905,1.07,893,1.27,NA,NA,NA,NA,NA,NA,NA,TRUE
cases,2018-M09,month,CHFL,CHFL,all,agegroup_sti,all,all,92,8582905,1.07,985,1.18,NA,NA,NA,NA,NA,NA,NA,TRUE
cases,2018-M10,month,CHFL,CHFL,all,agegroup_sti,all,all,100,8582905,1.17,1085,1.1,NA,NA,NA,NA,NA,NA,NA,TRUE
cases,2018-M11,month,CHFL,CHFL,all,agegroup_sti,all,all,101,8582905,1.18,1186,1.14,NA,NA,NA,NA,NA,NA,NA,TRUE
cases,2018-M12,month,CHFL,CHFL,all,agegroup_sti,all,all,82,8582905,0.96,1268,1.1,NA,NA,NA,NA,NA,NA,NA,TRUE
cases,2019-M01,month,CHFL,CHFL,all,agegroup_sti,all,all,87,8644780,1.01,87,1.05,NA,NA,NA,NA,NA,NA,NA,TRUE
cases,2019-M02,month,CHFL,CHFL,all,agegroup_sti,all,all,83,8644780,0.96,170,0.98,NA,NA,NA,NA,NA,NA,NA,TRUE
cases,2019-M03,month,CHFL,CHFL,all,agegroup_sti,all,all,97,8644780,1.12,267,1.03,NA,NA,NA,NA,NA,NA,NA,TRUE
cases,2019-M04,month,CHFL,CHFL,all,agegroup_sti,all,all,85,8644780,0.98,352,1.02,NA,NA,NA,NA,NA,NA,NA,TRUE
cases,2019-M05,month,CHFL,CHFL,all,agegroup_sti,all,all,76,8644780,0.88,428,0.99,NA,NA,NA,NA,NA,NA,NA,TRUE
cases,2019-M06,month,CHFL,CHFL,all,agegroup_sti,all,all,73,8644780,0.84,501,0.9,NA,NA,NA,NA,NA,NA,NA,TRUE
cases,2019-M07,month,CHFL,CHFL,all,agegroup_sti,all,all,110,8644780,1.27,611,1,NA,NA,NA,NA,NA,NA,NA,TRUE
cases,2019-M08,month,CHFL,CHFL,all,agegroup_sti,all,all,66,8644780,0.76,677,0.96,NA,NA,NA,NA,NA,NA,NA,TRUE
cases,2019-M09,month,CHFL,CHFL,all,agegroup_sti,all,all,83,8644780,0.96,760,1,NA,NA,NA,NA,NA,NA,NA,TRUE
cases,2019-M10,month,CHFL,CHFL,all,agegroup_sti,all,all,73,8644780,0.84,833,0.85,NA,NA,NA,NA,NA,NA,NA,TRUE
cases,2019-M11,month,CHFL,CHFL,all,agegroup_sti,all,all,91,8644780,1.05,924,0.95,NA,NA,NA,NA,NA,NA,NA,TRUE
cases,2019-M12,month,CHFL,CHFL,all,agegroup_sti,all,all,84,8644780,0.97,1008,0.95,NA,NA,NA,NA,NA,NA,NA,TRUE
cases,2020-M01,month,CHFL,CHFL,all,agegroup_sti,all,all,74,8709355,0.85,74,0.96,NA,NA,NA,NA,NA,NA,NA,TRUE
cases,2020-M02,month,CHFL,CHFL,all,agegroup_sti,all,all,93,8709355,1.07,167,0.96,NA,NA,NA,NA,NA,NA,NA,TRUE
cases,2020-M03,month,CHFL,CHFL,all,agegroup_sti,all,all,66,8709355,0.76,233,0.89,NA,NA,NA,NA,NA,NA,NA,TRUE
cases,2020-M04,month,CHFL,CHFL,all,agegroup_sti,all,all,42,8709355,0.48,275,0.77,NA,NA,NA,NA,NA,NA,NA,TRUE
cases,2020-M05,month,CHFL,CHFL,all,agegroup_sti,all,all,49,8709355,0.56,324,0.6,NA,NA,NA,NA,NA,NA,NA,TRUE
cases,2020-M06,month,CHFL,CHFL,all,agegroup_sti,all,all,71,8709355,0.82,395,0.62,NA,NA,NA,NA,NA,NA,NA,TRUE
cases,2020-M07,month,CHFL,CHFL,all,agegroup_sti,all,all,83,8709355,0.95,478,0.78,NA,NA,NA,NA,NA,NA,NA,TRUE
cases,2020-M08,month,CHFL,CHFL,all,agegroup_sti,all,all,71,8709355,0.82,549,0.86,NA,NA,NA,NA,NA,NA,NA,TRUE
cases,2020-M09,month,CHFL,CHFL,all,agegroup_sti,all,all,93,8709355,1.07,642,0.95,NA,NA,NA,NA,NA,NA,NA,TRUE
cases,2020-M10,month,CHFL,CHFL,all,agegroup_sti,all,all,66,8709355,0.76,708,0.88,NA,NA,NA,NA,NA,NA,NA,TRUE
cases,2020-M11,month,CHFL,CHFL,all,agegroup_sti,all,all,88,8709355,1.01,796,0.95,NA,NA,NA,NA,NA,NA,NA,TRUE
cases,2020-M12,month,CHFL,CHFL,all,agegroup_sti,all,all,69,8709355,0.79,865,0.85,NA,NA,NA,NA,NA,NA,NA,TRUE
cases,2021-M01,month,CHFL,CHFL,all,agegroup_sti,all,all,68,8778099,0.77,68,0.86,NA,NA,NA,NA,NA,NA,NA,TRUE
cases,2021-M02,month,CHFL,CHFL,all,agegroup_sti,all,all,84,8778099,0.96,152,0.84,NA,NA,NA,NA,NA,NA,NA,TRUE
cases,2021-M03,month,CHFL,CHFL,all,agegroup_sti,all,all,80,8778099,0.91,232,0.88,NA,NA,NA,NA,NA,NA,NA,TRUE
cases,2021-M04,month,CHFL,CHFL,all,agegroup_sti,all,all,81,8778099,0.92,313,0.93,NA,NA,NA,NA,NA,NA,NA,TRUE
cases,2021-M05,month,CHFL,CHFL,all,agegroup_sti,all,all,63,8778099,0.72,376,0.85,NA,NA,NA,NA,NA,NA,NA,TRUE
cases,2021-M06,month,CHFL,CHFL,all,agegroup_sti,all,all,87,8778099,0.99,463,0.88,NA,NA,NA,NA,NA,NA,NA,TRUE
cases,2021-M07,month,CHFL,CHFL,all,agegroup_sti,all,all,76,8778099,0.87,539,0.86,NA,NA,NA,NA,NA,NA,NA,TRUE
cases,2021-M08,month,CHFL,CHFL,all,agegroup_sti,all,all,46,8778099,0.52,585,0.79,NA,NA,NA,NA,NA,NA,NA,TRUE
cases,2021-M09,month,CHFL,CHFL,all,agegroup_sti,all,all,75,8778099,0.85,660,0.75,NA,NA,NA,NA,NA,NA,NA,TRUE
cases,2021-M10,month,CHFL,CHFL,all,agegroup_sti,all,all,79,8778099,0.9,739,0.76,NA,NA,NA,NA,NA,NA,NA,TRUE
cases,2021-M11,month,CHFL,CHFL,all,agegroup_sti,all,all,80,8778099,0.91,819,0.89,NA,NA,NA,NA,NA,NA,NA,TRUE
cases,2021-M12,month,CHFL,CHFL,all,agegroup_sti,all,all,81,8778099,0.92,900,0.91,NA,NA,NA,NA,NA,NA,NA,TRUE
cases,2022-M01,month,CHFL,CHFL,all,agegroup_sti,all,all,59,8855062,0.67,59,0.83,NA,NA,NA,NA,NA,NA,NA,TRUE
cases,2022-M02,month,CHFL,CHFL,all,agegroup_sti,all,all,61,8855062,0.69,120,0.76,NA,NA,NA,NA,NA,NA,NA,TRUE
cases,2022-M03,month,CHFL,CHFL,all,agegroup_sti,all,all,82,8855062,0.93,202,0.76,NA,NA,NA,NA,NA,NA,NA,TRUE
cases,2022-M04,month,CHFL,CHFL,all,agegroup_sti,all,all,84,8855062,0.95,286,0.86,NA,NA,NA,NA,NA,NA,NA,TRUE
cases,2022-M05,month,CHFL,CHFL,all,agegroup_sti,all,all,108,8855062,1.22,394,1.03,NA,NA,NA,NA,NA,NA,NA,TRUE
cases,2022-M06,month,CHFL,CHFL,all,agegroup_sti,all,all,85,8855062,0.96,479,1.04,NA,NA,NA,NA,NA,NA,NA,TRUE
cases,2022-M07,month,CHFL,CHFL,all,agegroup_sti,all,all,82,8855062,0.93,561,1.04,NA,NA,NA,NA,NA,NA,NA,TRUE
cases,2022-M08,month,CHFL,CHFL,all,agegroup_sti,all,all,90,8855062,1.02,651,0.97,NA,NA,NA,NA,NA,NA,NA,TRUE
cases,2022-M09,month,CHFL,CHFL,all,agegroup_sti,all,all,106,8855062,1.2,757,1.05,NA,NA,NA,NA,NA,NA,NA,TRUE
cases,2022-M10,month,CHFL,CHFL,all,agegroup_sti,all,all,91,8855062,1.03,848,1.08,NA,NA,NA,NA,NA,NA,NA,TRUE
cases,2022-M11,month,CHFL,CHFL,all,agegroup_sti,all,all,88,8855062,0.99,936,1.07,NA,NA,NA,NA,NA,NA,NA,TRUE
cases,2022-M12,month,CHFL,CHFL,all,agegroup_sti,all,all,91,8855062,1.03,1027,1.02,NA,NA,NA,NA,NA,NA,NA,TRUE
cases,2023-M01,month,CHFL,CHFL,all,agegroup_sti,all,all,76,9002273,0.84,76,0.95,NA,NA,NA,NA,NA,NA,NA,TRUE
cases,2023-M02,month,CHFL,CHFL,all,agegroup_sti,all,all,89,9002273,0.99,165,0.95,NA,NA,NA,NA,NA,NA,NA,TRUE
cases,2023-M03,month,CHFL,CHFL,all,agegroup_sti,all,all,72,9002273,0.8,237,0.88,NA,NA,NA,NA,NA,NA,NA,TRUE
cases,2023-M04,month,CHFL,CHFL,all,agegroup_sti,all,all,80,9002273,0.89,317,0.89,NA,NA,NA,NA,NA,NA,NA,TRUE
cases,2023-M05,month,CHFL,CHFL,all,agegroup_sti,all,all,105,9002273,1.17,422,0.95,NA,NA,NA,NA,NA,NA,NA,TRUE
cases,2023-M06,month,CHFL,CHFL,all,agegroup_sti,all,all,111,9002273,1.23,533,1.1,NA,NA,NA,NA,NA,NA,NA,TRUE
cases,2023-M07,month,CHFL,CHFL,all,agegroup_sti,all,all,94,9002273,1.04,627,1.15,NA,NA,NA,NA,NA,NA,NA,TRUE
cases,2023-M08,month,CHFL,CHFL,all,agegroup_sti,all,all,67,9002273,0.74,694,1,NA,NA,NA,NA,NA,NA,NA,TRUE
cases,2023-M09,month,CHFL,CHFL,all,agegroup_sti,all,all,89,9002273,0.99,783,0.92,NA,NA,NA,NA,NA,NA,NA,TRUE
cases,2023-M10,month,CHFL,CHFL,all,agegroup_sti,all,all,96,9002273,1.07,879,0.93,NA,NA,NA,NA,NA,NA,NA,TRUE
cases,2023-M11,month,CHFL,CHFL,all,agegroup_sti,all,all,75,9002273,0.83,954,0.96,NA,NA,NA,NA,NA,NA,NA,TRUE
cases,2023-M12,month,CHFL,CHFL,all,agegroup_sti,all,all,86,9002273,0.96,1040,0.95,NA,NA,NA,NA,NA,NA,NA,TRUE
cases,2024-M01,month,CHFL,CHFL,all,agegroup_sti,all,all,101,9091915,1.11,101,0.97,NA,NA,NA,NA,NA,NA,NA,TRUE
cases,2024-M02,month,CHFL,CHFL,all,agegroup_sti,all,all,77,9091915,0.85,178,0.97,NA,NA,NA,NA,NA,NA,NA,TRUE
cases,2024-M03,month,CHFL,CHFL,all,agegroup_sti,all,all,85,9091915,0.93,263,0.96,NA,NA,NA,NA,NA,NA,NA,TRUE
cases,2024-M04,month,CHFL,CHFL,all,agegroup_sti,all,all,95,9091915,1.04,358,0.94,NA,NA,NA,NA,NA,NA,NA,TRUE
cases,2024-M05,month,CHFL,CHFL,all,agegroup_sti,all,all,84,9091915,0.92,442,0.96,NA,NA,NA,NA,NA,NA,NA,TRUE
cases,2024-M06,month,CHFL,CHFL,all,agegroup_sti,all,all,78,9091915,0.86,520,0.94,NA,NA,NA,NA,NA,NA,NA,TRUE
cases,2024-M07,month,CHFL,CHFL,all,agegroup_sti,all,all,75,9091915,0.82,595,0.87,NA,NA,NA,NA,NA,NA,NA,TRUE
cases,2024-M08,month,CHFL,CHFL,all,agegroup_sti,all,all,84,9091915,0.92,679,0.87,NA,NA,NA,NA,NA,NA,NA,TRUE
cases,2024-M09,month,CHFL,CHFL,all,agegroup_sti,all,all,101,9091915,1.11,780,0.95,NA,NA,NA,NA,NA,NA,NA,TRUE
cases,2024-M10,month,CHFL,CHFL,all,agegroup_sti,all,all,88,9091915,0.97,868,1,NA,NA,NA,NA,NA,NA,NA,TRUE
cases,2024-M11,month,CHFL,CHFL,all,agegroup_sti,all,all,84,9091915,0.92,952,1,NA,NA,NA,NA,NA,NA,NA,TRUE
cases,2024-M12,month,CHFL,CHFL,all,agegroup_sti,all,all,96,9091915,1.06,1048,0.98,NA,NA,NA,NA,NA,NA,NA,TRUE
cases,2025-M01,month,CHFL,CHFL,all,agegroup_sti,all,all,85,9127125,0.93,85,0.97,NA,NA,NA,NA,NA,NA,NA,TRUE
cases,2025-M02,month,CHFL,CHFL,all,agegroup_sti,all,all,82,9127125,0.9,167,0.96,NA,NA,NA,NA,NA,NA,NA,TRUE
cases,2025-M03,month,CHFL,CHFL,all,agegroup_sti,all,all,86,9127125,0.94,253,0.92,NA,NA,NA,NA,NA,NA,NA,TRUE
cases,2025-M04,month,CHFL,CHFL,all,agegroup_sti,all,all,66,9127125,0.72,319,0.85,NA,NA,NA,NA,NA,NA,NA,TRUE
cases,2025-M05,month,CHFL,CHFL,all,agegroup_sti,all,all,81,9127125,0.89,400,0.85,NA,NA,NA,NA,NA,NA,NA,TRUE
cases,2025-M06,month,CHFL,CHFL,all,agegroup_sti,all,all,77,9127125,0.84,477,0.82,NA,NA,NA,NA,NA,NA,NA,TRUE
cases,2025-M07,month,CHFL,CHFL,all,agegroup_sti,all,all,77,9127125,0.84,554,0.86,NA,NA,NA,NA,NA,NA,NA,TRUE
cases,2025-M08,month,CHFL,CHFL,all,agegroup_sti,all,all,56,9127125,0.61,610,0.76,NA,NA,NA,NA,NA,NA,NA,TRUE
cases,2025-M09,month,CHFL,CHFL,all,agegroup_sti,all,all,78,9127125,0.85,688,0.77,NA,NA,NA,NA,NA,NA,NA,TRUE
cases,2025-M10,month,CHFL,CHFL,all,agegroup_sti,all,all,96,9127125,1.05,784,0.84,NA,NA,NA,NA,NA,NA,NA,TRUE
cases,2025-M11,month,CHFL,CHFL,all,agegroup_sti,all,all,70,9127125,0.77,854,0.89,NA,NA,NA,NA,NA,NA,NA,TRUE
cases,2025-M12,month,CHFL,CHFL,all,agegroup_sti,all,all,70,9127125,0.77,924,0.86,NA,NA,NA,NA,NA,NA,NA,TRUE
cases,2026-M01,month,CHFL,CHFL,all,agegroup_sti,all,all,59,9127125,0.65,59,0.73,NA,NA,NA,NA,NA,NA,NA,TRUE
cases,2026-M02,month,CHFL,CHFL,all,agegroup_sti,all,all,76,9127125,0.83,135,0.75,NA,NA,NA,NA,NA,NA,NA,TRUE
cases,2026-M03,month,CHFL,CHFL,all,agegroup_sti,all,all,66,9127125,0.72,201,0.73,NA,NA,NA,NA,NA,NA,NA,TRUE
cases,2026-M04,month,CHFL,CHFL,all,agegroup_sti,all,all,70,9127125,0.77,271,0.77,NA,NA,NA,NA,NA,NA,NA,TRUE
cases,2026-M05,month,CHFL,CHFL,all,agegroup_sti,all,all,71,9127125,0.78,342,0.76,NA,NA,NA,NA,NA,NA,NA,TRUE
cases,2026-M06,month,CHFL,CHFL,all,agegroup_sti,all,all,98,9127125,1.07,440,0.87,NA,NA,NA,NA,NA,NA,NA,TRUE
min_value_5y,2017-M01,month,CHFL,CHFL,all,agegroup_sti,all,all,96,NA,1.17,96,1.45,NA,NA,NA,NA,NA,NA,NA,TRUE
min_value_5y,2017-M02,month,CHFL,CHFL,all,agegroup_sti,all,all,120,NA,1.41,230,1.38,NA,NA,NA,NA,NA,NA,NA,TRUE
min_value_5y,2017-M03,month,CHFL,CHFL,all,agegroup_sti,all,all,121,NA,1.43,356,1.39,NA,NA,NA,NA,NA,NA,NA,TRUE
min_value_5y,2017-M04,month,CHFL,CHFL,all,agegroup_sti,all,all,102,NA,1.2,458,1.36,NA,NA,NA,NA,NA,NA,NA,TRUE
min_value_5y,2017-M05,month,CHFL,CHFL,all,agegroup_sti,all,all,100,NA,1.19,559,1.29,NA,NA,NA,NA,NA,NA,NA,TRUE
min_value_5y,2017-M06,month,CHFL,CHFL,all,agegroup_sti,all,all,119,NA,1.4,678,1.26,NA,NA,NA,NA,NA,NA,NA,TRUE
min_value_5y,2017-M07,month,CHFL,CHFL,all,agegroup_sti,all,all,97,NA,1.15,801,1.34,NA,NA,NA,NA,NA,NA,NA,TRUE
min_value_5y,2017-M08,month,CHFL,CHFL,all,agegroup_sti,all,all,94,NA,1.12,906,1.29,NA,NA,NA,NA,NA,NA,NA,TRUE
min_value_5y,2017-M09,month,CHFL,CHFL,all,agegroup_sti,all,all,104,NA,1.22,1010,1.24,NA,NA,NA,NA,NA,NA,NA,TRUE
min_value_5y,2017-M10,month,CHFL,CHFL,all,agegroup_sti,all,all,97,NA,1.16,1135,1.18,NA,NA,NA,NA,NA,NA,NA,TRUE
min_value_5y,2017-M11,month,CHFL,CHFL,all,agegroup_sti,all,all,120,NA,1.43,1266,1.28,NA,NA,NA,NA,NA,NA,NA,TRUE
min_value_5y,2017-M12,month,CHFL,CHFL,all,agegroup_sti,all,all,106,NA,1.24,1372,1.42,NA,NA,NA,NA,NA,NA,NA,TRUE
min_value_5y,2018-M01,month,CHFL,CHFL,all,agegroup_sti,all,all,109,NA,1.27,109,1.35,NA,NA,NA,NA,NA,NA,NA,TRUE
min_value_5y,2018-M02,month,CHFL,CHFL,all,agegroup_sti,all,all,117,NA,1.36,226,1.29,NA,NA,NA,NA,NA,NA,NA,TRUE
min_value_5y,2018-M03,month,CHFL,CHFL,all,agegroup_sti,all,all,121,NA,1.43,356,1.39,NA,NA,NA,NA,NA,NA,NA,TRUE
min_value_5y,2018-M04,month,CHFL,CHFL,all,agegroup_sti,all,all,88,NA,1.03,450,1.32,NA,NA,NA,NA,NA,NA,NA,TRUE
min_value_5y,2018-M05,month,CHFL,CHFL,all,agegroup_sti,all,all,100,NA,1.19,559,1.29,NA,NA,NA,NA,NA,NA,NA,TRUE
min_value_5y,2018-M06,month,CHFL,CHFL,all,agegroup_sti,all,all,116,NA,1.35,678,1.24,NA,NA,NA,NA,NA,NA,NA,TRUE
min_value_5y,2018-M07,month,CHFL,CHFL,all,agegroup_sti,all,all,97,NA,1.15,801,1.34,NA,NA,NA,NA,NA,NA,NA,TRUE
min_value_5y,2018-M08,month,CHFL,CHFL,all,agegroup_sti,all,all,92,NA,1.07,893,1.27,NA,NA,NA,NA,NA,NA,NA,TRUE
min_value_5y,2018-M09,month,CHFL,CHFL,all,agegroup_sti,all,all,92,NA,1.07,985,1.18,NA,NA,NA,NA,NA,NA,NA,TRUE
min_value_5y,2018-M10,month,CHFL,CHFL,all,agegroup_sti,all,all,97,NA,1.16,1085,1.1,NA,NA,NA,NA,NA,NA,NA,TRUE
min_value_5y,2018-M11,month,CHFL,CHFL,all,agegroup_sti,all,all,101,NA,1.18,1186,1.14,NA,NA,NA,NA,NA,NA,NA,TRUE
min_value_5y,2018-M12,month,CHFL,CHFL,all,agegroup_sti,all,all,82,NA,0.96,1268,1.1,NA,NA,NA,NA,NA,NA,NA,TRUE
min_value_5y,2019-M01,month,CHFL,CHFL,all,agegroup_sti,all,all,87,NA,1.01,87,1.05,NA,NA,NA,NA,NA,NA,NA,TRUE
min_value_5y,2019-M02,month,CHFL,CHFL,all,agegroup_sti,all,all,83,NA,0.96,170,0.98,NA,NA,NA,NA,NA,NA,NA,TRUE
min_value_5y,2019-M03,month,CHFL,CHFL,all,agegroup_sti,all,all,97,NA,1.12,267,1.03,NA,NA,NA,NA,NA,NA,NA,TRUE
min_value_5y,2019-M04,month,CHFL,CHFL,all,agegroup_sti,all,all,85,NA,0.98,352,1.02,NA,NA,NA,NA,NA,NA,NA,TRUE
min_value_5y,2019-M05,month,CHFL,CHFL,all,agegroup_sti,all,all,76,NA,0.88,428,0.99,NA,NA,NA,NA,NA,NA,NA,TRUE
min_value_5y,2019-M06,month,CHFL,CHFL,all,agegroup_sti,all,all,73,NA,0.84,501,0.9,NA,NA,NA,NA,NA,NA,NA,TRUE
min_value_5y,2019-M07,month,CHFL,CHFL,all,agegroup_sti,all,all,97,NA,1.15,611,1,NA,NA,NA,NA,NA,NA,NA,TRUE
min_value_5y,2019-M08,month,CHFL,CHFL,all,agegroup_sti,all,all,66,NA,0.76,677,0.96,NA,NA,NA,NA,NA,NA,NA,TRUE
min_value_5y,2019-M09,month,CHFL,CHFL,all,agegroup_sti,all,all,83,NA,0.96,760,1,NA,NA,NA,NA,NA,NA,NA,TRUE
min_value_5y,2019-M10,month,CHFL,CHFL,all,agegroup_sti,all,all,73,NA,0.84,833,0.85,NA,NA,NA,NA,NA,NA,NA,TRUE
min_value_5y,2019-M11,month,CHFL,CHFL,all,agegroup_sti,all,all,91,NA,1.05,924,0.95,NA,NA,NA,NA,NA,NA,NA,TRUE
min_value_5y,2019-M12,month,CHFL,CHFL,all,agegroup_sti,all,all,82,NA,0.96,1008,0.95,NA,NA,NA,NA,NA,NA,NA,TRUE
min_value_5y,2020-M01,month,CHFL,CHFL,all,agegroup_sti,all,all,74,NA,0.85,74,0.96,NA,NA,NA,NA,NA,NA,NA,TRUE
min_value_5y,2020-M02,month,CHFL,CHFL,all,agegroup_sti,all,all,83,NA,0.96,167,0.96,NA,NA,NA,NA,NA,NA,NA,TRUE
min_value_5y,2020-M03,month,CHFL,CHFL,all,agegroup_sti,all,all,66,NA,0.76,233,0.89,NA,NA,NA,NA,NA,NA,NA,TRUE
min_value_5y,2020-M04,month,CHFL,CHFL,all,agegroup_sti,all,all,42,NA,0.48,275,0.77,NA,NA,NA,NA,NA,NA,NA,TRUE
min_value_5y,2020-M05,month,CHFL,CHFL,all,agegroup_sti,all,all,49,NA,0.56,324,0.6,NA,NA,NA,NA,NA,NA,NA,TRUE
min_value_5y,2020-M06,month,CHFL,CHFL,all,agegroup_sti,all,all,71,NA,0.82,395,0.62,NA,NA,NA,NA,NA,NA,NA,TRUE
min_value_5y,2020-M07,month,CHFL,CHFL,all,agegroup_sti,all,all,83,NA,0.95,478,0.78,NA,NA,NA,NA,NA,NA,NA,TRUE
min_value_5y,2020-M08,month,CHFL,CHFL,all,agegroup_sti,all,all,66,NA,0.76,549,0.86,NA,NA,NA,NA,NA,NA,NA,TRUE
min_value_5y,2020-M09,month,CHFL,CHFL,all,agegroup_sti,all,all,83,NA,0.96,642,0.95,NA,NA,NA,NA,NA,NA,NA,TRUE
min_value_5y,2020-M10,month,CHFL,CHFL,all,agegroup_sti,all,all,66,NA,0.76,708,0.85,NA,NA,NA,NA,NA,NA,NA,TRUE
min_value_5y,2020-M11,month,CHFL,CHFL,all,agegroup_sti,all,all,88,NA,1.01,796,0.95,NA,NA,NA,NA,NA,NA,NA,TRUE
min_value_5y,2020-M12,month,CHFL,CHFL,all,agegroup_sti,all,all,69,NA,0.79,865,0.85,NA,NA,NA,NA,NA,NA,NA,TRUE
min_value_5y,2021-M01,month,CHFL,CHFL,all,agegroup_sti,all,all,68,NA,0.77,68,0.86,NA,NA,NA,NA,NA,NA,NA,TRUE
min_value_5y,2021-M02,month,CHFL,CHFL,all,agegroup_sti,all,all,83,NA,0.96,152,0.84,NA,NA,NA,NA,NA,NA,NA,TRUE
min_value_5y,2021-M03,month,CHFL,CHFL,all,agegroup_sti,all,all,66,NA,0.76,232,0.88,NA,NA,NA,NA,NA,NA,NA,TRUE
min_value_5y,2021-M04,month,CHFL,CHFL,all,agegroup_sti,all,all,42,NA,0.48,275,0.77,NA,NA,NA,NA,NA,NA,NA,TRUE
min_value_5y,2021-M05,month,CHFL,CHFL,all,agegroup_sti,all,all,49,NA,0.56,324,0.6,NA,NA,NA,NA,NA,NA,NA,TRUE
min_value_5y,2021-M06,month,CHFL,CHFL,all,agegroup_sti,all,all,71,NA,0.82,395,0.62,NA,NA,NA,NA,NA,NA,NA,TRUE
min_value_5y,2021-M07,month,CHFL,CHFL,all,agegroup_sti,all,all,76,NA,0.87,478,0.78,NA,NA,NA,NA,NA,NA,NA,TRUE
min_value_5y,2021-M08,month,CHFL,CHFL,all,agegroup_sti,all,all,46,NA,0.52,549,0.79,NA,NA,NA,NA,NA,NA,NA,TRUE
min_value_5y,2021-M09,month,CHFL,CHFL,all,agegroup_sti,all,all,75,NA,0.85,642,0.75,NA,NA,NA,NA,NA,NA,NA,TRUE
min_value_5y,2021-M10,month,CHFL,CHFL,all,agegroup_sti,all,all,66,NA,0.76,708,0.76,NA,NA,NA,NA,NA,NA,NA,TRUE
min_value_5y,2021-M11,month,CHFL,CHFL,all,agegroup_sti,all,all,80,NA,0.91,796,0.89,NA,NA,NA,NA,NA,NA,NA,TRUE
min_value_5y,2021-M12,month,CHFL,CHFL,all,agegroup_sti,all,all,69,NA,0.79,865,0.85,NA,NA,NA,NA,NA,NA,NA,TRUE
min_value_5y,2022-M01,month,CHFL,CHFL,all,agegroup_sti,all,all,59,NA,0.67,59,0.83,NA,NA,NA,NA,NA,NA,NA,TRUE
min_value_5y,2022-M02,month,CHFL,CHFL,all,agegroup_sti,all,all,61,NA,0.69,120,0.76,NA,NA,NA,NA,NA,NA,NA,TRUE
min_value_5y,2022-M03,month,CHFL,CHFL,all,agegroup_sti,all,all,66,NA,0.76,202,0.76,NA,NA,NA,NA,NA,NA,NA,TRUE
min_value_5y,2022-M04,month,CHFL,CHFL,all,agegroup_sti,all,all,42,NA,0.48,275,0.77,NA,NA,NA,NA,NA,NA,NA,TRUE
min_value_5y,2022-M05,month,CHFL,CHFL,all,agegroup_sti,all,all,49,NA,0.56,324,0.6,NA,NA,NA,NA,NA,NA,NA,TRUE
min_value_5y,2022-M06,month,CHFL,CHFL,all,agegroup_sti,all,all,71,NA,0.82,395,0.62,NA,NA,NA,NA,NA,NA,NA,TRUE
min_value_5y,2022-M07,month,CHFL,CHFL,all,agegroup_sti,all,all,76,NA,0.87,478,0.78,NA,NA,NA,NA,NA,NA,NA,TRUE
min_value_5y,2022-M08,month,CHFL,CHFL,all,agegroup_sti,all,all,46,NA,0.52,549,0.79,NA,NA,NA,NA,NA,NA,NA,TRUE
min_value_5y,2022-M09,month,CHFL,CHFL,all,agegroup_sti,all,all,75,NA,0.85,642,0.75,NA,NA,NA,NA,NA,NA,NA,TRUE
min_value_5y,2022-M10,month,CHFL,CHFL,all,agegroup_sti,all,all,66,NA,0.76,708,0.76,NA,NA,NA,NA,NA,NA,NA,TRUE
min_value_5y,2022-M11,month,CHFL,CHFL,all,agegroup_sti,all,all,80,NA,0.91,796,0.89,NA,NA,NA,NA,NA,NA,NA,TRUE
min_value_5y,2022-M12,month,CHFL,CHFL,all,agegroup_sti,all,all,69,NA,0.79,865,0.85,NA,NA,NA,NA,NA,NA,NA,TRUE
min_value_5y,2023-M01,month,CHFL,CHFL,all,agegroup_sti,all,all,59,NA,0.67,59,0.83,NA,NA,NA,NA,NA,NA,NA,TRUE
min_value_5y,2023-M02,month,CHFL,CHFL,all,agegroup_sti,all,all,61,NA,0.69,120,0.76,NA,NA,NA,NA,NA,NA,NA,TRUE
min_value_5y,2023-M03,month,CHFL,CHFL,all,agegroup_sti,all,all,66,NA,0.76,202,0.76,NA,NA,NA,NA,NA,NA,NA,TRUE
min_value_5y,2023-M04,month,CHFL,CHFL,all,agegroup_sti,all,all,42,NA,0.48,275,0.77,NA,NA,NA,NA,NA,NA,NA,TRUE
min_value_5y,2023-M05,month,CHFL,CHFL,all,agegroup_sti,all,all,49,NA,0.56,324,0.6,NA,NA,NA,NA,NA,NA,NA,TRUE
min_value_5y,2023-M06,month,CHFL,CHFL,all,agegroup_sti,all,all,71,NA,0.82,395,0.62,NA,NA,NA,NA,NA,NA,NA,TRUE
min_value_5y,2023-M07,month,CHFL,CHFL,all,agegroup_sti,all,all,76,NA,0.87,478,0.78,NA,NA,NA,NA,NA,NA,NA,TRUE
min_value_5y,2023-M08,month,CHFL,CHFL,all,agegroup_sti,all,all,46,NA,0.52,549,0.79,NA,NA,NA,NA,NA,NA,NA,TRUE
min_value_5y,2023-M09,month,CHFL,CHFL,all,agegroup_sti,all,all,75,NA,0.85,642,0.75,NA,NA,NA,NA,NA,NA,NA,TRUE
min_value_5y,2023-M10,month,CHFL,CHFL,all,agegroup_sti,all,all,66,NA,0.76,708,0.76,NA,NA,NA,NA,NA,NA,NA,TRUE
min_value_5y,2023-M11,month,CHFL,CHFL,all,agegroup_sti,all,all,75,NA,0.83,796,0.89,NA,NA,NA,NA,NA,NA,NA,TRUE
min_value_5y,2023-M12,month,CHFL,CHFL,all,agegroup_sti,all,all,69,NA,0.79,865,0.85,NA,NA,NA,NA,NA,NA,NA,TRUE
min_value_5y,2024-M01,month,CHFL,CHFL,all,agegroup_sti,all,all,59,NA,0.67,59,0.83,NA,NA,NA,NA,NA,NA,NA,TRUE
min_value_5y,2024-M02,month,CHFL,CHFL,all,agegroup_sti,all,all,61,NA,0.69,120,0.76,NA,NA,NA,NA,NA,NA,NA,TRUE
min_value_5y,2024-M03,month,CHFL,CHFL,all,agegroup_sti,all,all,66,NA,0.76,202,0.76,NA,NA,NA,NA,NA,NA,NA,TRUE
min_value_5y,2024-M04,month,CHFL,CHFL,all,agegroup_sti,all,all,42,NA,0.48,275,0.77,NA,NA,NA,NA,NA,NA,NA,TRUE
min_value_5y,2024-M05,month,CHFL,CHFL,all,agegroup_sti,all,all,49,NA,0.56,324,0.6,NA,NA,NA,NA,NA,NA,NA,TRUE
min_value_5y,2024-M06,month,CHFL,CHFL,all,agegroup_sti,all,all,71,NA,0.82,395,0.62,NA,NA,NA,NA,NA,NA,NA,TRUE
min_value_5y,2024-M07,month,CHFL,CHFL,all,agegroup_sti,all,all,75,NA,0.82,478,0.78,NA,NA,NA,NA,NA,NA,NA,TRUE
min_value_5y,2024-M08,month,CHFL,CHFL,all,agegroup_sti,all,all,46,NA,0.52,549,0.79,NA,NA,NA,NA,NA,NA,NA,TRUE
min_value_5y,2024-M09,month,CHFL,CHFL,all,agegroup_sti,all,all,75,NA,0.85,642,0.75,NA,NA,NA,NA,NA,NA,NA,TRUE
min_value_5y,2024-M10,month,CHFL,CHFL,all,agegroup_sti,all,all,66,NA,0.76,708,0.76,NA,NA,NA,NA,NA,NA,NA,TRUE
min_value_5y,2024-M11,month,CHFL,CHFL,all,agegroup_sti,all,all,75,NA,0.83,796,0.89,NA,NA,NA,NA,NA,NA,NA,TRUE
min_value_5y,2024-M12,month,CHFL,CHFL,all,agegroup_sti,all,all,69,NA,0.79,865,0.85,NA,NA,NA,NA,NA,NA,NA,TRUE
min_value_5y,2025-M01,month,CHFL,CHFL,all,agegroup_sti,all,all,59,NA,0.67,59,0.83,NA,NA,NA,NA,NA,NA,NA,TRUE
min_value_5y,2025-M02,month,CHFL,CHFL,all,agegroup_sti,all,all,61,NA,0.69,120,0.76,NA,NA,NA,NA,NA,NA,NA,TRUE
min_value_5y,2025-M03,month,CHFL,CHFL,all,agegroup_sti,all,all,72,NA,0.8,202,0.76,NA,NA,NA,NA,NA,NA,NA,TRUE
min_value_5y,2025-M04,month,CHFL,CHFL,all,agegroup_sti,all,all,66,NA,0.72,286,0.85,NA,NA,NA,NA,NA,NA,NA,TRUE
min_value_5y,2025-M05,month,CHFL,CHFL,all,agegroup_sti,all,all,63,NA,0.72,376,0.85,NA,NA,NA,NA,NA,NA,NA,TRUE
min_value_5y,2025-M06,month,CHFL,CHFL,all,agegroup_sti,all,all,77,NA,0.84,463,0.82,NA,NA,NA,NA,NA,NA,NA,TRUE
min_value_5y,2025-M07,month,CHFL,CHFL,all,agegroup_sti,all,all,75,NA,0.82,539,0.86,NA,NA,NA,NA,NA,NA,NA,TRUE
min_value_5y,2025-M08,month,CHFL,CHFL,all,agegroup_sti,all,all,46,NA,0.52,585,0.76,NA,NA,NA,NA,NA,NA,NA,TRUE
min_value_5y,2025-M09,month,CHFL,CHFL,all,agegroup_sti,all,all,75,NA,0.85,660,0.75,NA,NA,NA,NA,NA,NA,NA,TRUE
min_value_5y,2025-M10,month,CHFL,CHFL,all,agegroup_sti,all,all,79,NA,0.9,739,0.76,NA,NA,NA,NA,NA,NA,NA,TRUE
min_value_5y,2025-M11,month,CHFL,CHFL,all,agegroup_sti,all,all,70,NA,0.77,819,0.89,NA,NA,NA,NA,NA,NA,NA,TRUE
min_value_5y,2025-M12,month,CHFL,CHFL,all,agegroup_sti,all,all,70,NA,0.77,900,0.86,NA,NA,NA,NA,NA,NA,NA,TRUE
min_value_5y,2026-M01,month,CHFL,CHFL,all,agegroup_sti,all,all,59,NA,0.65,59,0.73,NA,NA,NA,NA,NA,NA,NA,TRUE
min_value_5y,2026-M02,month,CHFL,CHFL,all,agegroup_sti,all,all,61,NA,0.69,120,0.75,NA,NA,NA,NA,NA,NA,NA,TRUE
min_value_5y,2026-M03,month,CHFL,CHFL,all,agegroup_sti,all,all,66,NA,0.72,201,0.73,NA,NA,NA,NA,NA,NA,NA,TRUE
min_value_5y,2026-M04,month,CHFL,CHFL,all,agegroup_sti,all,all,66,NA,0.72,271,0.77,NA,NA,NA,NA,NA,NA,NA,TRUE
min_value_5y,2026-M05,month,CHFL,CHFL,all,agegroup_sti,all,all,71,NA,0.78,342,0.76,NA,NA,NA,NA,NA,NA,NA,TRUE
min_value_5y,2026-M06,month,CHFL,CHFL,all,agegroup_sti,all,all,77,NA,0.84,440,0.82,NA,NA,NA,NA,NA,NA,NA,TRUE
median_value_5y,2017-M01,month,CHFL,CHFL,all,agegroup_sti,all,all,110,NA,1.32,110,1.65,NA,NA,NA,NA,NA,NA,NA,TRUE
median_value_5y,2017-M02,month,CHFL,CHFL,all,agegroup_sti,all,all,137,NA,1.64,247,1.58,NA,NA,NA,NA,NA,NA,NA,TRUE
median_value_5y,2017-M03,month,CHFL,CHFL,all,agegroup_sti,all,all,136,NA,1.64,393,1.57,NA,NA,NA,NA,NA,NA,NA,TRUE
median_value_5y,2017-M04,month,CHFL,CHFL,all,agegroup_sti,all,all,138,NA,1.63,513,1.61,NA,NA,NA,NA,NA,NA,NA,TRUE
median_value_5y,2017-M05,month,CHFL,CHFL,all,agegroup_sti,all,all,111,NA,1.36,649,1.56,NA,NA,NA,NA,NA,NA,NA,TRUE
median_value_5y,2017-M06,month,CHFL,CHFL,all,agegroup_sti,all,all,134,NA,1.64,813,1.6,NA,NA,NA,NA,NA,NA,NA,TRUE
median_value_5y,2017-M07,month,CHFL,CHFL,all,agegroup_sti,all,all,123,NA,1.44,910,1.44,NA,NA,NA,NA,NA,NA,NA,TRUE
median_value_5y,2017-M08,month,CHFL,CHFL,all,agegroup_sti,all,all,104,NA,1.23,1011,1.37,NA,NA,NA,NA,NA,NA,NA,TRUE
median_value_5y,2017-M09,month,CHFL,CHFL,all,agegroup_sti,all,all,113,NA,1.37,1138,1.3,NA,NA,NA,NA,NA,NA,NA,TRUE
median_value_5y,2017-M10,month,CHFL,CHFL,all,agegroup_sti,all,all,119,NA,1.46,1242,1.31,NA,NA,NA,NA,NA,NA,NA,TRUE
median_value_5y,2017-M11,month,CHFL,CHFL,all,agegroup_sti,all,all,138,NA,1.63,1380,1.45,NA,NA,NA,NA,NA,NA,NA,TRUE
median_value_5y,2017-M12,month,CHFL,CHFL,all,agegroup_sti,all,all,152,NA,1.86,1501,1.5,NA,NA,NA,NA,NA,NA,NA,TRUE
median_value_5y,2018-M01,month,CHFL,CHFL,all,agegroup_sti,all,all,110,NA,1.32,110,1.65,NA,NA,NA,NA,NA,NA,NA,TRUE
median_value_5y,2018-M02,month,CHFL,CHFL,all,agegroup_sti,all,all,124,NA,1.5,233,1.56,NA,NA,NA,NA,NA,NA,NA,TRUE
median_value_5y,2018-M03,month,CHFL,CHFL,all,agegroup_sti,all,all,136,NA,1.58,369,1.49,NA,NA,NA,NA,NA,NA,NA,TRUE
median_value_5y,2018-M04,month,CHFL,CHFL,all,agegroup_sti,all,all,120,NA,1.43,511,1.61,NA,NA,NA,NA,NA,NA,NA,TRUE
median_value_5y,2018-M05,month,CHFL,CHFL,all,agegroup_sti,all,all,116,NA,1.35,613,1.46,NA,NA,NA,NA,NA,NA,NA,TRUE
median_value_5y,2018-M06,month,CHFL,CHFL,all,agegroup_sti,all,all,130,NA,1.54,751,1.43,NA,NA,NA,NA,NA,NA,NA,TRUE
median_value_5y,2018-M07,month,CHFL,CHFL,all,agegroup_sti,all,all,119,NA,1.39,863,1.4,NA,NA,NA,NA,NA,NA,NA,TRUE
median_value_5y,2018-M08,month,CHFL,CHFL,all,agegroup_sti,all,all,101,NA,1.19,957,1.36,NA,NA,NA,NA,NA,NA,NA,TRUE
median_value_5y,2018-M09,month,CHFL,CHFL,all,agegroup_sti,all,all,105,NA,1.26,1062,1.28,NA,NA,NA,NA,NA,NA,NA,TRUE
median_value_5y,2018-M10,month,CHFL,CHFL,all,agegroup_sti,all,all,104,NA,1.23,1159,1.31,NA,NA,NA,NA,NA,NA,NA,TRUE
median_value_5y,2018-M11,month,CHFL,CHFL,all,agegroup_sti,all,all,131,NA,1.54,1279,1.41,NA,NA,NA,NA,NA,NA,NA,TRUE
median_value_5y,2018-M12,month,CHFL,CHFL,all,agegroup_sti,all,all,121,NA,1.43,1439,1.43,NA,NA,NA,NA,NA,NA,NA,TRUE
median_value_5y,2019-M01,month,CHFL,CHFL,all,agegroup_sti,all,all,110,NA,1.29,110,1.45,NA,NA,NA,NA,NA,NA,NA,TRUE
median_value_5y,2019-M02,month,CHFL,CHFL,all,agegroup_sti,all,all,120,NA,1.41,230,1.38,NA,NA,NA,NA,NA,NA,NA,TRUE
median_value_5y,2019-M03,month,CHFL,CHFL,all,agegroup_sti,all,all,126,NA,1.48,362,1.4,NA,NA,NA,NA,NA,NA,NA,TRUE
median_value_5y,2019-M04,month,CHFL,CHFL,all,agegroup_sti,all,all,102,NA,1.2,458,1.36,NA,NA,NA,NA,NA,NA,NA,TRUE
median_value_5y,2019-M05,month,CHFL,CHFL,all,agegroup_sti,all,all,101,NA,1.2,566,1.32,NA,NA,NA,NA,NA,NA,NA,TRUE
median_value_5y,2019-M06,month,CHFL,CHFL,all,agegroup_sti,all,all,119,NA,1.4,682,1.26,NA,NA,NA,NA,NA,NA,NA,TRUE
median_value_5y,2019-M07,month,CHFL,CHFL,all,agegroup_sti,all,all,112,NA,1.34,801,1.36,NA,NA,NA,NA,NA,NA,NA,TRUE
median_value_5y,2019-M08,month,CHFL,CHFL,all,agegroup_sti,all,all,94,NA,1.12,906,1.29,NA,NA,NA,NA,NA,NA,NA,TRUE
median_value_5y,2019-M09,month,CHFL,CHFL,all,agegroup_sti,all,all,104,NA,1.22,1010,1.24,NA,NA,NA,NA,NA,NA,NA,TRUE
median_value_5y,2019-M10,month,CHFL,CHFL,all,agegroup_sti,all,all,100,NA,1.17,1135,1.18,NA,NA,NA,NA,NA,NA,NA,TRUE
median_value_5y,2019-M11,month,CHFL,CHFL,all,agegroup_sti,all,all,120,NA,1.43,1266,1.28,NA,NA,NA,NA,NA,NA,NA,TRUE
median_value_5y,2019-M12,month,CHFL,CHFL,all,agegroup_sti,all,all,106,NA,1.24,1372,1.42,NA,NA,NA,NA,NA,NA,NA,TRUE
median_value_5y,2020-M01,month,CHFL,CHFL,all,agegroup_sti,all,all,109,NA,1.27,109,1.35,NA,NA,NA,NA,NA,NA,NA,TRUE
median_value_5y,2020-M02,month,CHFL,CHFL,all,agegroup_sti,all,all,117,NA,1.36,226,1.29,NA,NA,NA,NA,NA,NA,NA,TRUE
median_value_5y,2020-M03,month,CHFL,CHFL,all,agegroup_sti,all,all,121,NA,1.43,356,1.39,NA,NA,NA,NA,NA,NA,NA,TRUE
median_value_5y,2020-M04,month,CHFL,CHFL,all,agegroup_sti,all,all,88,NA,1.03,450,1.32,NA,NA,NA,NA,NA,NA,NA,TRUE
median_value_5y,2020-M05,month,CHFL,CHFL,all,agegroup_sti,all,all,101,NA,1.19,559,1.29,NA,NA,NA,NA,NA,NA,NA,TRUE
median_value_5y,2020-M06,month,CHFL,CHFL,all,agegroup_sti,all,all,116,NA,1.35,678,1.24,NA,NA,NA,NA,NA,NA,NA,TRUE
median_value_5y,2020-M07,month,CHFL,CHFL,all,agegroup_sti,all,all,110,NA,1.27,801,1.34,NA,NA,NA,NA,NA,NA,NA,TRUE
median_value_5y,2020-M08,month,CHFL,CHFL,all,agegroup_sti,all,all,92,NA,1.07,893,1.27,NA,NA,NA,NA,NA,NA,NA,TRUE
median_value_5y,2020-M09,month,CHFL,CHFL,all,agegroup_sti,all,all,93,NA,1.07,985,1.18,NA,NA,NA,NA,NA,NA,NA,TRUE
median_value_5y,2020-M10,month,CHFL,CHFL,all,agegroup_sti,all,all,100,NA,1.17,1085,1.1,NA,NA,NA,NA,NA,NA,NA,TRUE
median_value_5y,2020-M11,month,CHFL,CHFL,all,agegroup_sti,all,all,101,NA,1.18,1186,1.14,NA,NA,NA,NA,NA,NA,NA,TRUE
median_value_5y,2020-M12,month,CHFL,CHFL,all,agegroup_sti,all,all,84,NA,0.97,1268,1.1,NA,NA,NA,NA,NA,NA,NA,TRUE
median_value_5y,2021-M01,month,CHFL,CHFL,all,agegroup_sti,all,all,87,NA,1.01,87,1.05,NA,NA,NA,NA,NA,NA,NA,TRUE
median_value_5y,2021-M02,month,CHFL,CHFL,all,agegroup_sti,all,all,93,NA,1.07,170,0.98,NA,NA,NA,NA,NA,NA,NA,TRUE
median_value_5y,2021-M03,month,CHFL,CHFL,all,agegroup_sti,all,all,97,NA,1.12,267,1.03,NA,NA,NA,NA,NA,NA,NA,TRUE
median_value_5y,2021-M04,month,CHFL,CHFL,all,agegroup_sti,all,all,85,NA,0.98,352,1.02,NA,NA,NA,NA,NA,NA,NA,TRUE
median_value_5y,2021-M05,month,CHFL,CHFL,all,agegroup_sti,all,all,76,NA,0.88,428,0.99,NA,NA,NA,NA,NA,NA,NA,TRUE
median_value_5y,2021-M06,month,CHFL,CHFL,all,agegroup_sti,all,all,87,NA,0.99,501,0.9,NA,NA,NA,NA,NA,NA,NA,TRUE
median_value_5y,2021-M07,month,CHFL,CHFL,all,agegroup_sti,all,all,110,NA,1.27,611,1,NA,NA,NA,NA,NA,NA,NA,TRUE
median_value_5y,2021-M08,month,CHFL,CHFL,all,agegroup_sti,all,all,71,NA,0.82,677,0.96,NA,NA,NA,NA,NA,NA,NA,TRUE
median_value_5y,2021-M09,month,CHFL,CHFL,all,agegroup_sti,all,all,92,NA,1.07,760,1,NA,NA,NA,NA,NA,NA,NA,TRUE
median_value_5y,2021-M10,month,CHFL,CHFL,all,agegroup_sti,all,all,79,NA,0.9,833,0.88,NA,NA,NA,NA,NA,NA,NA,TRUE
median_value_5y,2021-M11,month,CHFL,CHFL,all,agegroup_sti,all,all,91,NA,1.05,924,0.95,NA,NA,NA,NA,NA,NA,NA,TRUE
median_value_5y,2021-M12,month,CHFL,CHFL,all,agegroup_sti,all,all,82,NA,0.96,1008,0.95,NA,NA,NA,NA,NA,NA,NA,TRUE
median_value_5y,2022-M01,month,CHFL,CHFL,all,agegroup_sti,all,all,74,NA,0.85,74,0.96,NA,NA,NA,NA,NA,NA,NA,TRUE
median_value_5y,2022-M02,month,CHFL,CHFL,all,agegroup_sti,all,all,84,NA,0.96,167,0.96,NA,NA,NA,NA,NA,NA,NA,TRUE
median_value_5y,2022-M03,month,CHFL,CHFL,all,agegroup_sti,all,all,82,NA,0.93,233,0.89,NA,NA,NA,NA,NA,NA,NA,TRUE
median_value_5y,2022-M04,month,CHFL,CHFL,all,agegroup_sti,all,all,84,NA,0.95,313,0.93,NA,NA,NA,NA,NA,NA,NA,TRUE
median_value_5y,2022-M05,month,CHFL,CHFL,all,agegroup_sti,all,all,76,NA,0.88,394,0.99,NA,NA,NA,NA,NA,NA,NA,TRUE
median_value_5y,2022-M06,month,CHFL,CHFL,all,agegroup_sti,all,all,85,NA,0.96,479,0.9,NA,NA,NA,NA,NA,NA,NA,TRUE
median_value_5y,2022-M07,month,CHFL,CHFL,all,agegroup_sti,all,all,83,NA,0.95,561,1,NA,NA,NA,NA,NA,NA,NA,TRUE
median_value_5y,2022-M08,month,CHFL,CHFL,all,agegroup_sti,all,all,71,NA,0.82,651,0.96,NA,NA,NA,NA,NA,NA,NA,TRUE
median_value_5y,2022-M09,month,CHFL,CHFL,all,agegroup_sti,all,all,92,NA,1.07,757,1,NA,NA,NA,NA,NA,NA,NA,TRUE
median_value_5y,2022-M10,month,CHFL,CHFL,all,agegroup_sti,all,all,79,NA,0.9,833,0.88,NA,NA,NA,NA,NA,NA,NA,TRUE
median_value_5y,2022-M11,month,CHFL,CHFL,all,agegroup_sti,all,all,88,NA,1.01,924,0.95,NA,NA,NA,NA,NA,NA,NA,TRUE
median_value_5y,2022-M12,month,CHFL,CHFL,all,agegroup_sti,all,all,82,NA,0.96,1008,0.95,NA,NA,NA,NA,NA,NA,NA,TRUE
median_value_5y,2023-M01,month,CHFL,CHFL,all,agegroup_sti,all,all,74,NA,0.84,74,0.95,NA,NA,NA,NA,NA,NA,NA,TRUE
median_value_5y,2023-M02,month,CHFL,CHFL,all,agegroup_sti,all,all,84,NA,0.96,165,0.95,NA,NA,NA,NA,NA,NA,NA,TRUE
median_value_5y,2023-M03,month,CHFL,CHFL,all,agegroup_sti,all,all,80,NA,0.91,233,0.88,NA,NA,NA,NA,NA,NA,NA,TRUE
median_value_5y,2023-M04,month,CHFL,CHFL,all,agegroup_sti,all,all,81,NA,0.92,313,0.89,NA,NA,NA,NA,NA,NA,NA,TRUE
median_value_5y,2023-M05,month,CHFL,CHFL,all,agegroup_sti,all,all,76,NA,0.88,394,0.95,NA,NA,NA,NA,NA,NA,NA,TRUE
median_value_5y,2023-M06,month,CHFL,CHFL,all,agegroup_sti,all,all,85,NA,0.96,479,0.9,NA,NA,NA,NA,NA,NA,NA,TRUE
median_value_5y,2023-M07,month,CHFL,CHFL,all,agegroup_sti,all,all,83,NA,0.95,561,1,NA,NA,NA,NA,NA,NA,NA,TRUE
median_value_5y,2023-M08,month,CHFL,CHFL,all,agegroup_sti,all,all,67,NA,0.76,651,0.96,NA,NA,NA,NA,NA,NA,NA,TRUE
median_value_5y,2023-M09,month,CHFL,CHFL,all,agegroup_sti,all,all,89,NA,0.99,757,0.95,NA,NA,NA,NA,NA,NA,NA,TRUE
median_value_5y,2023-M10,month,CHFL,CHFL,all,agegroup_sti,all,all,79,NA,0.9,833,0.88,NA,NA,NA,NA,NA,NA,NA,TRUE
median_value_5y,2023-M11,month,CHFL,CHFL,all,agegroup_sti,all,all,88,NA,0.99,924,0.95,NA,NA,NA,NA,NA,NA,NA,TRUE
median_value_5y,2023-M12,month,CHFL,CHFL,all,agegroup_sti,all,all,84,NA,0.96,1008,0.95,NA,NA,NA,NA,NA,NA,NA,TRUE
median_value_5y,2024-M01,month,CHFL,CHFL,all,agegroup_sti,all,all,74,NA,0.84,74,0.95,NA,NA,NA,NA,NA,NA,NA,TRUE
median_value_5y,2024-M02,month,CHFL,CHFL,all,agegroup_sti,all,all,84,NA,0.96,165,0.95,NA,NA,NA,NA,NA,NA,NA,TRUE
median_value_5y,2024-M03,month,CHFL,CHFL,all,agegroup_sti,all,all,80,NA,0.91,233,0.88,NA,NA,NA,NA,NA,NA,NA,TRUE
median_value_5y,2024-M04,month,CHFL,CHFL,all,agegroup_sti,all,all,81,NA,0.92,313,0.89,NA,NA,NA,NA,NA,NA,NA,TRUE
median_value_5y,2024-M05,month,CHFL,CHFL,all,agegroup_sti,all,all,84,NA,0.92,394,0.95,NA,NA,NA,NA,NA,NA,NA,TRUE
median_value_5y,2024-M06,month,CHFL,CHFL,all,agegroup_sti,all,all,85,NA,0.96,479,0.94,NA,NA,NA,NA,NA,NA,NA,TRUE
median_value_5y,2024-M07,month,CHFL,CHFL,all,agegroup_sti,all,all,82,NA,0.93,561,0.87,NA,NA,NA,NA,NA,NA,NA,TRUE
median_value_5y,2024-M08,month,CHFL,CHFL,all,agegroup_sti,all,all,71,NA,0.82,651,0.87,NA,NA,NA,NA,NA,NA,NA,TRUE
median_value_5y,2024-M09,month,CHFL,CHFL,all,agegroup_sti,all,all,93,NA,1.07,757,0.95,NA,NA,NA,NA,NA,NA,NA,TRUE
median_value_5y,2024-M10,month,CHFL,CHFL,all,agegroup_sti,all,all,88,NA,0.97,848,0.93,NA,NA,NA,NA,NA,NA,NA,TRUE
median_value_5y,2024-M11,month,CHFL,CHFL,all,agegroup_sti,all,all,84,NA,0.92,936,0.96,NA,NA,NA,NA,NA,NA,NA,TRUE
median_value_5y,2024-M12,month,CHFL,CHFL,all,agegroup_sti,all,all,86,NA,0.96,1027,0.95,NA,NA,NA,NA,NA,NA,NA,TRUE
median_value_5y,2025-M01,month,CHFL,CHFL,all,agegroup_sti,all,all,76,NA,0.84,76,0.95,NA,NA,NA,NA,NA,NA,NA,TRUE
median_value_5y,2025-M02,month,CHFL,CHFL,all,agegroup_sti,all,all,82,NA,0.9,165,0.95,NA,NA,NA,NA,NA,NA,NA,TRUE
median_value_5y,2025-M03,month,CHFL,CHFL,all,agegroup_sti,all,all,82,NA,0.93,237,0.88,NA,NA,NA,NA,NA,NA,NA,TRUE
median_value_5y,2025-M04,month,CHFL,CHFL,all,agegroup_sti,all,all,81,NA,0.92,317,0.89,NA,NA,NA,NA,NA,NA,NA,TRUE
median_value_5y,2025-M05,month,CHFL,CHFL,all,agegroup_sti,all,all,84,NA,0.92,400,0.95,NA,NA,NA,NA,NA,NA,NA,TRUE
median_value_5y,2025-M06,month,CHFL,CHFL,all,agegroup_sti,all,all,85,NA,0.96,479,0.94,NA,NA,NA,NA,NA,NA,NA,TRUE
median_value_5y,2025-M07,month,CHFL,CHFL,all,agegroup_sti,all,all,77,NA,0.87,561,0.87,NA,NA,NA,NA,NA,NA,NA,TRUE
median_value_5y,2025-M08,month,CHFL,CHFL,all,agegroup_sti,all,all,67,NA,0.74,651,0.87,NA,NA,NA,NA,NA,NA,NA,TRUE
median_value_5y,2025-M09,month,CHFL,CHFL,all,agegroup_sti,all,all,89,NA,0.99,757,0.92,NA,NA,NA,NA,NA,NA,NA,TRUE
median_value_5y,2025-M10,month,CHFL,CHFL,all,agegroup_sti,all,all,91,NA,1.03,848,0.93,NA,NA,NA,NA,NA,NA,NA,TRUE
median_value_5y,2025-M11,month,CHFL,CHFL,all,agegroup_sti,all,all,80,NA,0.91,936,0.96,NA,NA,NA,NA,NA,NA,NA,TRUE
median_value_5y,2025-M12,month,CHFL,CHFL,all,agegroup_sti,all,all,86,NA,0.96,1027,0.95,NA,NA,NA,NA,NA,NA,NA,TRUE
median_value_5y,2026-M01,month,CHFL,CHFL,all,agegroup_sti,all,all,76,NA,0.84,76,0.95,NA,NA,NA,NA,NA,NA,NA,TRUE
median_value_5y,2026-M02,month,CHFL,CHFL,all,agegroup_sti,all,all,77,NA,0.85,165,0.95,NA,NA,NA,NA,NA,NA,NA,TRUE
median_value_5y,2026-M03,month,CHFL,CHFL,all,agegroup_sti,all,all,82,NA,0.93,237,0.88,NA,NA,NA,NA,NA,NA,NA,TRUE
median_value_5y,2026-M04,month,CHFL,CHFL,all,agegroup_sti,all,all,80,NA,0.89,317,0.86,NA,NA,NA,NA,NA,NA,NA,TRUE
median_value_5y,2026-M05,month,CHFL,CHFL,all,agegroup_sti,all,all,84,NA,0.92,400,0.95,NA,NA,NA,NA,NA,NA,NA,TRUE
median_value_5y,2026-M06,month,CHFL,CHFL,all,agegroup_sti,all,all,85,NA,0.96,479,0.94,NA,NA,NA,NA,NA,NA,NA,TRUE
max_value_5y,2017-M01,month,CHFL,CHFL,all,agegroup_sti,all,all,137,NA,1.62,137,1.68,NA,NA,NA,NA,NA,NA,NA,TRUE
max_value_5y,2017-M02,month,CHFL,CHFL,all,agegroup_sti,all,all,174,NA,2.13,287,1.77,NA,NA,NA,NA,NA,NA,NA,TRUE
max_value_5y,2017-M03,month,CHFL,CHFL,all,agegroup_sti,all,all,152,NA,1.86,422,1.72,NA,NA,NA,NA,NA,NA,NA,TRUE
max_value_5y,2017-M04,month,CHFL,CHFL,all,agegroup_sti,all,all,156,NA,1.91,578,1.97,NA,NA,NA,NA,NA,NA,NA,TRUE
max_value_5y,2017-M05,month,CHFL,CHFL,all,agegroup_sti,all,all,138,NA,1.67,689,1.71,NA,NA,NA,NA,NA,NA,NA,TRUE
max_value_5y,2017-M06,month,CHFL,CHFL,all,agegroup_sti,all,all,167,NA,2.02,823,1.8,NA,NA,NA,NA,NA,NA,NA,TRUE
max_value_5y,2017-M07,month,CHFL,CHFL,all,agegroup_sti,all,all,219,NA,2.68,1042,1.89,NA,NA,NA,NA,NA,NA,NA,TRUE
max_value_5y,2017-M08,month,CHFL,CHFL,all,agegroup_sti,all,all,109,NA,1.32,1146,1.86,NA,NA,NA,NA,NA,NA,NA,TRUE
max_value_5y,2017-M09,month,CHFL,CHFL,all,agegroup_sti,all,all,151,NA,1.85,1297,1.93,NA,NA,NA,NA,NA,NA,NA,TRUE
max_value_5y,2017-M10,month,CHFL,CHFL,all,agegroup_sti,all,all,169,NA,2.04,1416,1.58,NA,NA,NA,NA,NA,NA,NA,TRUE
max_value_5y,2017-M11,month,CHFL,CHFL,all,agegroup_sti,all,all,153,NA,1.87,1569,1.73,NA,NA,NA,NA,NA,NA,NA,TRUE
max_value_5y,2017-M12,month,CHFL,CHFL,all,agegroup_sti,all,all,160,NA,1.91,1721,1.89,NA,NA,NA,NA,NA,NA,NA,TRUE
max_value_5y,2018-M01,month,CHFL,CHFL,all,agegroup_sti,all,all,137,NA,1.62,137,1.68,NA,NA,NA,NA,NA,NA,NA,TRUE
max_value_5y,2018-M02,month,CHFL,CHFL,all,agegroup_sti,all,all,150,NA,1.77,287,1.77,NA,NA,NA,NA,NA,NA,NA,TRUE
max_value_5y,2018-M03,month,CHFL,CHFL,all,agegroup_sti,all,all,146,NA,1.75,408,1.61,NA,NA,NA,NA,NA,NA,NA,TRUE
max_value_5y,2018-M04,month,CHFL,CHFL,all,agegroup_sti,all,all,142,NA,1.72,546,1.62,NA,NA,NA,NA,NA,NA,NA,TRUE
max_value_5y,2018-M05,month,CHFL,CHFL,all,agegroup_sti,all,all,138,NA,1.67,683,1.68,NA,NA,NA,NA,NA,NA,NA,TRUE
max_value_5y,2018-M06,month,CHFL,CHFL,all,agegroup_sti,all,all,167,NA,2.02,816,1.8,NA,NA,NA,NA,NA,NA,NA,TRUE
max_value_5y,2018-M07,month,CHFL,CHFL,all,agegroup_sti,all,all,146,NA,1.76,962,1.82,NA,NA,NA,NA,NA,NA,NA,TRUE
max_value_5y,2018-M08,month,CHFL,CHFL,all,agegroup_sti,all,all,109,NA,1.32,1071,1.7,NA,NA,NA,NA,NA,NA,NA,TRUE
max_value_5y,2018-M09,month,CHFL,CHFL,all,agegroup_sti,all,all,127,NA,1.5,1184,1.48,NA,NA,NA,NA,NA,NA,NA,TRUE
max_value_5y,2018-M10,month,CHFL,CHFL,all,agegroup_sti,all,all,169,NA,2.04,1353,1.58,NA,NA,NA,NA,NA,NA,NA,TRUE
max_value_5y,2018-M11,month,CHFL,CHFL,all,agegroup_sti,all,all,146,NA,1.76,1499,1.72,NA,NA,NA,NA,NA,NA,NA,TRUE
max_value_5y,2018-M12,month,CHFL,CHFL,all,agegroup_sti,all,all,160,NA,1.91,1653,1.89,NA,NA,NA,NA,NA,NA,NA,TRUE
max_value_5y,2019-M01,month,CHFL,CHFL,all,agegroup_sti,all,all,137,NA,1.62,137,1.65,NA,NA,NA,NA,NA,NA,NA,TRUE
max_value_5y,2019-M02,month,CHFL,CHFL,all,agegroup_sti,all,all,150,NA,1.77,287,1.77,NA,NA,NA,NA,NA,NA,NA,TRUE
max_value_5y,2019-M03,month,CHFL,CHFL,all,agegroup_sti,all,all,146,NA,1.75,408,1.61,NA,NA,NA,NA,NA,NA,NA,TRUE
max_value_5y,2019-M04,month,CHFL,CHFL,all,agegroup_sti,all,all,138,NA,1.63,546,1.61,NA,NA,NA,NA,NA,NA,NA,TRUE
max_value_5y,2019-M05,month,CHFL,CHFL,all,agegroup_sti,all,all,137,NA,1.62,683,1.56,NA,NA,NA,NA,NA,NA,NA,TRUE
max_value_5y,2019-M06,month,CHFL,CHFL,all,agegroup_sti,all,all,138,NA,1.65,813,1.6,NA,NA,NA,NA,NA,NA,NA,TRUE
max_value_5y,2019-M07,month,CHFL,CHFL,all,agegroup_sti,all,all,123,NA,1.44,910,1.44,NA,NA,NA,NA,NA,NA,NA,TRUE
max_value_5y,2019-M08,month,CHFL,CHFL,all,agegroup_sti,all,all,105,NA,1.23,1011,1.37,NA,NA,NA,NA,NA,NA,NA,TRUE
max_value_5y,2019-M09,month,CHFL,CHFL,all,agegroup_sti,all,all,127,NA,1.5,1138,1.3,NA,NA,NA,NA,NA,NA,NA,TRUE
max_value_5y,2019-M10,month,CHFL,CHFL,all,agegroup_sti,all,all,125,NA,1.47,1242,1.31,NA,NA,NA,NA,NA,NA,NA,TRUE
max_value_5y,2019-M11,month,CHFL,CHFL,all,agegroup_sti,all,all,138,NA,1.63,1380,1.45,NA,NA,NA,NA,NA,NA,NA,TRUE
max_value_5y,2019-M12,month,CHFL,CHFL,all,agegroup_sti,all,all,160,NA,1.91,1501,1.5,NA,NA,NA,NA,NA,NA,NA,TRUE
max_value_5y,2020-M01,month,CHFL,CHFL,all,agegroup_sti,all,all,137,NA,1.62,137,1.65,NA,NA,NA,NA,NA,NA,NA,TRUE
max_value_5y,2020-M02,month,CHFL,CHFL,all,agegroup_sti,all,all,150,NA,1.77,287,1.77,NA,NA,NA,NA,NA,NA,NA,TRUE
max_value_5y,2020-M03,month,CHFL,CHFL,all,agegroup_sti,all,all,136,NA,1.58,408,1.61,NA,NA,NA,NA,NA,NA,NA,TRUE
max_value_5y,2020-M04,month,CHFL,CHFL,all,agegroup_sti,all,all,138,NA,1.63,546,1.61,NA,NA,NA,NA,NA,NA,NA,TRUE
max_value_5y,2020-M05,month,CHFL,CHFL,all,agegroup_sti,all,all,137,NA,1.62,683,1.56,NA,NA,NA,NA,NA,NA,NA,TRUE
max_value_5y,2020-M06,month,CHFL,CHFL,all,agegroup_sti,all,all,130,NA,1.54,813,1.6,NA,NA,NA,NA,NA,NA,NA,TRUE
max_value_5y,2020-M07,month,CHFL,CHFL,all,agegroup_sti,all,all,123,NA,1.44,910,1.44,NA,NA,NA,NA,NA,NA,NA,TRUE
max_value_5y,2020-M08,month,CHFL,CHFL,all,agegroup_sti,all,all,105,NA,1.23,1011,1.36,NA,NA,NA,NA,NA,NA,NA,TRUE
max_value_5y,2020-M09,month,CHFL,CHFL,all,agegroup_sti,all,all,127,NA,1.5,1138,1.3,NA,NA,NA,NA,NA,NA,NA,TRUE
max_value_5y,2020-M10,month,CHFL,CHFL,all,agegroup_sti,all,all,125,NA,1.47,1242,1.31,NA,NA,NA,NA,NA,NA,NA,TRUE
max_value_5y,2020-M11,month,CHFL,CHFL,all,agegroup_sti,all,all,138,NA,1.63,1380,1.45,NA,NA,NA,NA,NA,NA,NA,TRUE
max_value_5y,2020-M12,month,CHFL,CHFL,all,agegroup_sti,all,all,121,NA,1.43,1501,1.43,NA,NA,NA,NA,NA,NA,NA,TRUE
max_value_5y,2021-M01,month,CHFL,CHFL,all,agegroup_sti,all,all,110,NA,1.29,110,1.45,NA,NA,NA,NA,NA,NA,NA,TRUE
max_value_5y,2021-M02,month,CHFL,CHFL,all,agegroup_sti,all,all,120,NA,1.41,230,1.38,NA,NA,NA,NA,NA,NA,NA,TRUE
max_value_5y,2021-M03,month,CHFL,CHFL,all,agegroup_sti,all,all,136,NA,1.58,362,1.4,NA,NA,NA,NA,NA,NA,NA,TRUE
max_value_5y,2021-M04,month,CHFL,CHFL,all,agegroup_sti,all,all,102,NA,1.2,458,1.36,NA,NA,NA,NA,NA,NA,NA,TRUE
max_value_5y,2021-M05,month,CHFL,CHFL,all,agegroup_sti,all,all,116,NA,1.35,566,1.32,NA,NA,NA,NA,NA,NA,NA,TRUE
max_value_5y,2021-M06,month,CHFL,CHFL,all,agegroup_sti,all,all,119,NA,1.4,682,1.26,NA,NA,NA,NA,NA,NA,NA,TRUE
max_value_5y,2021-M07,month,CHFL,CHFL,all,agegroup_sti,all,all,123,NA,1.44,801,1.36,NA,NA,NA,NA,NA,NA,NA,TRUE
max_value_5y,2021-M08,month,CHFL,CHFL,all,agegroup_sti,all,all,105,NA,1.23,906,1.36,NA,NA,NA,NA,NA,NA,NA,TRUE
max_value_5y,2021-M09,month,CHFL,CHFL,all,agegroup_sti,all,all,104,NA,1.22,1010,1.3,NA,NA,NA,NA,NA,NA,NA,TRUE
max_value_5y,2021-M10,month,CHFL,CHFL,all,agegroup_sti,all,all,125,NA,1.47,1135,1.31,NA,NA,NA,NA,NA,NA,NA,TRUE
max_value_5y,2021-M11,month,CHFL,CHFL,all,agegroup_sti,all,all,131,NA,1.54,1266,1.41,NA,NA,NA,NA,NA,NA,NA,TRUE
max_value_5y,2021-M12,month,CHFL,CHFL,all,agegroup_sti,all,all,106,NA,1.24,1372,1.42,NA,NA,NA,NA,NA,NA,NA,TRUE
max_value_5y,2022-M01,month,CHFL,CHFL,all,agegroup_sti,all,all,109,NA,1.27,109,1.35,NA,NA,NA,NA,NA,NA,NA,TRUE
max_value_5y,2022-M02,month,CHFL,CHFL,all,agegroup_sti,all,all,117,NA,1.36,226,1.29,NA,NA,NA,NA,NA,NA,NA,TRUE
max_value_5y,2022-M03,month,CHFL,CHFL,all,agegroup_sti,all,all,136,NA,1.58,362,1.4,NA,NA,NA,NA,NA,NA,NA,TRUE
max_value_5y,2022-M04,month,CHFL,CHFL,all,agegroup_sti,all,all,88,NA,1.03,450,1.32,NA,NA,NA,NA,NA,NA,NA,TRUE
max_value_5y,2022-M05,month,CHFL,CHFL,all,agegroup_sti,all,all,116,NA,1.35,566,1.32,NA,NA,NA,NA,NA,NA,NA,TRUE
max_value_5y,2022-M06,month,CHFL,CHFL,all,agegroup_sti,all,all,116,NA,1.35,682,1.24,NA,NA,NA,NA,NA,NA,NA,TRUE
max_value_5y,2022-M07,month,CHFL,CHFL,all,agegroup_sti,all,all,119,NA,1.39,801,1.36,NA,NA,NA,NA,NA,NA,NA,TRUE
max_value_5y,2022-M08,month,CHFL,CHFL,all,agegroup_sti,all,all,92,NA,1.07,893,1.27,NA,NA,NA,NA,NA,NA,NA,TRUE
max_value_5y,2022-M09,month,CHFL,CHFL,all,agegroup_sti,all,all,106,NA,1.2,985,1.18,NA,NA,NA,NA,NA,NA,NA,TRUE
max_value_5y,2022-M10,month,CHFL,CHFL,all,agegroup_sti,all,all,100,NA,1.17,1085,1.1,NA,NA,NA,NA,NA,NA,NA,TRUE
max_value_5y,2022-M11,month,CHFL,CHFL,all,agegroup_sti,all,all,101,NA,1.18,1186,1.14,NA,NA,NA,NA,NA,NA,NA,TRUE
max_value_5y,2022-M12,month,CHFL,CHFL,all,agegroup_sti,all,all,91,NA,1.03,1268,1.1,NA,NA,NA,NA,NA,NA,NA,TRUE
max_value_5y,2023-M01,month,CHFL,CHFL,all,agegroup_sti,all,all,87,NA,1.01,87,1.05,NA,NA,NA,NA,NA,NA,NA,TRUE
max_value_5y,2023-M02,month,CHFL,CHFL,all,agegroup_sti,all,all,93,NA,1.07,170,0.98,NA,NA,NA,NA,NA,NA,NA,TRUE
max_value_5y,2023-M03,month,CHFL,CHFL,all,agegroup_sti,all,all,97,NA,1.12,267,1.03,NA,NA,NA,NA,NA,NA,NA,TRUE
max_value_5y,2023-M04,month,CHFL,CHFL,all,agegroup_sti,all,all,85,NA,0.98,352,1.02,NA,NA,NA,NA,NA,NA,NA,TRUE
max_value_5y,2023-M05,month,CHFL,CHFL,all,agegroup_sti,all,all,108,NA,1.22,428,1.03,NA,NA,NA,NA,NA,NA,NA,TRUE
max_value_5y,2023-M06,month,CHFL,CHFL,all,agegroup_sti,all,all,111,NA,1.23,533,1.1,NA,NA,NA,NA,NA,NA,NA,TRUE
max_value_5y,2023-M07,month,CHFL,CHFL,all,agegroup_sti,all,all,110,NA,1.27,627,1.15,NA,NA,NA,NA,NA,NA,NA,TRUE
max_value_5y,2023-M08,month,CHFL,CHFL,all,agegroup_sti,all,all,90,NA,1.02,694,1,NA,NA,NA,NA,NA,NA,NA,TRUE
max_value_5y,2023-M09,month,CHFL,CHFL,all,agegroup_sti,all,all,106,NA,1.2,783,1.05,NA,NA,NA,NA,NA,NA,NA,TRUE
max_value_5y,2023-M10,month,CHFL,CHFL,all,agegroup_sti,all,all,96,NA,1.07,879,1.08,NA,NA,NA,NA,NA,NA,NA,TRUE
max_value_5y,2023-M11,month,CHFL,CHFL,all,agegroup_sti,all,all,91,NA,1.05,954,1.07,NA,NA,NA,NA,NA,NA,NA,TRUE
max_value_5y,2023-M12,month,CHFL,CHFL,all,agegroup_sti,all,all,91,NA,1.03,1040,1.02,NA,NA,NA,NA,NA,NA,NA,TRUE
max_value_5y,2024-M01,month,CHFL,CHFL,all,agegroup_sti,all,all,101,NA,1.11,101,0.97,NA,NA,NA,NA,NA,NA,NA,TRUE
max_value_5y,2024-M02,month,CHFL,CHFL,all,agegroup_sti,all,all,93,NA,1.07,178,0.97,NA,NA,NA,NA,NA,NA,NA,TRUE
max_value_5y,2024-M03,month,CHFL,CHFL,all,agegroup_sti,all,all,85,NA,0.93,263,0.96,NA,NA,NA,NA,NA,NA,NA,TRUE
max_value_5y,2024-M04,month,CHFL,CHFL,all,agegroup_sti,all,all,95,NA,1.04,358,0.94,NA,NA,NA,NA,NA,NA,NA,TRUE
max_value_5y,2024-M05,month,CHFL,CHFL,all,agegroup_sti,all,all,108,NA,1.22,442,1.03,NA,NA,NA,NA,NA,NA,NA,TRUE
max_value_5y,2024-M06,month,CHFL,CHFL,all,agegroup_sti,all,all,111,NA,1.23,533,1.1,NA,NA,NA,NA,NA,NA,NA,TRUE
max_value_5y,2024-M07,month,CHFL,CHFL,all,agegroup_sti,all,all,94,NA,1.04,627,1.15,NA,NA,NA,NA,NA,NA,NA,TRUE
max_value_5y,2024-M08,month,CHFL,CHFL,all,agegroup_sti,all,all,90,NA,1.02,694,1,NA,NA,NA,NA,NA,NA,NA,TRUE
max_value_5y,2024-M09,month,CHFL,CHFL,all,agegroup_sti,all,all,106,NA,1.2,783,1.05,NA,NA,NA,NA,NA,NA,NA,TRUE
max_value_5y,2024-M10,month,CHFL,CHFL,all,agegroup_sti,all,all,96,NA,1.07,879,1.08,NA,NA,NA,NA,NA,NA,NA,TRUE
max_value_5y,2024-M11,month,CHFL,CHFL,all,agegroup_sti,all,all,88,NA,1.01,954,1.07,NA,NA,NA,NA,NA,NA,NA,TRUE
max_value_5y,2024-M12,month,CHFL,CHFL,all,agegroup_sti,all,all,96,NA,1.06,1048,1.02,NA,NA,NA,NA,NA,NA,NA,TRUE
max_value_5y,2025-M01,month,CHFL,CHFL,all,agegroup_sti,all,all,101,NA,1.11,101,0.97,NA,NA,NA,NA,NA,NA,NA,TRUE
max_value_5y,2025-M02,month,CHFL,CHFL,all,agegroup_sti,all,all,89,NA,0.99,178,0.97,NA,NA,NA,NA,NA,NA,NA,TRUE
max_value_5y,2025-M03,month,CHFL,CHFL,all,agegroup_sti,all,all,86,NA,0.94,263,0.96,NA,NA,NA,NA,NA,NA,NA,TRUE
max_value_5y,2025-M04,month,CHFL,CHFL,all,agegroup_sti,all,all,95,NA,1.04,358,0.94,NA,NA,NA,NA,NA,NA,NA,TRUE
max_value_5y,2025-M05,month,CHFL,CHFL,all,agegroup_sti,all,all,108,NA,1.22,442,1.03,NA,NA,NA,NA,NA,NA,NA,TRUE
max_value_5y,2025-M06,month,CHFL,CHFL,all,agegroup_sti,all,all,111,NA,1.23,533,1.1,NA,NA,NA,NA,NA,NA,NA,TRUE
max_value_5y,2025-M07,month,CHFL,CHFL,all,agegroup_sti,all,all,94,NA,1.04,627,1.15,NA,NA,NA,NA,NA,NA,NA,TRUE
max_value_5y,2025-M08,month,CHFL,CHFL,all,agegroup_sti,all,all,90,NA,1.02,694,1,NA,NA,NA,NA,NA,NA,NA,TRUE
max_value_5y,2025-M09,month,CHFL,CHFL,all,agegroup_sti,all,all,106,NA,1.2,783,1.05,NA,NA,NA,NA,NA,NA,NA,TRUE
max_value_5y,2025-M10,month,CHFL,CHFL,all,agegroup_sti,all,all,96,NA,1.07,879,1.08,NA,NA,NA,NA,NA,NA,NA,TRUE
max_value_5y,2025-M11,month,CHFL,CHFL,all,agegroup_sti,all,all,88,NA,0.99,954,1.07,NA,NA,NA,NA,NA,NA,NA,TRUE
max_value_5y,2025-M12,month,CHFL,CHFL,all,agegroup_sti,all,all,96,NA,1.06,1048,1.02,NA,NA,NA,NA,NA,NA,NA,TRUE
max_value_5y,2026-M01,month,CHFL,CHFL,all,agegroup_sti,all,all,101,NA,1.11,101,0.97,NA,NA,NA,NA,NA,NA,NA,TRUE
max_value_5y,2026-M02,month,CHFL,CHFL,all,agegroup_sti,all,all,89,NA,0.99,178,0.97,NA,NA,NA,NA,NA,NA,NA,TRUE
max_value_5y,2026-M03,month,CHFL,CHFL,all,agegroup_sti,all,all,86,NA,0.94,263,0.96,NA,NA,NA,NA,NA,NA,NA,TRUE
max_value_5y,2026-M04,month,CHFL,CHFL,all,agegroup_sti,all,all,95,NA,1.04,358,0.94,NA,NA,NA,NA,NA,NA,NA,TRUE
max_value_5y,2026-M05,month,CHFL,CHFL,all,agegroup_sti,all,all,108,NA,1.22,442,1.03,NA,NA,NA,NA,NA,NA,NA,TRUE
max_value_5y,2026-M06,month,CHFL,CHFL,all,agegroup_sti,all,all,111,NA,1.23,533,1.1,NA,NA,NA,NA,NA,NA,NA,TRUE
cases,2013,year,CH,country,all,agegroup_sti,all,all,1715,8139631,21.07,NA,NA,NA,NA,99.7,NA,NA,NA,NA,TRUE
cases,2013,year,CHFL,CHFL,all,agegroup_sti,all,all,1721,8176760,21.05,NA,NA,NA,NA,100,NA,NA,NA,NA,TRUE
cases,2013,year,FL,country,all,agegroup_sti,all,all,6,37129,16.16,NA,NA,NA,NA,0.3,NA,NA,NA,NA,TRUE
cases,2013,year,espace_mittelland,grossregion,all,agegroup_sti,all,all,359,1808480,19.85,NA,NA,NA,NA,20.9,NA,NA,NA,NA,TRUE
cases,2013,year,nordwestschweiz,grossregion,all,agegroup_sti,all,all,174,1104353,15.76,NA,NA,NA,NA,10.1,NA,NA,NA,NA,TRUE
cases,2013,year,ostschweiz,grossregion,all,agegroup_sti,all,all,187,1134781,16.48,NA,NA,NA,NA,10.9,NA,NA,NA,NA,TRUE
cases,2013,year,région_lémanique,grossregion,all,agegroup_sti,all,all,473,1545817,30.6,NA,NA,NA,NA,27.6,NA,NA,NA,NA,TRUE
cases,2013,year,ticino,grossregion,all,agegroup_sti,all,all,146,346539,42.13,NA,NA,NA,NA,8.5,NA,NA,NA,NA,TRUE
cases,2013,year,zentralschweiz,grossregion,all,agegroup_sti,all,all,110,774123,14.21,NA,NA,NA,NA,6.4,NA,NA,NA,NA,TRUE
cases,2013,year,zürich,grossregion,all,agegroup_sti,all,all,266,1425538,18.66,NA,NA,NA,NA,15.5,NA,NA,NA,NA,TRUE
cases,2014,year,CH,country,all,agegroup_sti,all,all,1649,8237666,20.02,NA,NA,NA,NA,99.8,NA,NA,NA,NA,TRUE
cases,2014,year,CHFL,CHFL,all,agegroup_sti,all,all,1653,8275032,19.98,NA,NA,NA,NA,100,-68,-1.07,-5.1,NA,TRUE
cases,2014,year,FL,country,all,agegroup_sti,all,all,4,37366,10.7,NA,NA,NA,NA,0.2,NA,NA,NA,NA,TRUE
cases,2014,year,espace_mittelland,grossregion,all,agegroup_sti,all,all,299,1826251,16.37,NA,NA,NA,NA,18.1,NA,NA,NA,NA,TRUE
cases,2014,year,nordwestschweiz,grossregion,all,agegroup_sti,all,all,173,1117158,15.49,NA,NA,NA,NA,10.5,NA,NA,NA,NA,TRUE
cases,2014,year,ostschweiz,grossregion,all,agegroup_sti,all,all,196,1144572,17.12,NA,NA,NA,NA,11.9,NA,NA,NA,NA,TRUE
cases,2014,year,région_lémanique,grossregion,all,agegroup_sti,all,all,390,1570594,24.83,NA,NA,NA,NA,23.7,NA,NA,NA,NA,TRUE
cases,2014,year,ticino,grossregion,all,agegroup_sti,all,all,182,350363,51.95,NA,NA,NA,NA,11,NA,NA,NA,NA,TRUE
cases,2014,year,unknown,grossregion,all,agegroup_sti,all,all,3,NA,NA,NA,NA,NA,NA,0.2,NA,NA,NA,NA,TRUE
cases,2014,year,zentralschweiz,grossregion,all,agegroup_sti,all,all,125,782374,15.98,NA,NA,NA,NA,7.6,NA,NA,NA,NA,TRUE
cases,2014,year,zürich,grossregion,all,agegroup_sti,all,all,281,1446354,19.43,NA,NA,NA,NA,17,NA,NA,NA,NA,TRUE
cases,2015,year,CH,country,all,agegroup_sti,all,all,1436,8327126,17.24,NA,NA,1600,NA,99.8,NA,NA,NA,NA,TRUE
cases,2015,year,CHFL,CHFL,all,agegroup_sti,all,all,1439,8364748,17.2,NA,NA,1604.3,NA,100,-214,-2.78,-13.9,NA,TRUE
cases,2015,year,FL,country,all,agegroup_sti,all,all,3,37622,7.97,NA,NA,4.3,NA,0.2,NA,NA,NA,NA,TRUE
cases,2015,year,espace_mittelland,grossregion,all,agegroup_sti,all,all,259,1842251,14.06,NA,NA,305.7,NA,18,NA,NA,NA,NA,TRUE
cases,2015,year,nordwestschweiz,grossregion,all,agegroup_sti,all,all,163,1128723,14.44,NA,NA,170,NA,11.4,NA,NA,NA,NA,TRUE
cases,2015,year,ostschweiz,grossregion,all,agegroup_sti,all,all,183,1153485,15.86,NA,NA,188.7,NA,12.7,NA,NA,NA,NA,TRUE
cases,2015,year,région_lémanique,grossregion,all,agegroup_sti,all,all,344,1593839,21.58,NA,NA,402.3,NA,24,NA,NA,NA,NA,TRUE
cases,2015,year,ticino,grossregion,all,agegroup_sti,all,all,154,351946,43.76,NA,NA,160.7,NA,10.7,NA,NA,NA,NA,TRUE
cases,2015,year,zentralschweiz,grossregion,all,agegroup_sti,all,all,99,790458,12.52,NA,NA,111.3,NA,6.9,NA,NA,NA,NA,TRUE
cases,2015,year,zürich,grossregion,all,agegroup_sti,all,all,234,1466424,15.96,NA,NA,260.3,NA,16.3,NA,NA,NA,NA,TRUE
cases,2016,year,CH,country,all,agegroup_sti,all,all,1497,8419550,17.78,NA,NA,1527.3,NA,99.7,NA,NA,NA,NA,TRUE
cases,2016,year,CHFL,CHFL,all,agegroup_sti,all,all,1501,8457360,17.75,NA,NA,1531,falling,100,62,0.55,3.2,NA,TRUE
cases,2016,year,FL,country,all,agegroup_sti,all,all,4,37810,10.58,NA,NA,3.7,NA,0.3,NA,NA,NA,NA,TRUE
cases,2016,year,espace_mittelland,grossregion,all,agegroup_sti,all,all,350,1859557,18.82,NA,NA,302.7,NA,23.4,NA,NA,NA,NA,TRUE
cases,2016,year,nordwestschweiz,grossregion,all,agegroup_sti,all,all,156,1142156,13.66,NA,NA,164,NA,10.4,NA,NA,NA,NA,TRUE
cases,2016,year,ostschweiz,grossregion,all,agegroup_sti,all,all,178,1162684,15.31,NA,NA,185.7,NA,11.9,NA,NA,NA,NA,TRUE
cases,2016,year,région_lémanique,grossregion,all,agegroup_sti,all,all,370,1613522,22.93,NA,NA,368,NA,24.7,NA,NA,NA,NA,TRUE
cases,2016,year,ticino,grossregion,all,agegroup_sti,all,all,134,354375,37.81,NA,NA,156.7,NA,9,NA,NA,NA,NA,TRUE
cases,2016,year,zentralschweiz,grossregion,all,agegroup_sti,all,all,84,799287,10.51,NA,NA,102.7,NA,5.6,NA,NA,NA,NA,TRUE
cases,2016,year,zürich,grossregion,all,agegroup_sti,all,all,225,1487969,15.12,NA,NA,246.7,NA,15,NA,NA,NA,NA,TRUE
cases,2017,year,CH,country,all,agegroup_sti,all,all,1362,8484130,16.05,NA,NA,1431.7,NA,99.3,NA,NA,NA,NA,TRUE
cases,2017,year,CHFL,CHFL,all,agegroup_sti,all,all,1372,8522244,16.1,NA,NA,1437.3,falling,100,-129,-1.65,-9.3,1537.2,TRUE
cases,2017,year,FL,country,all,agegroup_sti,all,all,10,38114,26.24,NA,NA,5.7,NA,0.7,NA,NA,NA,NA,TRUE
cases,2017,year,espace_mittelland,grossregion,all,agegroup_sti,all,all,271,1868886,14.5,NA,NA,293.3,NA,19.9,NA,NA,NA,NA,TRUE
cases,2017,year,nordwestschweiz,grossregion,all,agegroup_sti,all,all,144,1151919,12.5,NA,NA,154.3,NA,10.6,NA,NA,NA,NA,TRUE
cases,2017,year,ostschweiz,grossregion,all,agegroup_sti,all,all,175,1169358,14.97,NA,NA,178.7,NA,12.8,NA,NA,NA,NA,TRUE
cases,2017,year,région_lémanique,grossregion,all,agegroup_sti,all,all,357,1629841,21.9,NA,NA,357,NA,26.2,NA,NA,NA,NA,TRUE
cases,2017,year,ticino,grossregion,all,agegroup_sti,all,all,114,353709,32.23,NA,NA,134,NA,8.4,NA,NA,NA,NA,TRUE
cases,2017,year,zentralschweiz,grossregion,all,agegroup_sti,all,all,95,806071,11.79,NA,NA,92.7,NA,7,NA,NA,NA,NA,TRUE
cases,2017,year,zürich,grossregion,all,agegroup_sti,all,all,206,1504346,13.69,NA,NA,221.7,NA,15.1,NA,NA,NA,NA,TRUE
cases,2018,year,CH,country,all,agegroup_sti,all,all,1264,8544527,14.79,NA,NA,1374.3,NA,99.7,NA,NA,NA,NA,TRUE
cases,2018,year,CHFL,CHFL,all,agegroup_sti,all,all,1268,8582905,14.77,NA,NA,1380.3,falling,100,-104,-1.33,-8.3,1446.6,TRUE
cases,2018,year,FL,country,all,agegroup_sti,all,all,4,38378,10.42,NA,NA,6,NA,0.3,NA,NA,NA,NA,TRUE
cases,2018,year,espace_mittelland,grossregion,all,agegroup_sti,all,all,245,1877154,13.05,NA,NA,288.7,NA,19.4,NA,NA,NA,NA,TRUE
cases,2018,year,nordwestschweiz,grossregion,all,agegroup_sti,all,all,152,1161105,13.09,NA,NA,150.7,NA,12,NA,NA,NA,NA,TRUE
cases,2018,year,ostschweiz,grossregion,all,agegroup_sti,all,all,154,1176321,13.09,NA,NA,169,NA,12.2,NA,NA,NA,NA,TRUE
cases,2018,year,région_lémanique,grossregion,all,agegroup_sti,all,all,340,1642580,20.7,NA,NA,355.7,NA,26.9,NA,NA,NA,NA,TRUE
cases,2018,year,ticino,grossregion,all,agegroup_sti,all,all,100,353343,28.3,NA,NA,116,NA,7.9,NA,NA,NA,NA,TRUE
cases,2018,year,zentralschweiz,grossregion,all,agegroup_sti,all,all,90,813056,11.07,NA,NA,89.7,NA,7.1,NA,NA,NA,NA,TRUE
cases,2018,year,zürich,grossregion,all,agegroup_sti,all,all,183,1520968,12.03,NA,NA,204.7,NA,14.5,NA,NA,NA,NA,TRUE
cases,2019,year,CH,country,all,agegroup_sti,all,all,1003,8606033,11.65,NA,NA,1209.7,NA,99.5,NA,NA,NA,NA,TRUE
cases,2019,year,CHFL,CHFL,all,agegroup_sti,all,all,1008,8644780,11.66,NA,NA,1216,falling,100,-260,-3.11,-21.1,1317.6,TRUE
cases,2019,year,FL,country,all,agegroup_sti,all,all,5,38747,12.9,NA,NA,6.3,NA,0.5,NA,NA,NA,NA,TRUE
cases,2019,year,espace_mittelland,grossregion,all,agegroup_sti,all,all,236,1886584,12.51,NA,NA,250.7,NA,23.5,NA,NA,NA,NA,TRUE
cases,2019,year,nordwestschweiz,grossregion,all,agegroup_sti,all,all,106,1171157,9.05,NA,NA,134,NA,10.6,NA,NA,NA,NA,TRUE
cases,2019,year,ostschweiz,grossregion,all,agegroup_sti,all,all,99,1183813,8.36,NA,NA,142.7,NA,9.9,NA,NA,NA,NA,TRUE
cases,2019,year,région_lémanique,grossregion,all,agegroup_sti,all,all,288,1654751,17.4,NA,NA,328.3,NA,28.7,NA,NA,NA,NA,TRUE
cases,2019,year,ticino,grossregion,all,agegroup_sti,all,all,81,351491,23.04,NA,NA,98.3,NA,8.1,NA,NA,NA,NA,TRUE
cases,2019,year,unknown,grossregion,all,agegroup_sti,all,all,1,NA,NA,NA,NA,NA,NA,0.1,NA,NA,NA,NA,TRUE
cases,2019,year,zentralschweiz,grossregion,all,agegroup_sti,all,all,53,818962,6.47,NA,NA,79.3,NA,5.3,NA,NA,NA,NA,TRUE
cases,2019,year,zürich,grossregion,all,agegroup_sti,all,all,139,1539275,9.03,NA,NA,176,NA,13.9,NA,NA,NA,NA,TRUE
cases,2020,year,CH,country,all,agegroup_sti,all,all,864,8670300,9.97,NA,NA,1043.7,NA,99.9,NA,NA,NA,NA,TRUE
cases,2020,year,CHFL,CHFL,all,agegroup_sti,all,all,865,8709355,9.93,NA,NA,1047,falling,100,-143,-1.73,-14.8,1202.8,TRUE
cases,2020,year,FL,country,all,agegroup_sti,all,all,1,39055,2.56,NA,NA,3.3,NA,0.1,NA,NA,NA,NA,TRUE
cases,2020,year,espace_mittelland,grossregion,all,agegroup_sti,all,all,189,1895693,9.97,NA,NA,223.3,NA,21.9,NA,NA,NA,NA,TRUE
cases,2020,year,nordwestschweiz,grossregion,all,agegroup_sti,all,all,106,1181776,8.97,NA,NA,121.3,NA,12.3,NA,NA,NA,NA,TRUE
cases,2020,year,ostschweiz,grossregion,all,agegroup_sti,all,all,97,1193069,8.13,NA,NA,116.7,NA,11.2,NA,NA,NA,NA,TRUE
cases,2020,year,région_lémanique,grossregion,all,agegroup_sti,all,all,230,1669608,13.78,NA,NA,286,NA,26.6,NA,NA,NA,NA,TRUE
cases,2020,year,ticino,grossregion,all,agegroup_sti,all,all,59,350986,16.81,NA,NA,80,NA,6.8,NA,NA,NA,NA,TRUE
cases,2020,year,unknown,grossregion,all,agegroup_sti,all,all,2,NA,NA,NA,NA,2,NA,0.2,NA,NA,NA,NA,TRUE
cases,2020,year,zentralschweiz,grossregion,all,agegroup_sti,all,all,53,825745,6.42,NA,NA,65.3,NA,6.1,NA,NA,NA,NA,TRUE
cases,2020,year,zürich,grossregion,all,agegroup_sti,all,all,128,1553423,8.24,NA,NA,150,NA,14.8,NA,NA,NA,NA,TRUE
cases,2021,year,CH,country,all,agegroup_sti,all,all,896,8738791,10.25,NA,NA,921,NA,99.6,NA,NA,NA,NA,TRUE
cases,2021,year,CHFL,CHFL,all,agegroup_sti,all,all,900,8778099,10.25,NA,NA,924.3,falling,100,35,0.32,3.2,1082.6,TRUE
cases,2021,year,FL,country,all,agegroup_sti,all,all,4,39308,10.18,NA,NA,3.3,NA,0.4,NA,NA,NA,NA,TRUE
cases,2021,year,espace_mittelland,grossregion,all,agegroup_sti,all,all,192,1907491,10.07,NA,NA,205.7,NA,21.4,NA,NA,NA,NA,TRUE
cases,2021,year,nordwestschweiz,grossregion,all,agegroup_sti,all,all,95,1191939,7.97,NA,NA,102.3,NA,10.6,NA,NA,NA,NA,TRUE
cases,2021,year,ostschweiz,grossregion,all,agegroup_sti,all,all,89,1203715,7.39,NA,NA,95,NA,9.9,NA,NA,NA,NA,TRUE
cases,2021,year,région_lémanique,grossregion,all,agegroup_sti,all,all,252,1685625,14.95,NA,NA,256.7,NA,28.1,NA,NA,NA,NA,TRUE
cases,2021,year,ticino,grossregion,all,agegroup_sti,all,all,68,352181,19.31,NA,NA,69.3,NA,7.6,NA,NA,NA,NA,TRUE
cases,2021,year,unknown,grossregion,all,agegroup_sti,all,all,1,NA,NA,NA,NA,1.3,NA,0.1,NA,NA,NA,NA,TRUE
cases,2021,year,zentralschweiz,grossregion,all,agegroup_sti,all,all,63,833178,7.56,NA,NA,56.3,NA,7,NA,NA,NA,NA,TRUE
cases,2021,year,zürich,grossregion,all,agegroup_sti,all,all,136,1564662,8.69,NA,NA,134.3,NA,15.2,NA,NA,NA,NA,TRUE
cases,2022,year,CH,country,all,agegroup_sti,all,all,1025,8815385,11.63,NA,NA,928.3,NA,99.8,NA,NA,NA,NA,TRUE
cases,2022,year,CHFL,CHFL,all,agegroup_sti,all,all,1027,8855062,11.6,NA,NA,930.7,stagnant,100,127,1.35,13.2,1013.6,TRUE
cases,2022,year,FL,country,all,agegroup_sti,all,all,2,39677,5.04,NA,NA,2.3,NA,0.2,NA,NA,NA,NA,TRUE
cases,2022,year,espace_mittelland,grossregion,all,agegroup_sti,all,all,221,1918746,11.52,NA,NA,200.7,NA,21.6,NA,NA,NA,NA,TRUE
cases,2022,year,nordwestschweiz,grossregion,all,agegroup_sti,all,all,98,1202435,8.15,NA,NA,99.7,NA,9.6,NA,NA,NA,NA,TRUE
cases,2022,year,ostschweiz,grossregion,all,agegroup_sti,all,all,123,1217015,10.11,NA,NA,103,NA,12,NA,NA,NA,NA,TRUE
cases,2022,year,région_lémanique,grossregion,all,agegroup_sti,all,all,293,1701827,17.22,NA,NA,258.3,NA,28.6,NA,NA,NA,NA,TRUE
cases,2022,year,ticino,grossregion,all,agegroup_sti,all,all,72,354023,20.34,NA,NA,66.3,NA,7,NA,NA,NA,NA,TRUE
cases,2022,year,zentralschweiz,grossregion,all,agegroup_sti,all,all,50,841372,5.94,NA,NA,55.3,NA,4.9,NA,NA,NA,NA,TRUE
cases,2022,year,zürich,grossregion,all,agegroup_sti,all,all,168,1579967,10.63,NA,NA,144,NA,16.4,NA,NA,NA,NA,TRUE
cases,2023,year,CH,country,all,agegroup_sti,all,all,1038,8962258,11.58,NA,NA,986.3,NA,99.8,NA,NA,NA,NA,TRUE
cases,2023,year,CHFL,CHFL,all,agegroup_sti,all,all,1040,9002273,11.55,NA,NA,989,rising,100,13,-0.05,-0.4,968,TRUE
cases,2023,year,FL,country,all,agegroup_sti,all,all,2,40015,5,NA,NA,2.7,NA,0.2,NA,NA,NA,NA,TRUE
cases,2023,year,espace_mittelland,grossregion,all,agegroup_sti,all,all,249,1944753,12.8,NA,NA,220.7,NA,24,NA,NA,NA,NA,TRUE
cases,2023,year,nordwestschweiz,grossregion,all,agegroup_sti,all,all,102,1225762,8.32,NA,NA,98.3,NA,9.8,NA,NA,NA,NA,TRUE
cases,2023,year,ostschweiz,grossregion,all,agegroup_sti,all,all,106,1237469,8.57,NA,NA,106,NA,10.2,NA,NA,NA,NA,TRUE
cases,2023,year,région_lémanique,grossregion,all,agegroup_sti,all,all,268,1736124,15.44,NA,NA,271,NA,25.8,NA,NA,NA,NA,TRUE
cases,2023,year,ticino,grossregion,all,agegroup_sti,all,all,73,357720,20.41,NA,NA,71,NA,7,NA,NA,NA,NA,TRUE
cases,2023,year,zentralschweiz,grossregion,all,agegroup_sti,all,all,82,854922,9.59,NA,NA,65,NA,7.9,NA,NA,NA,NA,TRUE
cases,2023,year,zürich,grossregion,all,agegroup_sti,all,all,158,1605508,9.84,NA,NA,154,NA,15.2,NA,NA,NA,NA,TRUE
cases,2024,year,CH,country,all,agegroup_sti,all,all,1042,9051029,11.51,NA,NA,1035,NA,99.4,NA,NA,NA,NA,TRUE
cases,2024,year,CHFL,CHFL,all,agegroup_sti,all,all,1048,9091915,11.53,NA,NA,1038.3,rising,100,8,-0.02,-0.2,976,TRUE
cases,2024,year,FL,country,all,agegroup_sti,all,all,6,40886,14.67,NA,NA,3.3,NA,0.6,NA,NA,NA,NA,TRUE
cases,2024,year,espace_mittelland,grossregion,all,agegroup_sti,all,all,248,1962040,12.64,NA,NA,239.3,NA,23.8,NA,NA,NA,NA,TRUE
cases,2024,year,nordwestschweiz,grossregion,all,agegroup_sti,all,all,135,1238515,10.9,NA,NA,111.7,NA,13,NA,NA,NA,NA,TRUE
cases,2024,year,ostschweiz,grossregion,all,agegroup_sti,all,all,91,1250159,7.28,NA,NA,106.7,NA,8.7,NA,NA,NA,NA,TRUE
cases,2024,year,région_lémanique,grossregion,all,agegroup_sti,all,all,257,1757496,14.62,NA,NA,272.7,NA,24.7,NA,NA,NA,NA,TRUE
cases,2024,year,ticino,grossregion,all,agegroup_sti,all,all,71,358903,19.78,NA,NA,72,NA,6.8,NA,NA,NA,NA,TRUE
cases,2024,year,zentralschweiz,grossregion,all,agegroup_sti,all,all,61,863896,7.06,NA,NA,64.3,NA,5.9,NA,NA,NA,NA,TRUE
cases,2024,year,zürich,grossregion,all,agegroup_sti,all,all,179,1620020,11.05,NA,NA,168.3,NA,17.2,NA,NA,NA,NA,TRUE
cases,2025,year,CH,country,all,agegroup_sti,all,all,921,9127125,10.09,NA,NA,1000.3,NA,99.7,NA,NA,NA,NA,TRUE
cases,2025,year,CHFL,CHFL,all,agegroup_sti,all,all,924,9127125,10.12,NA,NA,1004,falling,100,-124,-1.41,-12.2,987.8,TRUE
cases,2025,year,FL,country,all,agegroup_sti,all,all,3,NA,NA,NA,NA,3.7,NA,0.3,NA,NA,NA,NA,TRUE
cases,2025,year,espace_mittelland,grossregion,all,agegroup_sti,all,all,202,1974171,10.23,NA,NA,233,NA,21.9,NA,NA,NA,NA,TRUE
cases,2025,year,nordwestschweiz,grossregion,all,agegroup_sti,all,all,127,1251797,10.15,NA,NA,121.3,NA,13.8,NA,NA,NA,NA,TRUE
cases,2025,year,ostschweiz,grossregion,all,agegroup_sti,all,all,80,1260895,6.34,NA,NA,92.3,NA,8.7,NA,NA,NA,NA,TRUE
cases,2025,year,région_lémanique,grossregion,all,agegroup_sti,all,all,243,1776847,13.68,NA,NA,256,NA,26.4,NA,NA,NA,NA,TRUE
cases,2025,year,ticino,grossregion,all,agegroup_sti,all,all,70,359783,19.46,NA,NA,71.3,NA,7.6,NA,NA,NA,NA,TRUE
cases,2025,year,zentralschweiz,grossregion,all,agegroup_sti,all,all,49,870714,5.63,NA,NA,64,NA,5.3,NA,NA,NA,NA,TRUE
cases,2025,year,zürich,grossregion,all,agegroup_sti,all,all,150,1632918,9.19,NA,NA,162.3,NA,16.3,NA,NA,NA,NA,TRUE
cases,2013,year,CHFL,CHFL,all,agegroup_sti,all,acute,50,8176760,0.61,NA,NA,NA,NA,2.9,NA,NA,NA,NA,TRUE
cases,2013,year,CHFL,CHFL,all,agegroup_sti,all,chronic,428,8176760,5.23,NA,NA,NA,NA,24.9,NA,NA,NA,NA,TRUE
cases,2013,year,CHFL,CHFL,all,agegroup_sti,all,unclassifiable,1048,8176760,12.82,NA,NA,NA,NA,60.9,NA,NA,NA,NA,TRUE
cases,2013,year,CHFL,CHFL,all,agegroup_sti,all,unknown,195,8176760,2.38,NA,NA,NA,NA,11.3,NA,NA,NA,NA,TRUE
cases,2014,year,CHFL,CHFL,all,agegroup_sti,all,acute,54,8275032,0.65,NA,NA,NA,NA,3.3,NA,NA,NA,NA,TRUE
cases,2014,year,CHFL,CHFL,all,agegroup_sti,all,chronic,426,8275032,5.15,NA,NA,NA,NA,25.8,NA,NA,NA,NA,TRUE
cases,2014,year,CHFL,CHFL,all,agegroup_sti,all,unclassifiable,975,8275032,11.78,NA,NA,NA,NA,59,NA,NA,NA,NA,TRUE
cases,2014,year,CHFL,CHFL,all,agegroup_sti,all,unknown,198,8275032,2.39,NA,NA,NA,NA,12,NA,NA,NA,NA,TRUE
cases,2015,year,CHFL,CHFL,all,agegroup_sti,all,acute,53,8364748,0.63,NA,NA,52.3,NA,3.7,NA,NA,NA,NA,TRUE
cases,2015,year,CHFL,CHFL,all,agegroup_sti,all,chronic,358,8364748,4.28,NA,NA,404,NA,24.9,NA,NA,NA,NA,TRUE
cases,2015,year,CHFL,CHFL,all,agegroup_sti,all,unclassifiable,953,8364748,11.39,NA,NA,992,NA,66.2,NA,NA,NA,NA,TRUE
cases,2015,year,CHFL,CHFL,all,agegroup_sti,all,unknown,75,8364748,0.9,NA,NA,156,NA,5.2,NA,NA,NA,NA,TRUE
cases,2016,year,CHFL,CHFL,all,agegroup_sti,all,acute,43,8457360,0.51,NA,NA,50,NA,2.9,NA,NA,NA,NA,TRUE
cases,2016,year,CHFL,CHFL,all,agegroup_sti,all,chronic,357,8457360,4.22,NA,NA,380.3,NA,23.8,NA,NA,NA,NA,TRUE
cases,2016,year,CHFL,CHFL,all,agegroup_sti,all,unclassifiable,927,8457360,10.96,NA,NA,951.7,NA,61.8,NA,NA,NA,NA,TRUE
cases,2016,year,CHFL,CHFL,all,agegroup_sti,all,unknown,174,8457360,2.06,NA,NA,149,NA,11.6,NA,NA,NA,NA,TRUE
cases,2017,year,CHFL,CHFL,all,agegroup_sti,all,acute,41,8522244,0.48,NA,NA,45.7,NA,3,NA,NA,NA,NA,TRUE
cases,2017,year,CHFL,CHFL,all,agegroup_sti,all,chronic,309,8522244,3.63,NA,NA,341.3,NA,22.5,NA,NA,NA,NA,TRUE
cases,2017,year,CHFL,CHFL,all,agegroup_sti,all,unclassifiable,925,8522244,10.85,NA,NA,935,NA,67.4,NA,NA,NA,NA,TRUE
cases,2017,year,CHFL,CHFL,all,agegroup_sti,all,unknown,97,8522244,1.14,NA,NA,115.3,NA,7.1,NA,NA,NA,NA,TRUE
cases,2018,year,CHFL,CHFL,all,agegroup_sti,all,acute,28,8582905,0.33,NA,NA,37.3,NA,2.2,NA,NA,NA,NA,TRUE
cases,2018,year,CHFL,CHFL,all,agegroup_sti,all,chronic,258,8582905,3.01,NA,NA,308,NA,20.3,NA,NA,NA,NA,TRUE
cases,2018,year,CHFL,CHFL,all,agegroup_sti,all,unclassifiable,861,8582905,10.03,NA,NA,904.3,NA,67.9,NA,NA,NA,NA,TRUE
cases,2018,year,CHFL,CHFL,all,agegroup_sti,all,unknown,121,8582905,1.41,NA,NA,130.7,NA,9.5,NA,NA,NA,NA,TRUE
cases,2019,year,CHFL,CHFL,all,agegroup_sti,all,acute,26,8644780,0.3,NA,NA,31.7,NA,2.6,NA,NA,NA,NA,TRUE
cases,2019,year,CHFL,CHFL,all,agegroup_sti,all,chronic,223,8644780,2.58,NA,NA,263.3,NA,22.1,NA,NA,NA,NA,TRUE
cases,2019,year,CHFL,CHFL,all,agegroup_sti,all,unclassifiable,687,8644780,7.95,NA,NA,824.3,NA,68.2,NA,NA,NA,NA,TRUE
cases,2019,year,CHFL,CHFL,all,agegroup_sti,all,unknown,72,8644780,0.83,NA,NA,96.7,NA,7.1,NA,NA,NA,NA,TRUE
cases,2020,year,CHFL,CHFL,all,agegroup_sti,all,acute,17,8709355,0.2,NA,NA,23.7,NA,2,NA,NA,NA,NA,TRUE
cases,2020,year,CHFL,CHFL,all,agegroup_sti,all,chronic,123,8709355,1.41,NA,NA,201.3,NA,14.2,NA,NA,NA,NA,TRUE
cases,2020,year,CHFL,CHFL,all,agegroup_sti,all,unclassifiable,487,8709355,5.59,NA,NA,678.3,NA,56.3,NA,NA,NA,NA,TRUE
cases,2020,year,CHFL,CHFL,all,agegroup_sti,all,unknown,238,8709355,2.73,NA,NA,143.7,NA,27.5,NA,NA,NA,NA,TRUE
cases,2021,year,CHFL,CHFL,all,agegroup_sti,all,acute,15,8778099,0.17,NA,NA,19.3,NA,1.7,NA,NA,NA,NA,TRUE
cases,2021,year,CHFL,CHFL,all,agegroup_sti,all,chronic,143,8778099,1.63,NA,NA,163,NA,15.9,NA,NA,NA,NA,TRUE
cases,2021,year,CHFL,CHFL,all,agegroup_sti,all,unclassifiable,488,8778099,5.56,NA,NA,554,NA,54.2,NA,NA,NA,NA,TRUE
cases,2021,year,CHFL,CHFL,all,agegroup_sti,all,unknown,254,8778099,2.89,NA,NA,188,NA,28.2,NA,NA,NA,NA,TRUE
cases,2022,year,CHFL,CHFL,all,agegroup_sti,all,acute,11,8855062,0.12,NA,NA,14.3,NA,1.1,NA,NA,NA,NA,TRUE
cases,2022,year,CHFL,CHFL,all,agegroup_sti,all,chronic,169,8855062,1.91,NA,NA,145,NA,16.5,NA,NA,NA,NA,TRUE
cases,2022,year,CHFL,CHFL,all,agegroup_sti,all,unclassifiable,578,8855062,6.53,NA,NA,517.7,NA,56.3,NA,NA,NA,NA,TRUE
cases,2022,year,CHFL,CHFL,all,agegroup_sti,all,unknown,269,8855062,3.04,NA,NA,253.7,NA,26.2,NA,NA,NA,NA,TRUE
cases,2023,year,CHFL,CHFL,all,agegroup_sti,all,acute,14,9002273,0.16,NA,NA,13.3,NA,1.3,NA,NA,NA,NA,TRUE
cases,2023,year,CHFL,CHFL,all,agegroup_sti,all,chronic,177,9002273,1.97,NA,NA,163,NA,17,NA,NA,NA,NA,TRUE
cases,2023,year,CHFL,CHFL,all,agegroup_sti,all,unclassifiable,626,9002273,6.95,NA,NA,564,NA,60.2,NA,NA,NA,NA,TRUE
cases,2023,year,CHFL,CHFL,all,agegroup_sti,all,unknown,223,9002273,2.48,NA,NA,248.7,NA,21.4,NA,NA,NA,NA,TRUE
cases,2024,year,CHFL,CHFL,all,agegroup_sti,all,acute,29,9091915,0.32,NA,NA,18,NA,2.8,NA,NA,NA,NA,TRUE
cases,2024,year,CHFL,CHFL,all,agegroup_sti,all,chronic,155,9091915,1.7,NA,NA,167,NA,14.8,NA,NA,NA,NA,TRUE
cases,2024,year,CHFL,CHFL,all,agegroup_sti,all,unclassifiable,685,9091915,7.53,NA,NA,629.7,NA,65.4,NA,NA,NA,NA,TRUE
cases,2024,year,CHFL,CHFL,all,agegroup_sti,all,unknown,179,9091915,1.97,NA,NA,223.7,NA,17.1,NA,NA,NA,NA,TRUE
cases,2025,year,CHFL,CHFL,all,agegroup_sti,all,acute,23,9127125,0.25,NA,NA,22,NA,2.5,NA,NA,NA,NA,TRUE
cases,2025,year,CHFL,CHFL,all,agegroup_sti,all,chronic,145,9127125,1.59,NA,NA,159,NA,15.7,NA,NA,NA,NA,TRUE
cases,2025,year,CHFL,CHFL,all,agegroup_sti,all,unclassifiable,580,9127125,6.35,NA,NA,630.3,NA,62.8,NA,NA,NA,NA,TRUE
cases,2025,year,CHFL,CHFL,all,agegroup_sti,all,unknown,176,9127125,1.93,NA,NA,192.7,NA,19,NA,NA,NA,NA,TRUE
cases,2013,year,CHFL,CHFL,0 - 14,agegroup_sti,all,all,2,1217925,0.16,NA,NA,NA,NA,NA,NA,NA,NA,NA,TRUE
cases,2013,year,CHFL,CHFL,15 - 24,agegroup_sti,all,all,67,944607,7.09,NA,NA,NA,NA,NA,NA,NA,NA,NA,TRUE
cases,2013,year,CHFL,CHFL,25 - 34,agegroup_sti,all,all,247,1118572,22.08,NA,NA,NA,NA,NA,NA,NA,NA,NA,TRUE
cases,2013,year,CHFL,CHFL,35 - 44,agegroup_sti,all,all,430,1170297,36.74,NA,NA,NA,NA,NA,NA,NA,NA,NA,TRUE
cases,2013,year,CHFL,CHFL,45 - 54,agegroup_sti,all,all,530,1296008,40.89,NA,NA,NA,NA,NA,NA,NA,NA,NA,TRUE
cases,2013,year,CHFL,CHFL,55 - 64,agegroup_sti,all,all,258,990833,26.04,NA,NA,NA,NA,NA,NA,NA,NA,NA,TRUE
cases,2013,year,CHFL,CHFL,65+,agegroup_sti,all,all,187,1438518,13,NA,NA,NA,NA,NA,NA,NA,NA,NA,TRUE
cases,2013,year,CHFL,CHFL,unknown,agegroup_sti,all,all,0,NA,NA,NA,NA,NA,NA,NA,NA,NA,NA,NA,TRUE
cases,2014,year,CHFL,CHFL,0 - 14,agegroup_sti,all,all,3,1230630,0.24,NA,NA,NA,NA,NA,NA,NA,NA,NA,TRUE
cases,2014,year,CHFL,CHFL,15 - 24,agegroup_sti,all,all,47,941471,4.99,NA,NA,NA,NA,NA,NA,NA,NA,NA,TRUE
cases,2014,year,CHFL,CHFL,25 - 34,agegroup_sti,all,all,186,1138513,16.34,NA,NA,NA,NA,NA,NA,NA,NA,NA,TRUE
cases,2014,year,CHFL,CHFL,35 - 44,agegroup_sti,all,all,353,1169792,30.18,NA,NA,NA,NA,NA,NA,NA,NA,NA,TRUE
cases,2014,year,CHFL,CHFL,45 - 54,agegroup_sti,all,all,544,1311079,41.49,NA,NA,NA,NA,NA,NA,NA,NA,NA,TRUE
cases,2014,year,CHFL,CHFL,55 - 64,agegroup_sti,all,all,275,1012008,27.17,NA,NA,NA,NA,NA,NA,NA,NA,NA,TRUE
cases,2014,year,CHFL,CHFL,65+,agegroup_sti,all,all,245,1471539,16.65,NA,NA,NA,NA,NA,NA,NA,NA,NA,TRUE
cases,2014,year,CHFL,CHFL,unknown,agegroup_sti,all,all,0,NA,NA,NA,NA,NA,NA,NA,NA,NA,NA,NA,TRUE
cases,2015,year,CHFL,CHFL,0 - 14,agegroup_sti,all,all,4,1242402,0.32,NA,NA,NA,NA,NA,NA,NA,NA,NA,TRUE
cases,2015,year,CHFL,CHFL,15 - 24,agegroup_sti,all,all,46,939125,4.9,NA,NA,NA,NA,NA,NA,NA,NA,NA,TRUE
cases,2015,year,CHFL,CHFL,25 - 34,agegroup_sti,all,all,197,1154455,17.06,NA,NA,NA,NA,NA,NA,NA,NA,NA,TRUE
cases,2015,year,CHFL,CHFL,35 - 44,agegroup_sti,all,all,307,1174621,26.14,NA,NA,NA,NA,NA,NA,NA,NA,NA,TRUE
cases,2015,year,CHFL,CHFL,45 - 54,agegroup_sti,all,all,420,1318429,31.86,NA,NA,NA,NA,NA,NA,NA,NA,NA,TRUE
cases,2015,year,CHFL,CHFL,55 - 64,agegroup_sti,all,all,266,1034465,25.71,NA,NA,NA,NA,NA,NA,NA,NA,NA,TRUE
cases,2015,year,CHFL,CHFL,65+,agegroup_sti,all,all,199,1501251,13.26,NA,NA,NA,NA,NA,NA,NA,NA,NA,TRUE
cases,2015,year,CHFL,CHFL,unknown,agegroup_sti,all,all,0,NA,NA,NA,NA,NA,NA,NA,NA,NA,NA,NA,TRUE
cases,2016,year,CHFL,CHFL,0 - 14,agegroup_sti,all,all,3,1260615,0.24,NA,NA,NA,NA,NA,NA,NA,NA,NA,TRUE
cases,2016,year,CHFL,CHFL,15 - 24,agegroup_sti,all,all,48,936312,5.13,NA,NA,NA,NA,NA,NA,NA,NA,NA,TRUE
cases,2016,year,CHFL,CHFL,25 - 34,agegroup_sti,all,all,203,1169294,17.36,NA,NA,NA,NA,NA,NA,NA,NA,NA,TRUE
cases,2016,year,CHFL,CHFL,35 - 44,agegroup_sti,all,all,306,1179733,25.94,NA,NA,NA,NA,NA,NA,NA,NA,NA,TRUE
cases,2016,year,CHFL,CHFL,45 - 54,agegroup_sti,all,all,434,1320098,32.88,NA,NA,NA,NA,NA,NA,NA,NA,NA,TRUE
cases,2016,year,CHFL,CHFL,55 - 64,agegroup_sti,all,all,306,1061837,28.82,NA,NA,NA,NA,NA,NA,NA,NA,NA,TRUE
cases,2016,year,CHFL,CHFL,65+,agegroup_sti,all,all,200,1529471,13.08,NA,NA,NA,NA,NA,NA,NA,NA,NA,TRUE
cases,2016,year,CHFL,CHFL,unknown,agegroup_sti,all,all,1,NA,NA,NA,NA,NA,NA,NA,NA,NA,NA,NA,TRUE
cases,2017,year,CHFL,CHFL,0 - 14,agegroup_sti,all,all,5,1274656,0.39,NA,NA,NA,NA,NA,NA,NA,NA,NA,TRUE
cases,2017,year,CHFL,CHFL,15 - 24,agegroup_sti,all,all,45,924446,4.87,NA,NA,NA,NA,NA,NA,NA,NA,NA,TRUE
cases,2017,year,CHFL,CHFL,25 - 34,agegroup_sti,all,all,167,1176337,14.2,NA,NA,NA,NA,NA,NA,NA,NA,NA,TRUE
cases,2017,year,CHFL,CHFL,35 - 44,agegroup_sti,all,all,236,1188040,19.86,NA,NA,NA,NA,NA,NA,NA,NA,NA,TRUE
cases,2017,year,CHFL,CHFL,45 - 54,agegroup_sti,all,all,434,1313014,33.05,NA,NA,NA,NA,NA,NA,NA,NA,NA,TRUE
cases,2017,year,CHFL,CHFL,55 - 64,agegroup_sti,all,all,292,1088721,26.82,NA,NA,NA,NA,NA,NA,NA,NA,NA,TRUE
cases,2017,year,CHFL,CHFL,65+,agegroup_sti,all,all,193,1557030,12.4,NA,NA,NA,NA,NA,NA,NA,NA,NA,TRUE
cases,2017,year,CHFL,CHFL,unknown,agegroup_sti,all,all,0,NA,NA,NA,NA,NA,NA,NA,NA,NA,NA,NA,TRUE
cases,2018,year,CHFL,CHFL,0 - 14,agegroup_sti,all,all,2,1289401,0.16,NA,NA,NA,NA,NA,NA,NA,NA,NA,TRUE
cases,2018,year,CHFL,CHFL,15 - 24,agegroup_sti,all,all,27,913352,2.96,NA,NA,NA,NA,NA,NA,NA,NA,NA,TRUE
cases,2018,year,CHFL,CHFL,25 - 34,agegroup_sti,all,all,148,1180500,12.54,NA,NA,NA,NA,NA,NA,NA,NA,NA,TRUE
cases,2018,year,CHFL,CHFL,35 - 44,agegroup_sti,all,all,265,1197520,22.13,NA,NA,NA,NA,NA,NA,NA,NA,NA,TRUE
cases,2018,year,CHFL,CHFL,45 - 54,agegroup_sti,all,all,382,1298078,29.43,NA,NA,NA,NA,NA,NA,NA,NA,NA,TRUE
cases,2018,year,CHFL,CHFL,55 - 64,agegroup_sti,all,all,279,1119892,24.91,NA,NA,NA,NA,NA,NA,NA,NA,NA,TRUE
cases,2018,year,CHFL,CHFL,65+,agegroup_sti,all,all,164,1584162,10.35,NA,NA,NA,NA,NA,NA,NA,NA,NA,TRUE
cases,2018,year,CHFL,CHFL,unknown,agegroup_sti,all,all,1,NA,NA,NA,NA,NA,NA,NA,NA,NA,NA,NA,TRUE
cases,2019,year,CHFL,CHFL,0 - 14,agegroup_sti,all,all,1,1300596,0.08,NA,NA,NA,NA,NA,NA,NA,NA,NA,TRUE
cases,2019,year,CHFL,CHFL,15 - 24,agegroup_sti,all,all,20,905970,2.21,NA,NA,NA,NA,NA,NA,NA,NA,NA,TRUE
cases,2019,year,CHFL,CHFL,25 - 34,agegroup_sti,all,all,107,1182661,9.05,NA,NA,NA,NA,NA,NA,NA,NA,NA,TRUE
cases,2019,year,CHFL,CHFL,35 - 44,agegroup_sti,all,all,200,1210345,16.52,NA,NA,NA,NA,NA,NA,NA,NA,NA,TRUE
cases,2019,year,CHFL,CHFL,45 - 54,agegroup_sti,all,all,261,1279168,20.4,NA,NA,NA,NA,NA,NA,NA,NA,NA,TRUE
cases,2019,year,CHFL,CHFL,55 - 64,agegroup_sti,all,all,254,1153153,22.03,NA,NA,NA,NA,NA,NA,NA,NA,NA,TRUE
cases,2019,year,CHFL,CHFL,65+,agegroup_sti,all,all,164,1612887,10.17,NA,NA,NA,NA,NA,NA,NA,NA,NA,TRUE
cases,2019,year,CHFL,CHFL,unknown,agegroup_sti,all,all,1,NA,NA,NA,NA,NA,NA,NA,NA,NA,NA,NA,TRUE
cases,2020,year,CHFL,CHFL,0 - 14,agegroup_sti,all,all,3,1311966,0.23,NA,NA,NA,NA,NA,NA,NA,NA,NA,TRUE
cases,2020,year,CHFL,CHFL,15 - 24,agegroup_sti,all,all,16,902330,1.77,NA,NA,NA,NA,NA,NA,NA,NA,NA,TRUE
cases,2020,year,CHFL,CHFL,25 - 34,agegroup_sti,all,all,107,1185209,9.03,NA,NA,NA,NA,NA,NA,NA,NA,NA,TRUE
cases,2020,year,CHFL,CHFL,35 - 44,agegroup_sti,all,all,150,1227529,12.22,NA,NA,NA,NA,NA,NA,NA,NA,NA,TRUE
cases,2020,year,CHFL,CHFL,45 - 54,agegroup_sti,all,all,243,1262568,19.25,NA,NA,NA,NA,NA,NA,NA,NA,NA,TRUE
cases,2020,year,CHFL,CHFL,55 - 64,agegroup_sti,all,all,200,1182802,16.91,NA,NA,NA,NA,NA,NA,NA,NA,NA,TRUE
cases,2020,year,CHFL,CHFL,65+,agegroup_sti,all,all,142,1636951,8.67,NA,NA,NA,NA,NA,NA,NA,NA,NA,TRUE
cases,2020,year,CHFL,CHFL,unknown,agegroup_sti,all,all,4,NA,NA,NA,NA,NA,NA,NA,NA,NA,NA,NA,TRUE
cases,2021,year,CHFL,CHFL,0 - 14,agegroup_sti,all,all,0,1325366,0,NA,NA,NA,NA,NA,NA,NA,NA,NA,TRUE
cases,2021,year,CHFL,CHFL,15 - 24,agegroup_sti,all,all,16,898936,1.78,NA,NA,NA,NA,NA,NA,NA,NA,NA,TRUE
cases,2021,year,CHFL,CHFL,25 - 34,agegroup_sti,all,all,94,1187369,7.92,NA,NA,NA,NA,NA,NA,NA,NA,NA,TRUE
cases,2021,year,CHFL,CHFL,35 - 44,agegroup_sti,all,all,153,1243837,12.3,NA,NA,NA,NA,NA,NA,NA,NA,NA,TRUE
cases,2021,year,CHFL,CHFL,45 - 54,agegroup_sti,all,all,229,1246084,18.38,NA,NA,NA,NA,NA,NA,NA,NA,NA,TRUE
cases,2021,year,CHFL,CHFL,55 - 64,agegroup_sti,all,all,241,1207650,19.96,NA,NA,NA,NA,NA,NA,NA,NA,NA,TRUE
cases,2021,year,CHFL,CHFL,65+,agegroup_sti,all,all,165,1668857,9.89,NA,NA,NA,NA,NA,NA,NA,NA,NA,TRUE
cases,2021,year,CHFL,CHFL,unknown,agegroup_sti,all,all,2,NA,NA,NA,NA,NA,NA,NA,NA,NA,NA,NA,TRUE
cases,2022,year,CHFL,CHFL,0 - 14,agegroup_sti,all,all,6,1332501,0.45,NA,NA,NA,NA,NA,NA,NA,NA,NA,TRUE
cases,2022,year,CHFL,CHFL,15 - 24,agegroup_sti,all,all,17,900567,1.89,NA,NA,NA,NA,NA,NA,NA,NA,NA,TRUE
cases,2022,year,CHFL,CHFL,25 - 34,agegroup_sti,all,all,68,1194949,5.69,NA,NA,NA,NA,NA,NA,NA,NA,NA,TRUE
cases,2022,year,CHFL,CHFL,35 - 44,agegroup_sti,all,all,196,1263179,15.52,NA,NA,NA,NA,NA,NA,NA,NA,NA,TRUE
cases,2022,year,CHFL,CHFL,45 - 54,agegroup_sti,all,all,300,1236387,24.26,NA,NA,NA,NA,NA,NA,NA,NA,NA,TRUE
cases,2022,year,CHFL,CHFL,55 - 64,agegroup_sti,all,all,254,1228061,20.68,NA,NA,NA,NA,NA,NA,NA,NA,NA,TRUE
cases,2022,year,CHFL,CHFL,65+,agegroup_sti,all,all,185,1699418,10.89,NA,NA,NA,NA,NA,NA,NA,NA,NA,TRUE
cases,2022,year,CHFL,CHFL,unknown,agegroup_sti,all,all,1,NA,NA,NA,NA,NA,NA,NA,NA,NA,NA,NA,TRUE
cases,2023,year,CHFL,CHFL,0 - 14,agegroup_sti,all,all,3,1349148,0.22,NA,NA,NA,NA,NA,NA,NA,NA,NA,TRUE
cases,2023,year,CHFL,CHFL,15 - 24,agegroup_sti,all,all,27,919394,2.94,NA,NA,NA,NA,NA,NA,NA,NA,NA,TRUE
cases,2023,year,CHFL,CHFL,25 - 34,agegroup_sti,all,all,109,1208748,9.02,NA,NA,NA,NA,NA,NA,NA,NA,NA,TRUE
cases,2023,year,CHFL,CHFL,35 - 44,agegroup_sti,all,all,211,1299239,16.24,NA,NA,NA,NA,NA,NA,NA,NA,NA,TRUE
cases,2023,year,CHFL,CHFL,45 - 54,agegroup_sti,all,all,249,1236580,20.14,NA,NA,NA,NA,NA,NA,NA,NA,NA,TRUE
cases,2023,year,CHFL,CHFL,55 - 64,agegroup_sti,all,all,246,1250773,19.67,NA,NA,NA,NA,NA,NA,NA,NA,NA,TRUE
cases,2023,year,CHFL,CHFL,65+,agegroup_sti,all,all,195,1738391,11.22,NA,NA,NA,NA,NA,NA,NA,NA,NA,TRUE
cases,2023,year,CHFL,CHFL,unknown,agegroup_sti,all,all,0,NA,NA,NA,NA,NA,NA,NA,NA,NA,NA,NA,TRUE
cases,2024,year,CHFL,CHFL,0 - 14,agegroup_sti,all,all,5,1348976,0.37,NA,NA,NA,NA,NA,NA,NA,NA,NA,TRUE
cases,2024,year,CHFL,CHFL,15 - 24,agegroup_sti,all,all,26,932570,2.79,NA,NA,NA,NA,NA,NA,NA,NA,NA,TRUE
cases,2024,year,CHFL,CHFL,25 - 34,agegroup_sti,all,all,108,1211964,8.91,NA,NA,NA,NA,NA,NA,NA,NA,NA,TRUE
cases,2024,year,CHFL,CHFL,35 - 44,agegroup_sti,all,all,211,1320867,15.97,NA,NA,NA,NA,NA,NA,NA,NA,NA,TRUE
cases,2024,year,CHFL,CHFL,45 - 54,agegroup_sti,all,all,252,1235592,20.4,NA,NA,NA,NA,NA,NA,NA,NA,NA,TRUE
cases,2024,year,CHFL,CHFL,55 - 64,agegroup_sti,all,all,268,1264238,21.2,NA,NA,NA,NA,NA,NA,NA,NA,NA,TRUE
cases,2024,year,CHFL,CHFL,65+,agegroup_sti,all,all,176,1777708,9.9,NA,NA,NA,NA,NA,NA,NA,NA,NA,TRUE
cases,2024,year,CHFL,CHFL,unknown,agegroup_sti,all,all,2,NA,NA,NA,NA,NA,NA,NA,NA,NA,NA,NA,TRUE
cases,2025,year,CHFL,CHFL,0 - 14,agegroup_sti,all,all,1,1340058,0.07,NA,NA,NA,NA,NA,NA,NA,NA,NA,TRUE
cases,2025,year,CHFL,CHFL,15 - 24,agegroup_sti,all,all,17,937001,1.81,NA,NA,NA,NA,NA,NA,NA,NA,NA,TRUE
cases,2025,year,CHFL,CHFL,25 - 34,agegroup_sti,all,all,90,1206400,7.46,NA,NA,NA,NA,NA,NA,NA,NA,NA,TRUE
cases,2025,year,CHFL,CHFL,35 - 44,agegroup_sti,all,all,196,1332463,14.71,NA,NA,NA,NA,NA,NA,NA,NA,NA,TRUE
cases,2025,year,CHFL,CHFL,45 - 54,agegroup_sti,all,all,215,1235719,17.4,NA,NA,NA,NA,NA,NA,NA,NA,NA,TRUE
cases,2025,year,CHFL,CHFL,55 - 64,agegroup_sti,all,all,221,1264836,17.47,NA,NA,NA,NA,NA,NA,NA,NA,NA,TRUE
cases,2025,year,CHFL,CHFL,65+,agegroup_sti,all,all,184,1810648,10.16,NA,NA,NA,NA,NA,NA,NA,NA,NA,TRUE
cases,2025,year,CHFL,CHFL,unknown,agegroup_sti,all,all,0,NA,NA,NA,NA,NA,NA,NA,NA,NA,NA,NA,TRUE
cases,2013,year,CHFL,CHFL,all,agegroup_sti,female,all,676,4136269,16.34,NA,NA,NA,NA,39.3,NA,NA,NA,NA,TRUE
cases,2013,year,CHFL,CHFL,all,agegroup_sti,male,all,1045,4040491,25.86,NA,NA,NA,NA,60.7,NA,NA,NA,NA,TRUE
cases,2013,year,CHFL,CHFL,all,agegroup_sti,unknown,all,0,NA,NA,NA,NA,NA,NA,0,NA,NA,NA,NA,TRUE
cases,2014,year,CHFL,CHFL,all,agegroup_sti,female,all,628,4182599,15.01,NA,NA,NA,NA,38,NA,NA,NA,NA,TRUE
cases,2014,year,CHFL,CHFL,all,agegroup_sti,male,all,1020,4092433,24.92,NA,NA,NA,NA,61.7,NA,NA,NA,NA,TRUE
cases,2014,year,CHFL,CHFL,all,agegroup_sti,unknown,all,5,NA,NA,NA,NA,NA,NA,0.3,NA,NA,NA,NA,TRUE
cases,2015,year,CHFL,CHFL,all,agegroup_sti,female,all,584,4224617,13.82,NA,NA,NA,NA,40.6,NA,NA,NA,NA,TRUE
cases,2015,year,CHFL,CHFL,all,agegroup_sti,male,all,855,4140131,20.65,NA,NA,NA,NA,59.4,NA,NA,NA,NA,TRUE
cases,2015,year,CHFL,CHFL,all,agegroup_sti,unknown,all,0,NA,NA,NA,NA,NA,NA,0,NA,NA,NA,NA,TRUE
cases,2016,year,CHFL,CHFL,all,agegroup_sti,female,all,586,4265177,13.74,NA,NA,NA,NA,39,NA,NA,NA,NA,TRUE
cases,2016,year,CHFL,CHFL,all,agegroup_sti,male,all,911,4192183,21.73,NA,NA,NA,NA,60.7,NA,NA,NA,NA,TRUE
cases,2016,year,CHFL,CHFL,all,agegroup_sti,unknown,all,4,NA,NA,NA,NA,NA,NA,0.3,NA,NA,NA,NA,TRUE
cases,2017,year,CHFL,CHFL,all,agegroup_sti,female,all,516,4296920,12.01,NA,NA,NA,NA,37.6,NA,NA,NA,NA,TRUE
cases,2017,year,CHFL,CHFL,all,agegroup_sti,male,all,852,4225324,20.16,NA,NA,NA,NA,62.1,NA,NA,NA,NA,TRUE
cases,2017,year,CHFL,CHFL,all,agegroup_sti,unknown,all,4,NA,NA,NA,NA,NA,NA,0.3,NA,NA,NA,NA,TRUE
cases,2018,year,CHFL,CHFL,all,agegroup_sti,female,all,468,4326759,10.82,NA,NA,NA,NA,36.9,NA,NA,NA,NA,TRUE
cases,2018,year,CHFL,CHFL,all,agegroup_sti,male,all,798,4256146,18.75,NA,NA,NA,NA,62.9,NA,NA,NA,NA,TRUE
cases,2018,year,CHFL,CHFL,all,agegroup_sti,unknown,all,2,NA,NA,NA,NA,NA,NA,0.2,NA,NA,NA,NA,TRUE
cases,2019,year,CHFL,CHFL,all,agegroup_sti,female,all,401,4356702,9.2,NA,NA,NA,NA,39.8,NA,NA,NA,NA,TRUE
cases,2019,year,CHFL,CHFL,all,agegroup_sti,male,all,607,4288078,14.16,NA,NA,NA,NA,60.2,NA,NA,NA,NA,TRUE
cases,2019,year,CHFL,CHFL,all,agegroup_sti,unknown,all,0,NA,NA,NA,NA,NA,NA,0,NA,NA,NA,NA,TRUE
cases,2020,year,CHFL,CHFL,all,agegroup_sti,female,all,336,4387388,7.66,NA,NA,NA,NA,38.8,NA,NA,NA,NA,TRUE
cases,2020,year,CHFL,CHFL,all,agegroup_sti,male,all,527,4321967,12.19,NA,NA,NA,NA,60.9,NA,NA,NA,NA,TRUE
cases,2020,year,CHFL,CHFL,all,agegroup_sti,unknown,all,2,NA,NA,NA,NA,NA,NA,0.2,NA,NA,NA,NA,TRUE
cases,2021,year,CHFL,CHFL,all,agegroup_sti,female,all,386,4420400,8.73,NA,NA,NA,NA,42.9,NA,NA,NA,NA,TRUE
cases,2021,year,CHFL,CHFL,all,agegroup_sti,male,all,513,4357699,11.77,NA,NA,NA,NA,57,NA,NA,NA,NA,TRUE
cases,2021,year,CHFL,CHFL,all,agegroup_sti,unknown,all,1,NA,NA,NA,NA,NA,NA,0.1,NA,NA,NA,NA,TRUE
cases,2022,year,CHFL,CHFL,all,agegroup_sti,female,all,412,4455421,9.25,NA,NA,NA,NA,40.1,NA,NA,NA,NA,TRUE
cases,2022,year,CHFL,CHFL,all,agegroup_sti,male,all,614,4399641,13.96,NA,NA,NA,NA,59.8,NA,NA,NA,NA,TRUE
cases,2022,year,CHFL,CHFL,all,agegroup_sti,unknown,all,1,NA,NA,NA,NA,NA,NA,0.1,NA,NA,NA,NA,TRUE
cases,2023,year,CHFL,CHFL,all,agegroup_sti,female,all,421,4530882,9.29,NA,NA,NA,NA,40.5,NA,NA,NA,NA,TRUE
cases,2023,year,CHFL,CHFL,all,agegroup_sti,male,all,619,4471391,13.84,NA,NA,NA,NA,59.5,NA,NA,NA,NA,TRUE
cases,2023,year,CHFL,CHFL,all,agegroup_sti,unknown,all,0,NA,NA,NA,NA,NA,NA,0,NA,NA,NA,NA,TRUE
cases,2024,year,CHFL,CHFL,all,agegroup_sti,female,all,420,4571296,9.19,NA,NA,NA,NA,40.1,NA,NA,NA,NA,TRUE
cases,2024,year,CHFL,CHFL,all,agegroup_sti,male,all,627,4520619,13.87,NA,NA,NA,NA,59.8,NA,NA,NA,NA,TRUE
cases,2024,year,CHFL,CHFL,all,agegroup_sti,unknown,all,1,NA,NA,NA,NA,NA,NA,0.1,NA,NA,NA,NA,TRUE
cases,2025,year,CHFL,CHFL,all,agegroup_sti,female,all,353,4586802,7.7,NA,NA,NA,NA,38.2,NA,NA,NA,NA,TRUE
cases,2025,year,CHFL,CHFL,all,agegroup_sti,male,all,571,4540323,12.58,NA,NA,NA,NA,61.8,NA,NA,NA,NA,TRUE
cases,2025,year,CHFL,CHFL,all,agegroup_sti,unknown,all,0,NA,NA,NA,NA,NA,NA,0,NA,NA,NA,NA,TRUE
