valueCategory,temporal,temporal_type,georegion,georegion_type,type,value,pop,incValue,valueYearCumSum,trend,deltaValue,deltaIncValue,incValuePrctChange,valueMean5y
cases,2013-M01,month,CHFL,CHFL,all,0,8176573,0,0,NA,NA,NA,NA,NA
cases,2013-M02,month,CHFL,CHFL,all,0,8176573,0,0,NA,NA,NA,NA,NA
cases,2013-M03,month,CHFL,CHFL,all,0,8176573,0,0,NA,NA,NA,NA,NA
cases,2013-M04,month,CHFL,CHFL,all,0,8176573,0,0,stagnant,NA,NA,NA,NA
cases,2013-M05,month,CHFL,CHFL,all,0,8176573,0,0,stagnant,NA,NA,NA,NA
cases,2013-M06,month,CHFL,CHFL,all,0,8176573,0,0,stagnant,NA,NA,NA,NA
cases,2013-M07,month,CHFL,CHFL,all,1,8176573,0.01,1,stagnant,NA,NA,NA,NA
cases,2013-M08,month,CHFL,CHFL,all,1,8176573,0.01,2,stagnant,NA,NA,NA,NA
cases,2013-M09,month,CHFL,CHFL,all,1,8176573,0.01,3,stagnant,NA,NA,NA,NA
cases,2013-M10,month,CHFL,CHFL,all,0,8176573,0,3,stagnant,NA,NA,NA,NA
cases,2013-M11,month,CHFL,CHFL,all,0,8176573,0,3,stagnant,NA,NA,NA,NA
cases,2013-M12,month,CHFL,CHFL,all,1,8176573,0.01,4,stagnant,NA,NA,NA,NA
cases,2014-M01,month,CHFL,CHFL,all,1,8274608,0.01,1,stagnant,NA,NA,NA,NA
cases,2014-M02,month,CHFL,CHFL,all,0,8274608,0,1,stagnant,NA,NA,NA,NA
cases,2014-M03,month,CHFL,CHFL,all,0,8274608,0,1,stagnant,NA,NA,NA,NA
cases,2014-M04,month,CHFL,CHFL,all,4,8274608,0.05,5,stagnant,NA,NA,NA,NA
cases,2014-M05,month,CHFL,CHFL,all,6,8274608,0.07,11,rising,NA,NA,NA,NA
cases,2014-M06,month,CHFL,CHFL,all,15,8274608,0.18,26,rising,NA,NA,NA,NA
cases,2014-M07,month,CHFL,CHFL,all,20,8274608,0.24,46,rising,NA,NA,NA,NA
cases,2014-M08,month,CHFL,CHFL,all,8,8274608,0.1,54,stagnant,NA,NA,NA,NA
cases,2014-M09,month,CHFL,CHFL,all,3,8274608,0.04,57,falling,NA,NA,NA,NA
cases,2014-M10,month,CHFL,CHFL,all,8,8274608,0.1,65,falling,NA,NA,NA,NA
cases,2014-M11,month,CHFL,CHFL,all,12,8274608,0.15,77,stagnant,NA,NA,NA,NA
cases,2014-M12,month,CHFL,CHFL,all,5,8274608,0.06,82,stagnant,NA,NA,NA,NA
cases,2015-M01,month,CHFL,CHFL,all,5,8362816,0.06,5,stagnant,NA,NA,NA,NA
cases,2015-M02,month,CHFL,CHFL,all,1,8362816,0.01,6,falling,NA,NA,NA,NA
cases,2015-M03,month,CHFL,CHFL,all,8,8362816,0.1,14,stagnant,NA,NA,NA,NA
cases,2015-M04,month,CHFL,CHFL,all,0,8362816,0,14,stagnant,NA,NA,NA,NA
cases,2015-M05,month,CHFL,CHFL,all,3,8362816,0.04,17,stagnant,NA,NA,NA,NA
cases,2015-M06,month,CHFL,CHFL,all,0,8362816,0,17,falling,NA,NA,NA,NA
cases,2015-M07,month,CHFL,CHFL,all,6,8362816,0.07,23,rising,NA,NA,NA,NA
cases,2015-M08,month,CHFL,CHFL,all,5,8362816,0.06,28,stagnant,NA,NA,NA,NA
cases,2015-M09,month,CHFL,CHFL,all,1,8362816,0.01,29,stagnant,NA,NA,NA,NA
cases,2015-M10,month,CHFL,CHFL,all,1,8362816,0.01,30,falling,NA,NA,NA,NA
cases,2015-M11,month,CHFL,CHFL,all,3,8362816,0.04,33,stagnant,NA,NA,NA,NA
cases,2015-M12,month,CHFL,CHFL,all,7,8362816,0.08,40,rising,NA,NA,NA,NA
cases,2016-M01,month,CHFL,CHFL,all,4,8457360,0.05,4,stagnant,NA,NA,NA,NA
cases,2016-M02,month,CHFL,CHFL,all,2,8457360,0.02,6,stagnant,NA,NA,NA,NA
cases,2016-M03,month,CHFL,CHFL,all,2,8457360,0.02,8,falling,NA,NA,NA,NA
cases,2016-M04,month,CHFL,CHFL,all,1,8457360,0.01,9,stagnant,NA,NA,NA,NA
cases,2016-M05,month,CHFL,CHFL,all,5,8457360,0.06,14,stagnant,NA,NA,NA,NA
cases,2016-M06,month,CHFL,CHFL,all,4,8457360,0.05,18,stagnant,NA,NA,NA,NA
cases,2016-M07,month,CHFL,CHFL,all,2,8457360,0.02,20,stagnant,NA,NA,NA,NA
cases,2016-M08,month,CHFL,CHFL,all,1,8457360,0.01,21,stagnant,NA,NA,NA,NA
cases,2016-M09,month,CHFL,CHFL,all,3,8457360,0.04,24,stagnant,NA,NA,NA,NA
cases,2016-M10,month,CHFL,CHFL,all,2,8457360,0.02,26,stagnant,NA,NA,NA,NA
cases,2016-M11,month,CHFL,CHFL,all,1,8457360,0.01,27,stagnant,NA,NA,NA,NA
cases,2016-M12,month,CHFL,CHFL,all,0,8457360,0,27,stagnant,NA,NA,NA,NA
cases,2017-M01,month,CHFL,CHFL,all,0,8522244,0,0,falling,NA,NA,NA,NA
cases,2017-M02,month,CHFL,CHFL,all,0,8522244,0,0,stagnant,NA,NA,NA,NA
cases,2017-M03,month,CHFL,CHFL,all,2,8522244,0.02,2,stagnant,NA,NA,NA,NA
cases,2017-M04,month,CHFL,CHFL,all,4,8522244,0.05,6,rising,NA,NA,NA,NA
cases,2017-M05,month,CHFL,CHFL,all,3,8522244,0.04,9,stagnant,NA,NA,NA,NA
cases,2017-M06,month,CHFL,CHFL,all,2,8522244,0.02,11,stagnant,NA,NA,NA,NA
cases,2017-M07,month,CHFL,CHFL,all,1,8522244,0.01,12,stagnant,NA,NA,NA,NA
cases,2017-M08,month,CHFL,CHFL,all,3,8522244,0.04,15,stagnant,NA,NA,NA,NA
cases,2017-M09,month,CHFL,CHFL,all,2,8522244,0.02,17,stagnant,NA,NA,NA,NA
cases,2017-M10,month,CHFL,CHFL,all,0,8522244,0,17,stagnant,NA,NA,NA,NA
cases,2017-M11,month,CHFL,CHFL,all,1,8522244,0.01,18,stagnant,NA,NA,NA,NA
cases,2017-M12,month,CHFL,CHFL,all,0,8522244,0,18,stagnant,NA,NA,NA,NA
cases,2018-M01,month,CHFL,CHFL,all,0,8582905,0,0,stagnant,NA,NA,NA,NA
cases,2018-M02,month,CHFL,CHFL,all,0,8582905,0,0,stagnant,NA,NA,NA,NA
cases,2018-M03,month,CHFL,CHFL,all,0,8582905,0,0,stagnant,NA,NA,NA,NA
cases,2018-M04,month,CHFL,CHFL,all,1,8582905,0.01,1,stagnant,NA,NA,NA,NA
cases,2018-M05,month,CHFL,CHFL,all,0,8582905,0,1,stagnant,NA,NA,NA,NA
cases,2018-M06,month,CHFL,CHFL,all,0,8582905,0,1,stagnant,NA,NA,NA,NA
cases,2018-M07,month,CHFL,CHFL,all,0,8582905,0,1,stagnant,NA,NA,NA,NA
cases,2018-M08,month,CHFL,CHFL,all,2,8582905,0.02,3,stagnant,NA,NA,NA,NA
cases,2018-M09,month,CHFL,CHFL,all,0,8582905,0,3,stagnant,NA,NA,NA,NA
cases,2018-M10,month,CHFL,CHFL,all,0,8582905,0,3,stagnant,NA,NA,NA,NA
cases,2018-M11,month,CHFL,CHFL,all,1,8582905,0.01,4,stagnant,NA,NA,NA,NA
cases,2018-M12,month,CHFL,CHFL,all,2,8582905,0.02,6,rising,NA,NA,NA,NA
cases,2019-M01,month,CHFL,CHFL,all,6,8644780,0.07,6,rising,NA,NA,NA,NA
cases,2019-M02,month,CHFL,CHFL,all,2,8644780,0.02,8,stagnant,NA,NA,NA,NA
cases,2019-M03,month,CHFL,CHFL,all,6,8644780,0.07,14,stagnant,NA,NA,NA,NA
cases,2019-M04,month,CHFL,CHFL,all,5,8644780,0.06,19,stagnant,NA,NA,NA,NA
cases,2019-M05,month,CHFL,CHFL,all,3,8644780,0.03,22,stagnant,NA,NA,NA,NA
cases,2019-M06,month,CHFL,CHFL,all,1,8644780,0.01,23,falling,NA,NA,NA,NA
cases,2019-M07,month,CHFL,CHFL,all,4,8644780,0.05,27,stagnant,NA,NA,NA,NA
cases,2019-M08,month,CHFL,CHFL,all,4,8644780,0.05,31,stagnant,NA,NA,NA,NA
cases,2019-M09,month,CHFL,CHFL,all,1,8644780,0.01,32,stagnant,NA,NA,NA,NA
cases,2019-M10,month,CHFL,CHFL,all,4,8644780,0.05,36,stagnant,NA,NA,NA,NA
cases,2019-M11,month,CHFL,CHFL,all,6,8644780,0.07,42,stagnant,NA,NA,NA,NA
cases,2019-M12,month,CHFL,CHFL,all,4,8644780,0.05,46,stagnant,NA,NA,NA,NA
cases,2020-M01,month,CHFL,CHFL,all,2,8709355,0.02,2,stagnant,NA,NA,NA,NA
cases,2020-M02,month,CHFL,CHFL,all,0,8709355,0,2,falling,NA,NA,NA,NA
cases,2020-M03,month,CHFL,CHFL,all,2,8709355,0.02,4,stagnant,NA,NA,NA,NA
cases,2020-M04,month,CHFL,CHFL,all,0,8709355,0,4,stagnant,NA,NA,NA,NA
cases,2020-M05,month,CHFL,CHFL,all,0,8709355,0,4,stagnant,NA,NA,NA,NA
cases,2020-M06,month,CHFL,CHFL,all,0,8709355,0,4,stagnant,NA,NA,NA,NA
cases,2020-M07,month,CHFL,CHFL,all,0,8709355,0,4,stagnant,NA,NA,NA,NA
cases,2020-M08,month,CHFL,CHFL,all,0,8709355,0,4,stagnant,NA,NA,NA,NA
cases,2020-M09,month,CHFL,CHFL,all,0,8709355,0,4,stagnant,NA,NA,NA,NA
cases,2020-M10,month,CHFL,CHFL,all,0,8709355,0,4,stagnant,NA,NA,NA,NA
cases,2020-M11,month,CHFL,CHFL,all,0,8709355,0,4,stagnant,NA,NA,NA,NA
cases,2020-M12,month,CHFL,CHFL,all,0,8709355,0,4,stagnant,NA,NA,NA,NA
cases,2021-M01,month,CHFL,CHFL,all,0,8778099,0,0,stagnant,NA,NA,NA,NA
cases,2021-M02,month,CHFL,CHFL,all,1,8778099,0.01,1,stagnant,NA,NA,NA,NA
cases,2021-M03,month,CHFL,CHFL,all,0,8778099,0,1,stagnant,NA,NA,NA,NA
cases,2021-M04,month,CHFL,CHFL,all,0,8778099,0,1,stagnant,NA,NA,NA,NA
cases,2021-M05,month,CHFL,CHFL,all,1,8778099,0.01,2,stagnant,NA,NA,NA,NA
cases,2021-M06,month,CHFL,CHFL,all,1,8778099,0.01,3,stagnant,NA,NA,NA,NA
cases,2021-M07,month,CHFL,CHFL,all,1,8778099,0.01,4,stagnant,NA,NA,NA,NA
cases,2021-M08,month,CHFL,CHFL,all,1,8778099,0.01,5,stagnant,NA,NA,NA,NA
cases,2021-M09,month,CHFL,CHFL,all,0,8778099,0,5,stagnant,NA,NA,NA,NA
cases,2021-M10,month,CHFL,CHFL,all,1,8778099,0.01,6,stagnant,NA,NA,NA,NA
cases,2021-M11,month,CHFL,CHFL,all,1,8778099,0.01,7,stagnant,NA,NA,NA,NA
cases,2021-M12,month,CHFL,CHFL,all,0,8778099,0,7,stagnant,NA,NA,NA,NA
cases,2022-M01,month,CHFL,CHFL,all,0,8855062,0,0,stagnant,NA,NA,NA,NA
cases,2022-M02,month,CHFL,CHFL,all,0,8855062,0,0,stagnant,NA,NA,NA,NA
cases,2022-M03,month,CHFL,CHFL,all,0,8855062,0,0,stagnant,NA,NA,NA,NA
cases,2022-M04,month,CHFL,CHFL,all,0,8855062,0,0,stagnant,NA,NA,NA,NA
cases,2022-M05,month,CHFL,CHFL,all,1,8855062,0.01,1,stagnant,NA,NA,NA,NA
cases,2022-M06,month,CHFL,CHFL,all,0,8855062,0,1,stagnant,NA,NA,NA,NA
cases,2022-M07,month,CHFL,CHFL,all,0,8855062,0,1,stagnant,NA,NA,NA,NA
cases,2022-M08,month,CHFL,CHFL,all,0,8855062,0,1,stagnant,NA,NA,NA,NA
cases,2022-M09,month,CHFL,CHFL,all,1,8855062,0.01,2,stagnant,NA,NA,NA,NA
cases,2022-M10,month,CHFL,CHFL,all,1,8855062,0.01,3,stagnant,NA,NA,NA,NA
cases,2022-M11,month,CHFL,CHFL,all,1,8855062,0.01,4,stagnant,NA,NA,NA,NA
cases,2022-M12,month,CHFL,CHFL,all,3,8855062,0.03,7,stagnant,NA,NA,NA,NA
cases,2023-M01,month,CHFL,CHFL,all,4,9002273,0.04,4,stagnant,NA,NA,NA,NA
cases,2023-M02,month,CHFL,CHFL,all,5,9002273,0.06,9,stagnant,NA,NA,NA,NA
cases,2023-M03,month,CHFL,CHFL,all,1,9002273,0.01,10,stagnant,NA,NA,NA,NA
cases,2023-M04,month,CHFL,CHFL,all,1,9002273,0.01,11,stagnant,NA,NA,NA,NA
cases,2023-M05,month,CHFL,CHFL,all,4,9002273,0.04,15,stagnant,NA,NA,NA,NA
cases,2023-M06,month,CHFL,CHFL,all,1,9002273,0.01,16,stagnant,NA,NA,NA,NA
cases,2023-M07,month,CHFL,CHFL,all,0,9002273,0,16,stagnant,NA,NA,NA,NA
cases,2023-M08,month,CHFL,CHFL,all,6,9002273,0.07,22,stagnant,NA,NA,NA,NA
cases,2023-M09,month,CHFL,CHFL,all,1,9002273,0.01,23,stagnant,NA,NA,NA,NA
cases,2023-M10,month,CHFL,CHFL,all,1,9002273,0.01,24,stagnant,NA,NA,NA,NA
cases,2023-M11,month,CHFL,CHFL,all,5,9002273,0.06,29,stagnant,NA,NA,NA,NA
cases,2023-M12,month,CHFL,CHFL,all,2,9002273,0.02,31,stagnant,NA,NA,NA,NA
cases,2024-M01,month,CHFL,CHFL,all,3,9091915,0.03,3,stagnant,NA,NA,NA,NA
cases,2024-M02,month,CHFL,CHFL,all,3,9091915,0.03,6,stagnant,NA,NA,NA,NA
cases,2024-M03,month,CHFL,CHFL,all,2,9091915,0.02,8,stagnant,NA,NA,NA,NA
cases,2024-M04,month,CHFL,CHFL,all,3,9091915,0.03,11,stagnant,NA,NA,NA,NA
cases,2024-M05,month,CHFL,CHFL,all,0,9091915,0,11,stagnant,NA,NA,NA,NA
cases,2024-M06,month,CHFL,CHFL,all,0,9091915,0,11,stagnant,NA,NA,NA,NA
cases,2024-M07,month,CHFL,CHFL,all,2,9091915,0.02,13,stagnant,NA,NA,NA,NA
cases,2024-M08,month,CHFL,CHFL,all,2,9091915,0.02,15,stagnant,NA,NA,NA,NA
cases,2024-M09,month,CHFL,CHFL,all,3,9091915,0.03,18,stagnant,NA,NA,NA,NA
cases,2024-M10,month,CHFL,CHFL,all,1,9091915,0.01,19,stagnant,NA,NA,NA,NA
cases,2024-M11,month,CHFL,CHFL,all,0,9091915,0,19,stagnant,NA,NA,NA,NA
cases,2024-M12,month,CHFL,CHFL,all,1,9091915,0.01,20,stagnant,NA,NA,NA,NA
cases,2025-M01,month,CHFL,CHFL,all,1,9091915,0.01,1,stagnant,NA,NA,NA,NA
cases,2025-M02,month,CHFL,CHFL,all,4,9091915,0.04,5,rising,NA,NA,NA,NA
cases,2025-M03,month,CHFL,CHFL,all,6,9091915,0.07,11,rising,NA,NA,NA,NA
cases,2025-M04,month,CHFL,CHFL,all,11,9091915,0.12,22,rising,NA,NA,NA,NA
cases,2025-M05,month,CHFL,CHFL,all,16,9091915,0.18,38,rising,NA,NA,NA,NA
cases,2025-M06,month,CHFL,CHFL,all,9,9091915,0.1,47,stagnant,NA,NA,NA,NA
cases,2025-M07,month,CHFL,CHFL,all,10,9091915,0.11,57,stagnant,NA,NA,NA,NA
cases,2025-M08,month,CHFL,CHFL,all,8,9091915,0.09,65,stagnant,NA,NA,NA,NA
cases,2025-M09,month,CHFL,CHFL,all,4,9091915,0.04,69,stagnant,NA,NA,NA,NA
cases,2025-M10,month,CHFL,CHFL,all,19,9091915,0.21,88,stagnant,NA,NA,NA,NA
cases,2025-M11,month,CHFL,CHFL,all,24,9091915,0.26,112,rising,NA,NA,NA,NA
cases,2025-M12,month,CHFL,CHFL,all,7,9091915,0.08,119,stagnant,NA,NA,NA,NA
cases,2026-M01,month,CHFL,CHFL,all,12,9091674,0.13,12,falling,NA,NA,NA,NA
cases,2026-M02,month,CHFL,CHFL,all,11,9091674,0.12,23,falling,NA,NA,NA,NA
cases,2026-M03,month,CHFL,CHFL,all,10,9091674,0.11,33,stagnant,NA,NA,NA,NA
cases,2026-M04,month,CHFL,CHFL,all,9,9091674,0.1,42,stagnant,NA,NA,NA,NA
cases,2026-M05,month,CHFL,CHFL,all,3,9091674,0.03,45,stagnant,NA,NA,NA,NA
cases,2026-M06,month,CHFL,CHFL,all,2,9091674,0.02,47,falling,NA,NA,NA,NA
cases,2013,year,CHFL,CHFL,all,4,8176573,0.05,NA,NA,NA,NA,NA,NA
cases,2014,year,CHFL,CHFL,all,82,8274608,0.99,NA,NA,78,0.94,1880,NA
cases,2015,year,CHFL,CHFL,all,40,8362816,0.48,NA,rising,-42,-0.51,-51.5,NA
cases,2016,year,CHFL,CHFL,all,27,8457360,0.32,NA,falling,-13,-0.16,-33.3,NA
cases,2017,year,CHFL,CHFL,all,18,8522244,0.21,NA,falling,-9,-0.11,-34.4,34.2
cases,2018,year,CHFL,CHFL,all,6,8582905,0.07,NA,falling,-12,-0.14,-66.7,34.6
cases,2019,year,CHFL,CHFL,all,46,8644780,0.53,NA,rising,40,0.46,657.1,27.4
cases,2020,year,CHFL,CHFL,all,4,8709355,0.05,NA,stagnant,-42,-0.48,-90.6,20.2
cases,2021,year,CHFL,CHFL,all,7,8778099,0.08,NA,falling,3,0.03,60,16.2
cases,2022,year,CHFL,CHFL,all,7,8855062,0.08,NA,stagnant,0,0,0,14
cases,2023,year,CHFL,CHFL,all,31,9002273,0.34,NA,rising,24,0.26,325,19
cases,2024,year,CHFL,CHFL,all,20,9091915,0.22,NA,rising,-11,-0.12,-35.3,13.8
cases,2025,year,CHFL,CHFL,all,119,9091915,1.31,NA,rising,99,1.09,495.5,36.8
cases,2013,year,CH,country,all,4,8176573,0.05,NA,NA,NA,NA,NA,NA
cases,2014,year,CH,country,all,82,8274608,0.99,NA,NA,78,0.94,1880,NA
cases,2015,year,CH,country,all,40,8362816,0.48,NA,rising,-42,-0.51,-51.5,NA
cases,2016,year,CH,country,all,27,8457360,0.32,NA,falling,-13,-0.16,-33.3,NA
cases,2017,year,CH,country,all,18,8522244,0.21,NA,falling,-9,-0.11,-34.4,34.2
cases,2018,year,CH,country,all,6,8582905,0.07,NA,falling,-12,-0.14,-66.7,34.6
cases,2019,year,CH,country,all,46,8644780,0.53,NA,rising,40,0.46,657.1,27.4
cases,2020,year,CH,country,all,4,8709355,0.05,NA,stagnant,-42,-0.48,-90.6,20.2
cases,2021,year,CH,country,all,7,8778099,0.08,NA,falling,3,0.03,60,16.2
cases,2022,year,CH,country,all,7,8855062,0.08,NA,stagnant,0,0,0,14
cases,2023,year,CH,country,all,31,9002273,0.34,NA,rising,24,0.26,325,19
cases,2024,year,CH,country,all,20,9091915,0.22,NA,rising,-11,-0.12,-35.3,13.8
cases,2025,year,CH,country,all,119,9091915,1.31,NA,rising,99,1.09,495.5,36.8
