valueCategory,temporal,temporal_type,georegion,georegion_type,type,value,pop,incValue,deltaValue,deltaIncValue,incValuePrctChange,valueMean5y,trend
cases,2013,year,CH,country,all,0,8139631,0,NA,NA,NA,NA,NA
cases,2014,year,CH,country,all,0,8237666,0,0,0,NA,NA,NA
cases,2015,year,CH,country,all,0,8325194,0,0,0,NA,NA,falling
cases,2016,year,CH,country,all,0,8419550,0,0,0,NA,NA,falling
cases,2017,year,CH,country,all,0,8484130,0,0,0,NA,0,falling
cases,2018,year,CH,country,all,1,8544527,0.01,1,0.01,NA,0.2,rising
cases,2019,year,CH,country,all,0,8606033,0,-1,-0.01,-100,0.2,falling
cases,2020,year,CH,country,all,0,8670300,0,0,0,NA,0.2,falling
cases,2021,year,CH,country,all,0,8738791,0,0,0,NA,0.2,falling
cases,2022,year,CH,country,all,0,8815385,0,0,0,NA,0.2,falling
cases,2023,year,CH,country,all,0,8962258,0,0,0,NA,0,falling
cases,2024,year,CH,country,all,0,9051029,0,0,0,NA,0,falling
cases,2025,year,CH,country,all,0,9051029,0,0,0,NA,0,falling
