valueCategory,temporal,temporal_type,georegion,georegion_type,agegroup,agegroup_type,sex,value,pop,incValue,valueYearCumSum,valueMean3y,trend,prct,deltaValue,deltaIncValue,incValuePrctChange,valueMean5y,dataComplete
cases,2013-M01,month,CHFL,CHFL,all,agegroup_food,all,3,8176760,0.04,3,NA,NA,NA,NA,NA,NA,NA,TRUE
cases,2013-M02,month,CHFL,CHFL,all,agegroup_food,all,14,8176760,0.17,17,NA,NA,NA,NA,NA,NA,NA,TRUE
cases,2013-M03,month,CHFL,CHFL,all,agegroup_food,all,7,8176760,0.09,24,NA,NA,NA,NA,NA,NA,NA,TRUE
cases,2013-M04,month,CHFL,CHFL,all,agegroup_food,all,1,8176760,0.01,25,NA,stagnant,NA,NA,NA,NA,NA,TRUE
cases,2013-M05,month,CHFL,CHFL,all,agegroup_food,all,2,8176760,0.02,27,NA,falling,NA,NA,NA,NA,NA,TRUE
cases,2013-M06,month,CHFL,CHFL,all,agegroup_food,all,4,8176760,0.05,31,NA,stagnant,NA,NA,NA,NA,NA,TRUE
cases,2013-M07,month,CHFL,CHFL,all,agegroup_food,all,4,8176760,0.05,35,NA,stagnant,NA,NA,NA,NA,NA,TRUE
cases,2013-M08,month,CHFL,CHFL,all,agegroup_food,all,2,8176760,0.02,37,NA,stagnant,NA,NA,NA,NA,NA,TRUE
cases,2013-M09,month,CHFL,CHFL,all,agegroup_food,all,7,8176760,0.09,44,NA,stagnant,NA,NA,NA,NA,NA,TRUE
cases,2013-M10,month,CHFL,CHFL,all,agegroup_food,all,2,8176760,0.02,46,NA,stagnant,NA,NA,NA,NA,NA,TRUE
cases,2013-M11,month,CHFL,CHFL,all,agegroup_food,all,5,8176760,0.06,51,NA,stagnant,NA,NA,NA,NA,NA,TRUE
cases,2013-M12,month,CHFL,CHFL,all,agegroup_food,all,6,8176760,0.07,57,NA,stagnant,NA,NA,NA,NA,NA,TRUE
cases,2014-M01,month,CHFL,CHFL,all,agegroup_food,all,3,8275032,0.04,3,NA,stagnant,NA,NA,NA,NA,NA,TRUE
cases,2014-M02,month,CHFL,CHFL,all,agegroup_food,all,6,8275032,0.07,9,NA,stagnant,NA,NA,NA,NA,NA,TRUE
cases,2014-M03,month,CHFL,CHFL,all,agegroup_food,all,7,8275032,0.08,16,NA,stagnant,NA,NA,NA,NA,NA,TRUE
cases,2014-M04,month,CHFL,CHFL,all,agegroup_food,all,4,8275032,0.05,20,NA,stagnant,NA,NA,NA,NA,NA,TRUE
cases,2014-M05,month,CHFL,CHFL,all,agegroup_food,all,7,8275032,0.08,27,NA,stagnant,NA,NA,NA,NA,NA,TRUE
cases,2014-M06,month,CHFL,CHFL,all,agegroup_food,all,3,8275032,0.04,30,NA,stagnant,NA,NA,NA,NA,NA,TRUE
cases,2014-M07,month,CHFL,CHFL,all,agegroup_food,all,4,8275032,0.05,34,NA,stagnant,NA,NA,NA,NA,NA,TRUE
cases,2014-M08,month,CHFL,CHFL,all,agegroup_food,all,5,8275032,0.06,39,NA,stagnant,NA,NA,NA,NA,NA,TRUE
cases,2014-M09,month,CHFL,CHFL,all,agegroup_food,all,4,8275032,0.05,43,NA,stagnant,NA,NA,NA,NA,NA,TRUE
cases,2014-M10,month,CHFL,CHFL,all,agegroup_food,all,7,8275032,0.08,50,NA,stagnant,NA,NA,NA,NA,NA,TRUE
cases,2014-M11,month,CHFL,CHFL,all,agegroup_food,all,6,8275032,0.07,56,NA,stagnant,NA,NA,NA,NA,NA,TRUE
cases,2014-M12,month,CHFL,CHFL,all,agegroup_food,all,2,8275032,0.02,58,NA,stagnant,NA,NA,NA,NA,NA,TRUE
cases,2015-M01,month,CHFL,CHFL,all,agegroup_food,all,4,8364748,0.05,4,NA,stagnant,NA,NA,NA,NA,NA,TRUE
cases,2015-M02,month,CHFL,CHFL,all,agegroup_food,all,2,8364748,0.02,6,NA,stagnant,NA,NA,NA,NA,NA,TRUE
cases,2015-M03,month,CHFL,CHFL,all,agegroup_food,all,1,8364748,0.01,7,NA,stagnant,NA,NA,NA,NA,NA,TRUE
cases,2015-M04,month,CHFL,CHFL,all,agegroup_food,all,1,8364748,0.01,8,NA,stagnant,NA,NA,NA,NA,NA,TRUE
cases,2015-M05,month,CHFL,CHFL,all,agegroup_food,all,5,8364748,0.06,13,NA,stagnant,NA,NA,NA,NA,NA,TRUE
cases,2015-M06,month,CHFL,CHFL,all,agegroup_food,all,5,8364748,0.06,18,NA,rising,NA,NA,NA,NA,NA,TRUE
cases,2015-M07,month,CHFL,CHFL,all,agegroup_food,all,5,8364748,0.06,23,NA,stagnant,NA,NA,NA,NA,NA,TRUE
cases,2015-M08,month,CHFL,CHFL,all,agegroup_food,all,5,8364748,0.06,28,NA,stagnant,NA,NA,NA,NA,NA,TRUE
cases,2015-M09,month,CHFL,CHFL,all,agegroup_food,all,4,8364748,0.05,32,NA,stagnant,NA,NA,NA,NA,NA,TRUE
cases,2015-M10,month,CHFL,CHFL,all,agegroup_food,all,2,8364748,0.02,34,NA,stagnant,NA,NA,NA,NA,NA,TRUE
cases,2015-M11,month,CHFL,CHFL,all,agegroup_food,all,2,8364748,0.02,36,NA,stagnant,NA,NA,NA,NA,NA,TRUE
cases,2015-M12,month,CHFL,CHFL,all,agegroup_food,all,6,8364748,0.07,42,NA,stagnant,NA,NA,NA,NA,NA,TRUE
cases,2016-M01,month,CHFL,CHFL,all,agegroup_food,all,4,8457360,0.05,4,NA,stagnant,NA,NA,NA,NA,NA,TRUE
cases,2016-M02,month,CHFL,CHFL,all,agegroup_food,all,5,8457360,0.06,9,NA,stagnant,NA,NA,NA,NA,NA,TRUE
cases,2016-M03,month,CHFL,CHFL,all,agegroup_food,all,3,8457360,0.04,12,NA,stagnant,NA,NA,NA,NA,NA,TRUE
cases,2016-M04,month,CHFL,CHFL,all,agegroup_food,all,2,8457360,0.02,14,NA,stagnant,NA,NA,NA,NA,NA,TRUE
cases,2016-M05,month,CHFL,CHFL,all,agegroup_food,all,3,8457360,0.04,17,NA,stagnant,NA,NA,NA,NA,NA,TRUE
cases,2016-M06,month,CHFL,CHFL,all,agegroup_food,all,2,8457360,0.02,19,NA,stagnant,NA,NA,NA,NA,NA,TRUE
cases,2016-M07,month,CHFL,CHFL,all,agegroup_food,all,3,8457360,0.04,22,NA,stagnant,NA,NA,NA,NA,NA,TRUE
cases,2016-M08,month,CHFL,CHFL,all,agegroup_food,all,3,8457360,0.04,25,NA,stagnant,NA,NA,NA,NA,NA,TRUE
cases,2016-M09,month,CHFL,CHFL,all,agegroup_food,all,6,8457360,0.07,31,NA,stagnant,NA,NA,NA,NA,NA,TRUE
cases,2016-M10,month,CHFL,CHFL,all,agegroup_food,all,2,8457360,0.02,33,NA,stagnant,NA,NA,NA,NA,NA,TRUE
cases,2016-M11,month,CHFL,CHFL,all,agegroup_food,all,2,8457360,0.02,35,NA,stagnant,NA,NA,NA,NA,NA,TRUE
cases,2016-M12,month,CHFL,CHFL,all,agegroup_food,all,7,8457360,0.08,42,NA,stagnant,NA,NA,NA,NA,NA,TRUE
cases,2017-M01,month,CHFL,CHFL,all,agegroup_food,all,8,8522244,0.09,8,NA,rising,NA,NA,NA,NA,NA,TRUE
cases,2017-M02,month,CHFL,CHFL,all,agegroup_food,all,8,8522244,0.09,16,NA,stagnant,NA,NA,NA,NA,NA,TRUE
cases,2017-M03,month,CHFL,CHFL,all,agegroup_food,all,5,8522244,0.06,21,NA,stagnant,NA,NA,NA,NA,NA,TRUE
cases,2017-M04,month,CHFL,CHFL,all,agegroup_food,all,11,8522244,0.13,32,NA,stagnant,NA,NA,NA,NA,NA,TRUE
cases,2017-M05,month,CHFL,CHFL,all,agegroup_food,all,18,8522244,0.21,50,NA,rising,NA,NA,NA,NA,NA,TRUE
cases,2017-M06,month,CHFL,CHFL,all,agegroup_food,all,10,8522244,0.12,60,NA,stagnant,NA,NA,NA,NA,NA,TRUE
cases,2017-M07,month,CHFL,CHFL,all,agegroup_food,all,4,8522244,0.05,64,NA,falling,NA,NA,NA,NA,NA,TRUE
cases,2017-M08,month,CHFL,CHFL,all,agegroup_food,all,8,8522244,0.09,72,NA,falling,NA,NA,NA,NA,NA,TRUE
cases,2017-M09,month,CHFL,CHFL,all,agegroup_food,all,10,8522244,0.12,82,NA,stagnant,NA,NA,NA,NA,NA,TRUE
cases,2017-M10,month,CHFL,CHFL,all,agegroup_food,all,16,8522244,0.19,98,NA,rising,NA,NA,NA,NA,NA,TRUE
cases,2017-M11,month,CHFL,CHFL,all,agegroup_food,all,8,8522244,0.09,106,NA,stagnant,NA,NA,NA,NA,NA,TRUE
cases,2017-M12,month,CHFL,CHFL,all,agegroup_food,all,3,8522244,0.04,109,NA,falling,NA,NA,NA,NA,NA,TRUE
cases,2018-M01,month,CHFL,CHFL,all,agegroup_food,all,9,8582905,0.1,9,NA,stagnant,NA,NA,NA,NA,NA,TRUE
cases,2018-M02,month,CHFL,CHFL,all,agegroup_food,all,5,8582905,0.06,14,NA,stagnant,NA,NA,NA,NA,NA,TRUE
cases,2018-M03,month,CHFL,CHFL,all,agegroup_food,all,4,8582905,0.05,18,NA,stagnant,NA,NA,NA,NA,NA,TRUE
cases,2018-M04,month,CHFL,CHFL,all,agegroup_food,all,10,8582905,0.12,28,NA,stagnant,NA,NA,NA,NA,NA,TRUE
cases,2018-M05,month,CHFL,CHFL,all,agegroup_food,all,11,8582905,0.13,39,NA,rising,NA,NA,NA,NA,NA,TRUE
cases,2018-M06,month,CHFL,CHFL,all,agegroup_food,all,4,8582905,0.05,43,NA,stagnant,NA,NA,NA,NA,NA,TRUE
cases,2018-M07,month,CHFL,CHFL,all,agegroup_food,all,4,8582905,0.05,47,NA,falling,NA,NA,NA,NA,NA,TRUE
cases,2018-M08,month,CHFL,CHFL,all,agegroup_food,all,13,8582905,0.15,60,NA,stagnant,NA,NA,NA,NA,NA,TRUE
cases,2018-M09,month,CHFL,CHFL,all,agegroup_food,all,4,8582905,0.05,64,NA,stagnant,NA,NA,NA,NA,NA,TRUE
cases,2018-M10,month,CHFL,CHFL,all,agegroup_food,all,16,8582905,0.19,80,NA,rising,NA,NA,NA,NA,NA,TRUE
cases,2018-M11,month,CHFL,CHFL,all,agegroup_food,all,17,8582905,0.2,97,NA,stagnant,NA,NA,NA,NA,NA,TRUE
cases,2018-M12,month,CHFL,CHFL,all,agegroup_food,all,8,8582905,0.09,105,NA,stagnant,NA,NA,NA,NA,NA,TRUE
cases,2019-M01,month,CHFL,CHFL,all,agegroup_food,all,4,8644780,0.05,4,NA,falling,NA,NA,NA,NA,NA,TRUE
cases,2019-M02,month,CHFL,CHFL,all,agegroup_food,all,7,8644780,0.08,11,NA,falling,NA,NA,NA,NA,NA,TRUE
cases,2019-M03,month,CHFL,CHFL,all,agegroup_food,all,3,8644780,0.03,14,NA,stagnant,NA,NA,NA,NA,NA,TRUE
cases,2019-M04,month,CHFL,CHFL,all,agegroup_food,all,3,8644780,0.03,17,NA,stagnant,NA,NA,NA,NA,NA,TRUE
cases,2019-M05,month,CHFL,CHFL,all,agegroup_food,all,11,8644780,0.13,28,NA,stagnant,NA,NA,NA,NA,NA,TRUE
cases,2019-M06,month,CHFL,CHFL,all,agegroup_food,all,7,8644780,0.08,35,NA,stagnant,NA,NA,NA,NA,NA,TRUE
cases,2019-M07,month,CHFL,CHFL,all,agegroup_food,all,7,8644780,0.08,42,NA,stagnant,NA,NA,NA,NA,NA,TRUE
cases,2019-M08,month,CHFL,CHFL,all,agegroup_food,all,6,8644780,0.07,48,NA,stagnant,NA,NA,NA,NA,NA,TRUE
cases,2019-M09,month,CHFL,CHFL,all,agegroup_food,all,8,8644780,0.09,56,NA,stagnant,NA,NA,NA,NA,NA,TRUE
cases,2019-M10,month,CHFL,CHFL,all,agegroup_food,all,6,8644780,0.07,62,NA,stagnant,NA,NA,NA,NA,NA,TRUE
cases,2019-M11,month,CHFL,CHFL,all,agegroup_food,all,7,8644780,0.08,69,NA,stagnant,NA,NA,NA,NA,NA,TRUE
cases,2019-M12,month,CHFL,CHFL,all,agegroup_food,all,12,8644780,0.14,81,NA,stagnant,NA,NA,NA,NA,NA,TRUE
cases,2020-M01,month,CHFL,CHFL,all,agegroup_food,all,8,8709355,0.09,8,NA,stagnant,NA,NA,NA,NA,NA,TRUE
cases,2020-M02,month,CHFL,CHFL,all,agegroup_food,all,12,8709355,0.14,20,NA,stagnant,NA,NA,NA,NA,NA,TRUE
cases,2020-M03,month,CHFL,CHFL,all,agegroup_food,all,10,8709355,0.11,30,NA,stagnant,NA,NA,NA,NA,NA,TRUE
cases,2020-M04,month,CHFL,CHFL,all,agegroup_food,all,5,8709355,0.06,35,NA,stagnant,NA,NA,NA,NA,NA,TRUE
cases,2020-M05,month,CHFL,CHFL,all,agegroup_food,all,3,8709355,0.03,38,NA,falling,NA,NA,NA,NA,NA,TRUE
cases,2020-M06,month,CHFL,CHFL,all,agegroup_food,all,5,8709355,0.06,43,NA,stagnant,NA,NA,NA,NA,NA,TRUE
cases,2020-M07,month,CHFL,CHFL,all,agegroup_food,all,3,8709355,0.03,46,NA,stagnant,NA,NA,NA,NA,NA,TRUE
cases,2020-M08,month,CHFL,CHFL,all,agegroup_food,all,5,8709355,0.06,51,NA,stagnant,NA,NA,NA,NA,NA,TRUE
cases,2020-M09,month,CHFL,CHFL,all,agegroup_food,all,2,8709355,0.02,53,NA,stagnant,NA,NA,NA,NA,NA,TRUE
cases,2020-M10,month,CHFL,CHFL,all,agegroup_food,all,2,8709355,0.02,55,NA,stagnant,NA,NA,NA,NA,NA,TRUE
cases,2020-M11,month,CHFL,CHFL,all,agegroup_food,all,6,8709355,0.07,61,NA,stagnant,NA,NA,NA,NA,NA,TRUE
cases,2020-M12,month,CHFL,CHFL,all,agegroup_food,all,3,8709355,0.03,64,NA,stagnant,NA,NA,NA,NA,NA,TRUE
cases,2021-M01,month,CHFL,CHFL,all,agegroup_food,all,4,8778099,0.05,4,NA,stagnant,NA,NA,NA,NA,NA,TRUE
cases,2021-M02,month,CHFL,CHFL,all,agegroup_food,all,4,8778099,0.05,8,NA,stagnant,NA,NA,NA,NA,NA,TRUE
cases,2021-M03,month,CHFL,CHFL,all,agegroup_food,all,7,8778099,0.08,15,NA,stagnant,NA,NA,NA,NA,NA,TRUE
cases,2021-M04,month,CHFL,CHFL,all,agegroup_food,all,6,8778099,0.07,21,NA,stagnant,NA,NA,NA,NA,NA,TRUE
cases,2021-M05,month,CHFL,CHFL,all,agegroup_food,all,2,8778099,0.02,23,NA,stagnant,NA,NA,NA,NA,NA,TRUE
cases,2021-M06,month,CHFL,CHFL,all,agegroup_food,all,2,8778099,0.02,25,NA,falling,NA,NA,NA,NA,NA,TRUE
cases,2021-M07,month,CHFL,CHFL,all,agegroup_food,all,2,8778099,0.02,27,NA,stagnant,NA,NA,NA,NA,NA,TRUE
cases,2021-M08,month,CHFL,CHFL,all,agegroup_food,all,2,8778099,0.02,29,NA,stagnant,NA,NA,NA,NA,NA,TRUE
cases,2021-M09,month,CHFL,CHFL,all,agegroup_food,all,3,8778099,0.03,32,NA,stagnant,NA,NA,NA,NA,NA,TRUE
cases,2021-M10,month,CHFL,CHFL,all,agegroup_food,all,8,8778099,0.09,40,NA,rising,NA,NA,NA,NA,NA,TRUE
cases,2021-M11,month,CHFL,CHFL,all,agegroup_food,all,3,8778099,0.03,43,NA,stagnant,NA,NA,NA,NA,NA,TRUE
cases,2021-M12,month,CHFL,CHFL,all,agegroup_food,all,4,8778099,0.05,47,NA,stagnant,NA,NA,NA,NA,NA,TRUE
cases,2022-M01,month,CHFL,CHFL,all,agegroup_food,all,9,8855062,0.1,9,NA,stagnant,NA,NA,NA,NA,NA,TRUE
cases,2022-M02,month,CHFL,CHFL,all,agegroup_food,all,1,8855062,0.01,10,NA,stagnant,NA,NA,NA,NA,NA,TRUE
cases,2022-M03,month,CHFL,CHFL,all,agegroup_food,all,7,8855062,0.08,17,NA,stagnant,NA,NA,NA,NA,NA,TRUE
cases,2022-M04,month,CHFL,CHFL,all,agegroup_food,all,3,8855062,0.03,20,NA,stagnant,NA,NA,NA,NA,NA,TRUE
cases,2022-M05,month,CHFL,CHFL,all,agegroup_food,all,3,8855062,0.03,23,NA,stagnant,NA,NA,NA,NA,NA,TRUE
cases,2022-M06,month,CHFL,CHFL,all,agegroup_food,all,3,8855062,0.03,26,NA,stagnant,NA,NA,NA,NA,NA,TRUE
cases,2022-M07,month,CHFL,CHFL,all,agegroup_food,all,5,8855062,0.06,31,NA,stagnant,NA,NA,NA,NA,NA,TRUE
cases,2022-M08,month,CHFL,CHFL,all,agegroup_food,all,5,8855062,0.06,36,NA,stagnant,NA,NA,NA,NA,NA,TRUE
cases,2022-M09,month,CHFL,CHFL,all,agegroup_food,all,2,8855062,0.02,38,NA,stagnant,NA,NA,NA,NA,NA,TRUE
cases,2022-M10,month,CHFL,CHFL,all,agegroup_food,all,3,8855062,0.03,41,NA,stagnant,NA,NA,NA,NA,NA,TRUE
cases,2022-M11,month,CHFL,CHFL,all,agegroup_food,all,4,8855062,0.05,45,NA,stagnant,NA,NA,NA,NA,NA,TRUE
cases,2022-M12,month,CHFL,CHFL,all,agegroup_food,all,5,8855062,0.06,50,NA,stagnant,NA,NA,NA,NA,NA,TRUE
cases,2023-M01,month,CHFL,CHFL,all,agegroup_food,all,3,9002273,0.03,3,NA,stagnant,NA,NA,NA,NA,NA,TRUE
cases,2023-M02,month,CHFL,CHFL,all,agegroup_food,all,8,9002273,0.09,11,NA,stagnant,NA,NA,NA,NA,NA,TRUE
cases,2023-M03,month,CHFL,CHFL,all,agegroup_food,all,4,9002273,0.04,15,NA,stagnant,NA,NA,NA,NA,NA,TRUE
cases,2023-M04,month,CHFL,CHFL,all,agegroup_food,all,5,9002273,0.06,20,NA,stagnant,NA,NA,NA,NA,NA,TRUE
cases,2023-M05,month,CHFL,CHFL,all,agegroup_food,all,7,9002273,0.08,27,NA,stagnant,NA,NA,NA,NA,NA,TRUE
cases,2023-M06,month,CHFL,CHFL,all,agegroup_food,all,6,9002273,0.07,33,NA,stagnant,NA,NA,NA,NA,NA,TRUE
cases,2023-M07,month,CHFL,CHFL,all,agegroup_food,all,2,9002273,0.02,35,NA,stagnant,NA,NA,NA,NA,NA,TRUE
cases,2023-M08,month,CHFL,CHFL,all,agegroup_food,all,10,9002273,0.11,45,NA,stagnant,NA,NA,NA,NA,NA,TRUE
cases,2023-M09,month,CHFL,CHFL,all,agegroup_food,all,1,9002273,0.01,46,NA,stagnant,NA,NA,NA,NA,NA,TRUE
cases,2023-M10,month,CHFL,CHFL,all,agegroup_food,all,3,9002273,0.03,49,NA,stagnant,NA,NA,NA,NA,NA,TRUE
cases,2023-M11,month,CHFL,CHFL,all,agegroup_food,all,3,9002273,0.03,52,NA,falling,NA,NA,NA,NA,NA,TRUE
cases,2023-M12,month,CHFL,CHFL,all,agegroup_food,all,8,9002273,0.09,60,NA,rising,NA,NA,NA,NA,NA,TRUE
cases,2024-M01,month,CHFL,CHFL,all,agegroup_food,all,4,9091915,0.04,4,NA,stagnant,NA,NA,NA,NA,NA,TRUE
cases,2024-M02,month,CHFL,CHFL,all,agegroup_food,all,4,9091915,0.04,8,NA,stagnant,NA,NA,NA,NA,NA,TRUE
cases,2024-M03,month,CHFL,CHFL,all,agegroup_food,all,10,9091915,0.11,18,NA,stagnant,NA,NA,NA,NA,NA,TRUE
cases,2024-M04,month,CHFL,CHFL,all,agegroup_food,all,3,9091915,0.03,21,NA,stagnant,NA,NA,NA,NA,NA,TRUE
cases,2024-M05,month,CHFL,CHFL,all,agegroup_food,all,2,9091915,0.02,23,NA,stagnant,NA,NA,NA,NA,NA,TRUE
cases,2024-M06,month,CHFL,CHFL,all,agegroup_food,all,3,9091915,0.03,26,NA,falling,NA,NA,NA,NA,NA,TRUE
cases,2024-M07,month,CHFL,CHFL,all,agegroup_food,all,9,9091915,0.1,35,NA,rising,NA,NA,NA,NA,NA,TRUE
cases,2024-M08,month,CHFL,CHFL,all,agegroup_food,all,5,9091915,0.05,40,NA,stagnant,NA,NA,NA,NA,NA,TRUE
cases,2024-M09,month,CHFL,CHFL,all,agegroup_food,all,6,9091915,0.07,46,NA,stagnant,NA,NA,NA,NA,NA,TRUE
cases,2024-M10,month,CHFL,CHFL,all,agegroup_food,all,6,9091915,0.07,52,NA,stagnant,NA,NA,NA,NA,NA,TRUE
cases,2024-M11,month,CHFL,CHFL,all,agegroup_food,all,6,9091915,0.07,58,NA,stagnant,NA,NA,NA,NA,NA,TRUE
cases,2024-M12,month,CHFL,CHFL,all,agegroup_food,all,7,9091915,0.08,65,NA,stagnant,NA,NA,NA,NA,NA,TRUE
cases,2025-M01,month,CHFL,CHFL,all,agegroup_food,all,8,9127125,0.09,8,NA,stagnant,NA,NA,NA,NA,NA,TRUE
cases,2025-M02,month,CHFL,CHFL,all,agegroup_food,all,3,9127125,0.03,11,NA,stagnant,NA,NA,NA,NA,NA,TRUE
cases,2025-M03,month,CHFL,CHFL,all,agegroup_food,all,4,9127125,0.04,15,NA,stagnant,NA,NA,NA,NA,NA,TRUE
cases,2025-M04,month,CHFL,CHFL,all,agegroup_food,all,4,9127125,0.04,19,NA,stagnant,NA,NA,NA,NA,NA,TRUE
cases,2025-M05,month,CHFL,CHFL,all,agegroup_food,all,9,9127125,0.1,28,NA,stagnant,NA,NA,NA,NA,NA,TRUE
cases,2025-M06,month,CHFL,CHFL,all,agegroup_food,all,11,9127125,0.12,39,NA,rising,NA,NA,NA,NA,NA,TRUE
cases,2025-M07,month,CHFL,CHFL,all,agegroup_food,all,4,9127125,0.04,43,NA,stagnant,NA,NA,NA,NA,NA,TRUE
cases,2025-M08,month,CHFL,CHFL,all,agegroup_food,all,10,9127125,0.11,53,NA,stagnant,NA,NA,NA,NA,NA,TRUE
cases,2025-M09,month,CHFL,CHFL,all,agegroup_food,all,8,9127125,0.09,61,NA,stagnant,NA,NA,NA,NA,NA,TRUE
cases,2025-M10,month,CHFL,CHFL,all,agegroup_food,all,2,9127125,0.02,63,NA,stagnant,NA,NA,NA,NA,NA,TRUE
cases,2025-M11,month,CHFL,CHFL,all,agegroup_food,all,9,9127125,0.1,72,NA,stagnant,NA,NA,NA,NA,NA,TRUE
cases,2025-M12,month,CHFL,CHFL,all,agegroup_food,all,10,9127125,0.11,82,NA,stagnant,NA,NA,NA,NA,NA,TRUE
cases,2026-M01,month,CHFL,CHFL,all,agegroup_food,all,4,9127125,0.04,4,NA,stagnant,NA,NA,NA,NA,NA,TRUE
cases,2026-M02,month,CHFL,CHFL,all,agegroup_food,all,7,9127125,0.08,11,NA,stagnant,NA,NA,NA,NA,NA,TRUE
cases,2026-M03,month,CHFL,CHFL,all,agegroup_food,all,8,9127125,0.09,19,NA,stagnant,NA,NA,NA,NA,NA,TRUE
cases,2026-M04,month,CHFL,CHFL,all,agegroup_food,all,2,9127125,0.02,21,NA,stagnant,NA,NA,NA,NA,NA,TRUE
cases,2026-M05,month,CHFL,CHFL,all,agegroup_food,all,6,9127125,0.07,27,NA,stagnant,NA,NA,NA,NA,NA,TRUE
cases,2026-M06,month,CHFL,CHFL,all,agegroup_food,all,7,9127125,0.08,34,NA,stagnant,NA,NA,NA,NA,NA,TRUE
cases,2026-M07,month,CHFL,CHFL,all,agegroup_food,all,8,9127125,0.09,42,NA,stagnant,NA,NA,NA,NA,NA,TRUE
cases,2026-M08,month,CHFL,CHFL,all,agegroup_food,all,10,9127125,0.11,52,NA,stagnant,NA,NA,NA,NA,NA,TRUE
min_value_10y,2022-M01,month,CHFL,CHFL,all,agegroup_food,all,3,NA,0.04,3,NA,NA,NA,NA,NA,NA,NA,TRUE
min_value_10y,2022-M02,month,CHFL,CHFL,all,agegroup_food,all,1,NA,0.01,6,NA,NA,NA,NA,NA,NA,NA,TRUE
min_value_10y,2022-M03,month,CHFL,CHFL,all,agegroup_food,all,1,NA,0.01,7,NA,NA,NA,NA,NA,NA,NA,TRUE
min_value_10y,2022-M04,month,CHFL,CHFL,all,agegroup_food,all,1,NA,0.01,8,NA,NA,NA,NA,NA,NA,NA,TRUE
min_value_10y,2022-M05,month,CHFL,CHFL,all,agegroup_food,all,2,NA,0.02,13,NA,NA,NA,NA,NA,NA,NA,TRUE
min_value_10y,2022-M06,month,CHFL,CHFL,all,agegroup_food,all,2,NA,0.02,18,NA,NA,NA,NA,NA,NA,NA,TRUE
min_value_10y,2022-M07,month,CHFL,CHFL,all,agegroup_food,all,2,NA,0.02,22,NA,NA,NA,NA,NA,NA,NA,TRUE
min_value_10y,2022-M08,month,CHFL,CHFL,all,agegroup_food,all,2,NA,0.02,25,NA,NA,NA,NA,NA,NA,NA,TRUE
min_value_10y,2022-M09,month,CHFL,CHFL,all,agegroup_food,all,2,NA,0.02,31,NA,NA,NA,NA,NA,NA,NA,TRUE
min_value_10y,2022-M10,month,CHFL,CHFL,all,agegroup_food,all,2,NA,0.02,33,NA,NA,NA,NA,NA,NA,NA,TRUE
min_value_10y,2022-M11,month,CHFL,CHFL,all,agegroup_food,all,2,NA,0.02,35,NA,NA,NA,NA,NA,NA,NA,TRUE
min_value_10y,2022-M12,month,CHFL,CHFL,all,agegroup_food,all,2,NA,0.02,42,NA,NA,NA,NA,NA,NA,NA,TRUE
min_value_10y,2023-M01,month,CHFL,CHFL,all,agegroup_food,all,3,NA,0.03,3,NA,NA,NA,NA,NA,NA,NA,TRUE
min_value_10y,2023-M02,month,CHFL,CHFL,all,agegroup_food,all,1,NA,0.01,6,NA,NA,NA,NA,NA,NA,NA,TRUE
min_value_10y,2023-M03,month,CHFL,CHFL,all,agegroup_food,all,1,NA,0.01,7,NA,NA,NA,NA,NA,NA,NA,TRUE
min_value_10y,2023-M04,month,CHFL,CHFL,all,agegroup_food,all,1,NA,0.01,8,NA,NA,NA,NA,NA,NA,NA,TRUE
min_value_10y,2023-M05,month,CHFL,CHFL,all,agegroup_food,all,2,NA,0.02,13,NA,NA,NA,NA,NA,NA,NA,TRUE
min_value_10y,2023-M06,month,CHFL,CHFL,all,agegroup_food,all,2,NA,0.02,18,NA,NA,NA,NA,NA,NA,NA,TRUE
min_value_10y,2023-M07,month,CHFL,CHFL,all,agegroup_food,all,2,NA,0.02,22,NA,NA,NA,NA,NA,NA,NA,TRUE
min_value_10y,2023-M08,month,CHFL,CHFL,all,agegroup_food,all,2,NA,0.02,25,NA,NA,NA,NA,NA,NA,NA,TRUE
min_value_10y,2023-M09,month,CHFL,CHFL,all,agegroup_food,all,1,NA,0.01,31,NA,NA,NA,NA,NA,NA,NA,TRUE
min_value_10y,2023-M10,month,CHFL,CHFL,all,agegroup_food,all,2,NA,0.02,33,NA,NA,NA,NA,NA,NA,NA,TRUE
min_value_10y,2023-M11,month,CHFL,CHFL,all,agegroup_food,all,2,NA,0.02,35,NA,NA,NA,NA,NA,NA,NA,TRUE
min_value_10y,2023-M12,month,CHFL,CHFL,all,agegroup_food,all,2,NA,0.02,42,NA,NA,NA,NA,NA,NA,NA,TRUE
min_value_10y,2024-M01,month,CHFL,CHFL,all,agegroup_food,all,3,NA,0.03,3,NA,NA,NA,NA,NA,NA,NA,TRUE
min_value_10y,2024-M02,month,CHFL,CHFL,all,agegroup_food,all,1,NA,0.01,6,NA,NA,NA,NA,NA,NA,NA,TRUE
min_value_10y,2024-M03,month,CHFL,CHFL,all,agegroup_food,all,1,NA,0.01,7,NA,NA,NA,NA,NA,NA,NA,TRUE
min_value_10y,2024-M04,month,CHFL,CHFL,all,agegroup_food,all,1,NA,0.01,8,NA,NA,NA,NA,NA,NA,NA,TRUE
min_value_10y,2024-M05,month,CHFL,CHFL,all,agegroup_food,all,2,NA,0.02,13,NA,NA,NA,NA,NA,NA,NA,TRUE
min_value_10y,2024-M06,month,CHFL,CHFL,all,agegroup_food,all,2,NA,0.02,18,NA,NA,NA,NA,NA,NA,NA,TRUE
min_value_10y,2024-M07,month,CHFL,CHFL,all,agegroup_food,all,2,NA,0.02,22,NA,NA,NA,NA,NA,NA,NA,TRUE
min_value_10y,2024-M08,month,CHFL,CHFL,all,agegroup_food,all,2,NA,0.02,25,NA,NA,NA,NA,NA,NA,NA,TRUE
min_value_10y,2024-M09,month,CHFL,CHFL,all,agegroup_food,all,1,NA,0.01,31,NA,NA,NA,NA,NA,NA,NA,TRUE
min_value_10y,2024-M10,month,CHFL,CHFL,all,agegroup_food,all,2,NA,0.02,33,NA,NA,NA,NA,NA,NA,NA,TRUE
min_value_10y,2024-M11,month,CHFL,CHFL,all,agegroup_food,all,2,NA,0.02,35,NA,NA,NA,NA,NA,NA,NA,TRUE
min_value_10y,2024-M12,month,CHFL,CHFL,all,agegroup_food,all,3,NA,0.03,42,NA,NA,NA,NA,NA,NA,NA,TRUE
min_value_10y,2025-M01,month,CHFL,CHFL,all,agegroup_food,all,3,NA,0.03,3,NA,NA,NA,NA,NA,NA,NA,TRUE
min_value_10y,2025-M02,month,CHFL,CHFL,all,agegroup_food,all,1,NA,0.01,8,NA,NA,NA,NA,NA,NA,NA,TRUE
min_value_10y,2025-M03,month,CHFL,CHFL,all,agegroup_food,all,3,NA,0.03,12,NA,NA,NA,NA,NA,NA,NA,TRUE
min_value_10y,2025-M04,month,CHFL,CHFL,all,agegroup_food,all,2,NA,0.02,14,NA,NA,NA,NA,NA,NA,NA,TRUE
min_value_10y,2025-M05,month,CHFL,CHFL,all,agegroup_food,all,2,NA,0.02,17,NA,NA,NA,NA,NA,NA,NA,TRUE
min_value_10y,2025-M06,month,CHFL,CHFL,all,agegroup_food,all,2,NA,0.02,19,NA,NA,NA,NA,NA,NA,NA,TRUE
min_value_10y,2025-M07,month,CHFL,CHFL,all,agegroup_food,all,2,NA,0.02,22,NA,NA,NA,NA,NA,NA,NA,TRUE
min_value_10y,2025-M08,month,CHFL,CHFL,all,agegroup_food,all,2,NA,0.02,25,NA,NA,NA,NA,NA,NA,NA,TRUE
min_value_10y,2025-M09,month,CHFL,CHFL,all,agegroup_food,all,1,NA,0.01,31,NA,NA,NA,NA,NA,NA,NA,TRUE
min_value_10y,2025-M10,month,CHFL,CHFL,all,agegroup_food,all,2,NA,0.02,33,NA,NA,NA,NA,NA,NA,NA,TRUE
min_value_10y,2025-M11,month,CHFL,CHFL,all,agegroup_food,all,2,NA,0.02,35,NA,NA,NA,NA,NA,NA,NA,TRUE
min_value_10y,2025-M12,month,CHFL,CHFL,all,agegroup_food,all,3,NA,0.03,42,NA,NA,NA,NA,NA,NA,NA,TRUE
min_value_10y,2026-M01,month,CHFL,CHFL,all,agegroup_food,all,3,NA,0.03,3,NA,NA,NA,NA,NA,NA,NA,TRUE
min_value_10y,2026-M02,month,CHFL,CHFL,all,agegroup_food,all,1,NA,0.01,8,NA,NA,NA,NA,NA,NA,NA,TRUE
min_value_10y,2026-M03,month,CHFL,CHFL,all,agegroup_food,all,3,NA,0.03,14,NA,NA,NA,NA,NA,NA,NA,TRUE
min_value_10y,2026-M04,month,CHFL,CHFL,all,agegroup_food,all,2,NA,0.02,17,NA,NA,NA,NA,NA,NA,NA,TRUE
min_value_10y,2026-M05,month,CHFL,CHFL,all,agegroup_food,all,2,NA,0.02,23,NA,NA,NA,NA,NA,NA,NA,TRUE
min_value_10y,2026-M06,month,CHFL,CHFL,all,agegroup_food,all,2,NA,0.02,25,NA,NA,NA,NA,NA,NA,NA,TRUE
min_value_10y,2026-M07,month,CHFL,CHFL,all,agegroup_food,all,2,NA,0.02,27,NA,NA,NA,NA,NA,NA,NA,TRUE
min_value_10y,2026-M08,month,CHFL,CHFL,all,agegroup_food,all,2,NA,0.02,29,NA,NA,NA,NA,NA,NA,NA,TRUE
median_value_10y,2022-M01,month,CHFL,CHFL,all,agegroup_food,all,4,NA,0.05,4,NA,NA,NA,NA,NA,NA,NA,TRUE
median_value_10y,2022-M02,month,CHFL,CHFL,all,agegroup_food,all,6,NA,0.06,10,NA,NA,NA,NA,NA,NA,NA,TRUE
median_value_10y,2022-M03,month,CHFL,CHFL,all,agegroup_food,all,6,NA,0.07,16,NA,NA,NA,NA,NA,NA,NA,TRUE
median_value_10y,2022-M04,month,CHFL,CHFL,all,agegroup_food,all,4,NA,0.04,20,NA,NA,NA,NA,NA,NA,NA,TRUE
median_value_10y,2022-M05,month,CHFL,CHFL,all,agegroup_food,all,4,NA,0.05,27,NA,NA,NA,NA,NA,NA,NA,TRUE
median_value_10y,2022-M06,month,CHFL,CHFL,all,agegroup_food,all,4,NA,0.05,30,NA,NA,NA,NA,NA,NA,NA,TRUE
median_value_10y,2022-M07,month,CHFL,CHFL,all,agegroup_food,all,4,NA,0.05,34,NA,NA,NA,NA,NA,NA,NA,TRUE
median_value_10y,2022-M08,month,CHFL,CHFL,all,agegroup_food,all,5,NA,0.06,38,NA,NA,NA,NA,NA,NA,NA,TRUE
median_value_10y,2022-M09,month,CHFL,CHFL,all,agegroup_food,all,4,NA,0.05,44,NA,NA,NA,NA,NA,NA,NA,TRUE
median_value_10y,2022-M10,month,CHFL,CHFL,all,agegroup_food,all,4,NA,0.05,48,NA,NA,NA,NA,NA,NA,NA,TRUE
median_value_10y,2022-M11,month,CHFL,CHFL,all,agegroup_food,all,6,NA,0.06,54,NA,NA,NA,NA,NA,NA,NA,TRUE
median_value_10y,2022-M12,month,CHFL,CHFL,all,agegroup_food,all,6,NA,0.06,58,NA,NA,NA,NA,NA,NA,NA,TRUE
median_value_10y,2023-M01,month,CHFL,CHFL,all,agegroup_food,all,4,NA,0.05,4,NA,NA,NA,NA,NA,NA,NA,TRUE
median_value_10y,2023-M02,month,CHFL,CHFL,all,agegroup_food,all,6,NA,0.06,10,NA,NA,NA,NA,NA,NA,NA,TRUE
median_value_10y,2023-M03,month,CHFL,CHFL,all,agegroup_food,all,4,NA,0.06,16,NA,NA,NA,NA,NA,NA,NA,TRUE
median_value_10y,2023-M04,month,CHFL,CHFL,all,agegroup_food,all,4,NA,0.06,20,NA,NA,NA,NA,NA,NA,NA,TRUE
median_value_10y,2023-M05,month,CHFL,CHFL,all,agegroup_food,all,6,NA,0.07,27,NA,NA,NA,NA,NA,NA,NA,TRUE
median_value_10y,2023-M06,month,CHFL,CHFL,all,agegroup_food,all,4,NA,0.06,32,NA,NA,NA,NA,NA,NA,NA,TRUE
median_value_10y,2023-M07,month,CHFL,CHFL,all,agegroup_food,all,4,NA,0.05,34,NA,NA,NA,NA,NA,NA,NA,TRUE
median_value_10y,2023-M08,month,CHFL,CHFL,all,agegroup_food,all,5,NA,0.06,42,NA,NA,NA,NA,NA,NA,NA,TRUE
median_value_10y,2023-M09,month,CHFL,CHFL,all,agegroup_food,all,4,NA,0.05,44,NA,NA,NA,NA,NA,NA,NA,TRUE
median_value_10y,2023-M10,month,CHFL,CHFL,all,agegroup_food,all,4,NA,0.05,50,NA,NA,NA,NA,NA,NA,NA,TRUE
median_value_10y,2023-M11,month,CHFL,CHFL,all,agegroup_food,all,5,NA,0.06,54,NA,NA,NA,NA,NA,NA,NA,TRUE
median_value_10y,2023-M12,month,CHFL,CHFL,all,agegroup_food,all,6,NA,0.06,59,NA,NA,NA,NA,NA,NA,NA,TRUE
median_value_10y,2024-M01,month,CHFL,CHFL,all,agegroup_food,all,4,NA,0.05,4,NA,NA,NA,NA,NA,NA,NA,TRUE
median_value_10y,2024-M02,month,CHFL,CHFL,all,agegroup_food,all,5,NA,0.06,10,NA,NA,NA,NA,NA,NA,NA,TRUE
median_value_10y,2024-M03,month,CHFL,CHFL,all,agegroup_food,all,4,NA,0.06,16,NA,NA,NA,NA,NA,NA,NA,TRUE
median_value_10y,2024-M04,month,CHFL,CHFL,all,agegroup_food,all,4,NA,0.04,20,NA,NA,NA,NA,NA,NA,NA,TRUE
median_value_10y,2024-M05,month,CHFL,CHFL,all,agegroup_food,all,4,NA,0.05,25,NA,NA,NA,NA,NA,NA,NA,TRUE
median_value_10y,2024-M06,month,CHFL,CHFL,all,agegroup_food,all,4,NA,0.06,30,NA,NA,NA,NA,NA,NA,NA,TRUE
median_value_10y,2024-M07,month,CHFL,CHFL,all,agegroup_food,all,4,NA,0.05,35,NA,NA,NA,NA,NA,NA,NA,TRUE
median_value_10y,2024-M08,month,CHFL,CHFL,all,agegroup_food,all,5,NA,0.06,42,NA,NA,NA,NA,NA,NA,NA,TRUE
median_value_10y,2024-M09,month,CHFL,CHFL,all,agegroup_food,all,4,NA,0.05,46,NA,NA,NA,NA,NA,NA,NA,TRUE
median_value_10y,2024-M10,month,CHFL,CHFL,all,agegroup_food,all,4,NA,0.05,50,NA,NA,NA,NA,NA,NA,NA,TRUE
median_value_10y,2024-M11,month,CHFL,CHFL,all,agegroup_food,all,5,NA,0.06,55,NA,NA,NA,NA,NA,NA,NA,TRUE
median_value_10y,2024-M12,month,CHFL,CHFL,all,agegroup_food,all,6,NA,0.08,62,NA,NA,NA,NA,NA,NA,NA,TRUE
median_value_10y,2025-M01,month,CHFL,CHFL,all,agegroup_food,all,6,NA,0.07,6,NA,NA,NA,NA,NA,NA,NA,TRUE
median_value_10y,2025-M02,month,CHFL,CHFL,all,agegroup_food,all,5,NA,0.06,11,NA,NA,NA,NA,NA,NA,NA,TRUE
median_value_10y,2025-M03,month,CHFL,CHFL,all,agegroup_food,all,4,NA,0.06,16,NA,NA,NA,NA,NA,NA,NA,TRUE
median_value_10y,2025-M04,month,CHFL,CHFL,all,agegroup_food,all,4,NA,0.05,20,NA,NA,NA,NA,NA,NA,NA,TRUE
median_value_10y,2025-M05,month,CHFL,CHFL,all,agegroup_food,all,5,NA,0.06,28,NA,NA,NA,NA,NA,NA,NA,TRUE
median_value_10y,2025-M06,month,CHFL,CHFL,all,agegroup_food,all,4,NA,0.06,34,NA,NA,NA,NA,NA,NA,NA,TRUE
median_value_10y,2025-M07,month,CHFL,CHFL,all,agegroup_food,all,4,NA,0.04,38,NA,NA,NA,NA,NA,NA,NA,TRUE
median_value_10y,2025-M08,month,CHFL,CHFL,all,agegroup_food,all,6,NA,0.06,46,NA,NA,NA,NA,NA,NA,NA,TRUE
median_value_10y,2025-M09,month,CHFL,CHFL,all,agegroup_food,all,5,NA,0.06,50,NA,NA,NA,NA,NA,NA,NA,TRUE
median_value_10y,2025-M10,month,CHFL,CHFL,all,agegroup_food,all,4,NA,0.05,54,NA,NA,NA,NA,NA,NA,NA,TRUE
median_value_10y,2025-M11,month,CHFL,CHFL,all,agegroup_food,all,6,NA,0.07,60,NA,NA,NA,NA,NA,NA,NA,TRUE
median_value_10y,2025-M12,month,CHFL,CHFL,all,agegroup_food,all,7,NA,0.08,64,NA,NA,NA,NA,NA,NA,NA,TRUE
median_value_10y,2026-M01,month,CHFL,CHFL,all,agegroup_food,all,6,NA,0.07,6,NA,NA,NA,NA,NA,NA,NA,TRUE
median_value_10y,2026-M02,month,CHFL,CHFL,all,agegroup_food,all,6,NA,0.07,11,NA,NA,NA,NA,NA,NA,NA,TRUE
median_value_10y,2026-M03,month,CHFL,CHFL,all,agegroup_food,all,6,NA,0.07,18,NA,NA,NA,NA,NA,NA,NA,TRUE
median_value_10y,2026-M04,month,CHFL,CHFL,all,agegroup_food,all,4,NA,0.05,21,NA,NA,NA,NA,NA,NA,NA,TRUE
median_value_10y,2026-M05,month,CHFL,CHFL,all,agegroup_food,all,6,NA,0.08,28,NA,NA,NA,NA,NA,NA,NA,TRUE
median_value_10y,2026-M06,month,CHFL,CHFL,all,agegroup_food,all,6,NA,0.06,34,NA,NA,NA,NA,NA,NA,NA,TRUE
median_value_10y,2026-M07,month,CHFL,CHFL,all,agegroup_food,all,4,NA,0.05,42,NA,NA,NA,NA,NA,NA,NA,TRUE
median_value_10y,2026-M08,month,CHFL,CHFL,all,agegroup_food,all,7,NA,0.08,50,NA,NA,NA,NA,NA,NA,NA,TRUE
max_value_10y,2022-M01,month,CHFL,CHFL,all,agegroup_food,all,9,NA,0.1,9,NA,NA,NA,NA,NA,NA,NA,TRUE
max_value_10y,2022-M02,month,CHFL,CHFL,all,agegroup_food,all,14,NA,0.17,20,NA,NA,NA,NA,NA,NA,NA,TRUE
max_value_10y,2022-M03,month,CHFL,CHFL,all,agegroup_food,all,10,NA,0.11,30,NA,NA,NA,NA,NA,NA,NA,TRUE
max_value_10y,2022-M04,month,CHFL,CHFL,all,agegroup_food,all,11,NA,0.13,35,NA,NA,NA,NA,NA,NA,NA,TRUE
max_value_10y,2022-M05,month,CHFL,CHFL,all,agegroup_food,all,18,NA,0.21,50,NA,NA,NA,NA,NA,NA,NA,TRUE
max_value_10y,2022-M06,month,CHFL,CHFL,all,agegroup_food,all,10,NA,0.12,60,NA,NA,NA,NA,NA,NA,NA,TRUE
max_value_10y,2022-M07,month,CHFL,CHFL,all,agegroup_food,all,7,NA,0.08,64,NA,NA,NA,NA,NA,NA,NA,TRUE
max_value_10y,2022-M08,month,CHFL,CHFL,all,agegroup_food,all,13,NA,0.15,72,NA,NA,NA,NA,NA,NA,NA,TRUE
max_value_10y,2022-M09,month,CHFL,CHFL,all,agegroup_food,all,10,NA,0.12,82,NA,NA,NA,NA,NA,NA,NA,TRUE
max_value_10y,2022-M10,month,CHFL,CHFL,all,agegroup_food,all,16,NA,0.19,98,NA,NA,NA,NA,NA,NA,NA,TRUE
max_value_10y,2022-M11,month,CHFL,CHFL,all,agegroup_food,all,17,NA,0.2,106,NA,NA,NA,NA,NA,NA,NA,TRUE
max_value_10y,2022-M12,month,CHFL,CHFL,all,agegroup_food,all,12,NA,0.14,109,NA,NA,NA,NA,NA,NA,NA,TRUE
max_value_10y,2023-M01,month,CHFL,CHFL,all,agegroup_food,all,9,NA,0.1,9,NA,NA,NA,NA,NA,NA,NA,TRUE
max_value_10y,2023-M02,month,CHFL,CHFL,all,agegroup_food,all,12,NA,0.14,20,NA,NA,NA,NA,NA,NA,NA,TRUE
max_value_10y,2023-M03,month,CHFL,CHFL,all,agegroup_food,all,10,NA,0.11,30,NA,NA,NA,NA,NA,NA,NA,TRUE
max_value_10y,2023-M04,month,CHFL,CHFL,all,agegroup_food,all,11,NA,0.13,35,NA,NA,NA,NA,NA,NA,NA,TRUE
max_value_10y,2023-M05,month,CHFL,CHFL,all,agegroup_food,all,18,NA,0.21,50,NA,NA,NA,NA,NA,NA,NA,TRUE
max_value_10y,2023-M06,month,CHFL,CHFL,all,agegroup_food,all,10,NA,0.12,60,NA,NA,NA,NA,NA,NA,NA,TRUE
max_value_10y,2023-M07,month,CHFL,CHFL,all,agegroup_food,all,7,NA,0.08,64,NA,NA,NA,NA,NA,NA,NA,TRUE
max_value_10y,2023-M08,month,CHFL,CHFL,all,agegroup_food,all,13,NA,0.15,72,NA,NA,NA,NA,NA,NA,NA,TRUE
max_value_10y,2023-M09,month,CHFL,CHFL,all,agegroup_food,all,10,NA,0.12,82,NA,NA,NA,NA,NA,NA,NA,TRUE
max_value_10y,2023-M10,month,CHFL,CHFL,all,agegroup_food,all,16,NA,0.19,98,NA,NA,NA,NA,NA,NA,NA,TRUE
max_value_10y,2023-M11,month,CHFL,CHFL,all,agegroup_food,all,17,NA,0.2,106,NA,NA,NA,NA,NA,NA,NA,TRUE
max_value_10y,2023-M12,month,CHFL,CHFL,all,agegroup_food,all,12,NA,0.14,109,NA,NA,NA,NA,NA,NA,NA,TRUE
max_value_10y,2024-M01,month,CHFL,CHFL,all,agegroup_food,all,9,NA,0.1,9,NA,NA,NA,NA,NA,NA,NA,TRUE
max_value_10y,2024-M02,month,CHFL,CHFL,all,agegroup_food,all,12,NA,0.14,20,NA,NA,NA,NA,NA,NA,NA,TRUE
max_value_10y,2024-M03,month,CHFL,CHFL,all,agegroup_food,all,10,NA,0.11,30,NA,NA,NA,NA,NA,NA,NA,TRUE
max_value_10y,2024-M04,month,CHFL,CHFL,all,agegroup_food,all,11,NA,0.13,35,NA,NA,NA,NA,NA,NA,NA,TRUE
max_value_10y,2024-M05,month,CHFL,CHFL,all,agegroup_food,all,18,NA,0.21,50,NA,NA,NA,NA,NA,NA,NA,TRUE
max_value_10y,2024-M06,month,CHFL,CHFL,all,agegroup_food,all,10,NA,0.12,60,NA,NA,NA,NA,NA,NA,NA,TRUE
max_value_10y,2024-M07,month,CHFL,CHFL,all,agegroup_food,all,9,NA,0.1,64,NA,NA,NA,NA,NA,NA,NA,TRUE
max_value_10y,2024-M08,month,CHFL,CHFL,all,agegroup_food,all,13,NA,0.15,72,NA,NA,NA,NA,NA,NA,NA,TRUE
max_value_10y,2024-M09,month,CHFL,CHFL,all,agegroup_food,all,10,NA,0.12,82,NA,NA,NA,NA,NA,NA,NA,TRUE
max_value_10y,2024-M10,month,CHFL,CHFL,all,agegroup_food,all,16,NA,0.19,98,NA,NA,NA,NA,NA,NA,NA,TRUE
max_value_10y,2024-M11,month,CHFL,CHFL,all,agegroup_food,all,17,NA,0.2,106,NA,NA,NA,NA,NA,NA,NA,TRUE
max_value_10y,2024-M12,month,CHFL,CHFL,all,agegroup_food,all,12,NA,0.14,109,NA,NA,NA,NA,NA,NA,NA,TRUE
max_value_10y,2025-M01,month,CHFL,CHFL,all,agegroup_food,all,9,NA,0.1,9,NA,NA,NA,NA,NA,NA,NA,TRUE
max_value_10y,2025-M02,month,CHFL,CHFL,all,agegroup_food,all,12,NA,0.14,20,NA,NA,NA,NA,NA,NA,NA,TRUE
max_value_10y,2025-M03,month,CHFL,CHFL,all,agegroup_food,all,10,NA,0.11,30,NA,NA,NA,NA,NA,NA,NA,TRUE
max_value_10y,2025-M04,month,CHFL,CHFL,all,agegroup_food,all,11,NA,0.13,35,NA,NA,NA,NA,NA,NA,NA,TRUE
max_value_10y,2025-M05,month,CHFL,CHFL,all,agegroup_food,all,18,NA,0.21,50,NA,NA,NA,NA,NA,NA,NA,TRUE
max_value_10y,2025-M06,month,CHFL,CHFL,all,agegroup_food,all,11,NA,0.12,60,NA,NA,NA,NA,NA,NA,NA,TRUE
max_value_10y,2025-M07,month,CHFL,CHFL,all,agegroup_food,all,9,NA,0.1,64,NA,NA,NA,NA,NA,NA,NA,TRUE
max_value_10y,2025-M08,month,CHFL,CHFL,all,agegroup_food,all,13,NA,0.15,72,NA,NA,NA,NA,NA,NA,NA,TRUE
max_value_10y,2025-M09,month,CHFL,CHFL,all,agegroup_food,all,10,NA,0.12,82,NA,NA,NA,NA,NA,NA,NA,TRUE
max_value_10y,2025-M10,month,CHFL,CHFL,all,agegroup_food,all,16,NA,0.19,98,NA,NA,NA,NA,NA,NA,NA,TRUE
max_value_10y,2025-M11,month,CHFL,CHFL,all,agegroup_food,all,17,NA,0.2,106,NA,NA,NA,NA,NA,NA,NA,TRUE
max_value_10y,2025-M12,month,CHFL,CHFL,all,agegroup_food,all,12,NA,0.14,109,NA,NA,NA,NA,NA,NA,NA,TRUE
max_value_10y,2026-M01,month,CHFL,CHFL,all,agegroup_food,all,9,NA,0.1,9,NA,NA,NA,NA,NA,NA,NA,TRUE
max_value_10y,2026-M02,month,CHFL,CHFL,all,agegroup_food,all,12,NA,0.14,20,NA,NA,NA,NA,NA,NA,NA,TRUE
max_value_10y,2026-M03,month,CHFL,CHFL,all,agegroup_food,all,10,NA,0.11,30,NA,NA,NA,NA,NA,NA,NA,TRUE
max_value_10y,2026-M04,month,CHFL,CHFL,all,agegroup_food,all,11,NA,0.13,35,NA,NA,NA,NA,NA,NA,NA,TRUE
max_value_10y,2026-M05,month,CHFL,CHFL,all,agegroup_food,all,18,NA,0.21,50,NA,NA,NA,NA,NA,NA,NA,TRUE
max_value_10y,2026-M06,month,CHFL,CHFL,all,agegroup_food,all,11,NA,0.12,60,NA,NA,NA,NA,NA,NA,NA,TRUE
max_value_10y,2026-M07,month,CHFL,CHFL,all,agegroup_food,all,9,NA,0.1,64,NA,NA,NA,NA,NA,NA,NA,TRUE
max_value_10y,2026-M08,month,CHFL,CHFL,all,agegroup_food,all,13,NA,0.15,72,NA,NA,NA,NA,NA,NA,NA,TRUE
cases,2013,year,AG,canton,all,agegroup_food,all,3,636362,0.47,NA,NA,NA,5.3,NA,NA,NA,NA,TRUE
cases,2013,year,AI,canton,all,agegroup_food,all,0,15778,0,NA,NA,NA,0,NA,NA,NA,NA,TRUE
cases,2013,year,AR,canton,all,agegroup_food,all,0,53691,0,NA,NA,NA,0,NA,NA,NA,NA,TRUE
cases,2013,year,BE,canton,all,agegroup_food,all,4,1001232,0.4,NA,NA,NA,7,NA,NA,NA,NA,TRUE
cases,2013,year,BL,canton,all,agegroup_food,all,3,278656,1.08,NA,NA,NA,5.3,NA,NA,NA,NA,TRUE
cases,2013,year,BS,canton,all,agegroup_food,all,3,189335,1.58,NA,NA,NA,5.3,NA,NA,NA,NA,TRUE
cases,2013,year,CH,country,all,agegroup_food,all,57,8139631,0.7,NA,NA,NA,100,NA,NA,NA,NA,TRUE
cases,2013,year,CHFL,CHFL,all,agegroup_food,all,57,8176760,0.7,NA,NA,NA,100,NA,NA,NA,NA,TRUE
cases,2013,year,FL,country,all,agegroup_food,all,0,37129,0,NA,NA,NA,0,NA,NA,NA,NA,TRUE
cases,2013,year,FR,canton,all,agegroup_food,all,3,297671,1.01,NA,NA,NA,5.3,NA,NA,NA,NA,TRUE
cases,2013,year,GE,canton,all,agegroup_food,all,7,469433,1.49,NA,NA,NA,12.3,NA,NA,NA,NA,TRUE
cases,2013,year,GL,canton,all,agegroup_food,all,1,39593,2.53,NA,NA,NA,1.8,NA,NA,NA,NA,TRUE
cases,2013,year,GR,canton,all,agegroup_food,all,3,194959,1.54,NA,NA,NA,5.3,NA,NA,NA,NA,TRUE
cases,2013,year,JU,canton,all,agegroup_food,all,2,71738,2.79,NA,NA,NA,3.5,NA,NA,NA,NA,TRUE
cases,2013,year,LU,canton,all,agegroup_food,all,2,390349,0.51,NA,NA,NA,3.5,NA,NA,NA,NA,TRUE
cases,2013,year,NE,canton,all,agegroup_food,all,2,176402,1.13,NA,NA,NA,3.5,NA,NA,NA,NA,TRUE
cases,2013,year,NW,canton,all,agegroup_food,all,0,41888,0,NA,NA,NA,0,NA,NA,NA,NA,TRUE
cases,2013,year,OW,canton,all,agegroup_food,all,0,36507,0,NA,NA,NA,0,NA,NA,NA,NA,TRUE
cases,2013,year,SG,canton,all,agegroup_food,all,2,491699,0.41,NA,NA,NA,3.5,NA,NA,NA,NA,TRUE
cases,2013,year,SH,canton,all,agegroup_food,all,0,78783,0,NA,NA,NA,0,NA,NA,NA,NA,TRUE
cases,2013,year,SO,canton,all,agegroup_food,all,0,261437,0,NA,NA,NA,0,NA,NA,NA,NA,TRUE
cases,2013,year,SZ,canton,all,agegroup_food,all,0,151396,0,NA,NA,NA,0,NA,NA,NA,NA,TRUE
cases,2013,year,TG,canton,all,agegroup_food,all,0,260278,0,NA,NA,NA,0,NA,NA,NA,NA,TRUE
cases,2013,year,TI,canton,all,agegroup_food,all,3,346539,0.87,NA,NA,NA,5.3,NA,NA,NA,NA,TRUE
cases,2013,year,UR,canton,all,agegroup_food,all,0,35865,0,NA,NA,NA,0,NA,NA,NA,NA,TRUE
cases,2013,year,VD,canton,all,agegroup_food,all,10,749373,1.33,NA,NA,NA,17.5,NA,NA,NA,NA,TRUE
cases,2013,year,VS,canton,all,agegroup_food,all,3,327011,0.92,NA,NA,NA,5.3,NA,NA,NA,NA,TRUE
cases,2013,year,ZG,canton,all,agegroup_food,all,0,118118,0,NA,NA,NA,0,NA,NA,NA,NA,TRUE
cases,2013,year,ZH,canton,all,agegroup_food,all,6,1425538,0.42,NA,NA,NA,10.5,NA,NA,NA,NA,TRUE
cases,2014,year,AG,canton,all,agegroup_food,all,6,645277,0.93,NA,NA,NA,10.3,NA,NA,NA,NA,TRUE
cases,2014,year,AI,canton,all,agegroup_food,all,0,15854,0,NA,NA,NA,0,NA,NA,NA,NA,TRUE
cases,2014,year,AR,canton,all,agegroup_food,all,1,54064,1.85,NA,NA,NA,1.7,NA,NA,NA,NA,TRUE
cases,2014,year,BE,canton,all,agegroup_food,all,6,1009370,0.59,NA,NA,NA,10.3,NA,NA,NA,NA,TRUE
cases,2014,year,BL,canton,all,agegroup_food,all,2,281301,0.71,NA,NA,NA,3.4,NA,NA,NA,NA,TRUE
cases,2014,year,BS,canton,all,agegroup_food,all,3,190580,1.57,NA,NA,NA,5.2,NA,NA,NA,NA,TRUE
cases,2014,year,CH,country,all,agegroup_food,all,58,8237666,0.7,NA,NA,NA,100,NA,NA,NA,NA,TRUE
cases,2014,year,CHFL,CHFL,all,agegroup_food,all,58,8275032,0.7,NA,NA,NA,100,1,0,0,NA,TRUE
cases,2014,year,FL,country,all,agegroup_food,all,0,37366,0,NA,NA,NA,0,NA,NA,NA,NA,TRUE
cases,2014,year,FR,canton,all,agegroup_food,all,1,303425,0.33,NA,NA,NA,1.7,NA,NA,NA,NA,TRUE
cases,2014,year,GE,canton,all,agegroup_food,all,9,477385,1.89,NA,NA,NA,15.5,NA,NA,NA,NA,TRUE
cases,2014,year,GL,canton,all,agegroup_food,all,0,39794,0,NA,NA,NA,0,NA,NA,NA,NA,TRUE
cases,2014,year,GR,canton,all,agegroup_food,all,1,195886,0.51,NA,NA,NA,1.7,NA,NA,NA,NA,TRUE
cases,2014,year,JU,canton,all,agegroup_food,all,0,72410,0,NA,NA,NA,0,NA,NA,NA,NA,TRUE
cases,2014,year,LU,canton,all,agegroup_food,all,6,394604,1.52,NA,NA,NA,10.3,NA,NA,NA,NA,TRUE
cases,2014,year,NE,canton,all,agegroup_food,all,0,177327,0,NA,NA,NA,0,NA,NA,NA,NA,TRUE
cases,2014,year,NW,canton,all,agegroup_food,all,0,42080,0,NA,NA,NA,0,NA,NA,NA,NA,TRUE
cases,2014,year,OW,canton,all,agegroup_food,all,1,36834,2.71,NA,NA,NA,1.7,NA,NA,NA,NA,TRUE
cases,2014,year,SG,canton,all,agegroup_food,all,2,495824,0.4,NA,NA,NA,3.4,NA,NA,NA,NA,TRUE
cases,2014,year,SH,canton,all,agegroup_food,all,0,79417,0,NA,NA,NA,0,NA,NA,NA,NA,TRUE
cases,2014,year,SO,canton,all,agegroup_food,all,0,263719,0,NA,NA,NA,0,NA,NA,NA,NA,TRUE
cases,2014,year,SZ,canton,all,agegroup_food,all,2,152759,1.31,NA,NA,NA,3.4,NA,NA,NA,NA,TRUE
cases,2014,year,TG,canton,all,agegroup_food,all,2,263733,0.76,NA,NA,NA,3.4,NA,NA,NA,NA,TRUE
cases,2014,year,TI,canton,all,agegroup_food,all,2,350363,0.57,NA,NA,NA,3.4,NA,NA,NA,NA,TRUE
cases,2014,year,UR,canton,all,agegroup_food,all,0,36008,0,NA,NA,NA,0,NA,NA,NA,NA,TRUE
cases,2014,year,VD,canton,all,agegroup_food,all,4,761446,0.53,NA,NA,NA,6.9,NA,NA,NA,NA,TRUE
cases,2014,year,VS,canton,all,agegroup_food,all,5,331763,1.51,NA,NA,NA,8.6,NA,NA,NA,NA,TRUE
cases,2014,year,ZG,canton,all,agegroup_food,all,1,120089,0.83,NA,NA,NA,1.7,NA,NA,NA,NA,TRUE
cases,2014,year,ZH,canton,all,agegroup_food,all,4,1446354,0.28,NA,NA,NA,6.9,NA,NA,NA,NA,TRUE
cases,2015,year,AG,canton,all,agegroup_food,all,2,653675,0.31,NA,3.7,NA,4.8,NA,NA,NA,NA,TRUE
cases,2015,year,AI,canton,all,agegroup_food,all,0,15974,0,NA,0,NA,0,NA,NA,NA,NA,TRUE
cases,2015,year,AR,canton,all,agegroup_food,all,0,54543,0,NA,0.3,NA,0,NA,NA,NA,NA,TRUE
cases,2015,year,BE,canton,all,agegroup_food,all,8,1017434,0.79,NA,6,NA,19,NA,NA,NA,NA,TRUE
cases,2015,year,BL,canton,all,agegroup_food,all,2,283231,0.71,NA,2.3,NA,4.8,NA,NA,NA,NA,TRUE
cases,2015,year,BS,canton,all,agegroup_food,all,1,191817,0.52,NA,2.3,NA,2.4,NA,NA,NA,NA,TRUE
cases,2015,year,CH,country,all,agegroup_food,all,42,8327126,0.5,NA,52.3,NA,100,NA,NA,NA,NA,TRUE
cases,2015,year,CHFL,CHFL,all,agegroup_food,all,42,8364748,0.5,NA,52.3,NA,100,-16,-0.2,-28.6,NA,TRUE
cases,2015,year,FL,country,all,agegroup_food,all,0,37622,0,NA,0,NA,0,NA,NA,NA,NA,TRUE
cases,2015,year,FR,canton,all,agegroup_food,all,2,307510,0.65,NA,2,NA,4.8,NA,NA,NA,NA,TRUE
cases,2015,year,GE,canton,all,agegroup_food,all,2,484736,0.41,NA,6,NA,4.8,NA,NA,NA,NA,TRUE
cases,2015,year,GL,canton,all,agegroup_food,all,1,40028,2.5,NA,0.7,NA,2.4,NA,NA,NA,NA,TRUE
cases,2015,year,GR,canton,all,agegroup_food,all,0,196610,0,NA,1.3,NA,0,NA,NA,NA,NA,TRUE
cases,2015,year,JU,canton,all,agegroup_food,all,0,72782,0,NA,0.7,NA,0,NA,NA,NA,NA,TRUE
cases,2015,year,LU,canton,all,agegroup_food,all,1,398762,0.25,NA,3,NA,2.4,NA,NA,NA,NA,TRUE
cases,2015,year,NE,canton,all,agegroup_food,all,0,178107,0,NA,0.7,NA,0,NA,NA,NA,NA,TRUE
cases,2015,year,NW,canton,all,agegroup_food,all,0,42420,0,NA,0,NA,0,NA,NA,NA,NA,TRUE
cases,2015,year,OW,canton,all,agegroup_food,all,0,37076,0,NA,0.3,NA,0,NA,NA,NA,NA,TRUE
cases,2015,year,SG,canton,all,agegroup_food,all,5,499065,1,NA,3,NA,11.9,NA,NA,NA,NA,TRUE
cases,2015,year,SH,canton,all,agegroup_food,all,0,79836,0,NA,0,NA,0,NA,NA,NA,NA,TRUE
cases,2015,year,SO,canton,all,agegroup_food,all,2,266418,0.75,NA,0.7,NA,4.8,NA,NA,NA,NA,TRUE
cases,2015,year,SZ,canton,all,agegroup_food,all,2,154093,1.3,NA,1.3,NA,4.8,NA,NA,NA,NA,TRUE
cases,2015,year,TG,canton,all,agegroup_food,all,0,267429,0,NA,0.7,NA,0,NA,NA,NA,NA,TRUE
cases,2015,year,TI,canton,all,agegroup_food,all,4,351946,1.14,NA,3,NA,9.5,NA,NA,NA,NA,TRUE
cases,2015,year,UR,canton,all,agegroup_food,all,0,35973,0,NA,0,NA,0,NA,NA,NA,NA,TRUE
cases,2015,year,VD,canton,all,agegroup_food,all,5,773407,0.65,NA,6.3,NA,11.9,NA,NA,NA,NA,TRUE
cases,2015,year,VS,canton,all,agegroup_food,all,1,335696,0.3,NA,3,NA,2.4,NA,NA,NA,NA,TRUE
cases,2015,year,ZG,canton,all,agegroup_food,all,0,122134,0,NA,0.3,NA,0,NA,NA,NA,NA,TRUE
cases,2015,year,ZH,canton,all,agegroup_food,all,4,1466424,0.27,NA,4.7,NA,9.5,NA,NA,NA,NA,TRUE
cases,2016,year,AG,canton,all,agegroup_food,all,3,663462,0.45,NA,3.7,NA,7.1,NA,NA,NA,NA,TRUE
cases,2016,year,AI,canton,all,agegroup_food,all,0,16003,0,NA,0,NA,0,NA,NA,NA,NA,TRUE
cases,2016,year,AR,canton,all,agegroup_food,all,1,54954,1.82,NA,0.7,NA,2.4,NA,NA,NA,NA,TRUE
cases,2016,year,BE,canton,all,agegroup_food,all,4,1026464,0.39,NA,6,NA,9.5,NA,NA,NA,NA,TRUE
cases,2016,year,BL,canton,all,agegroup_food,all,2,285624,0.7,NA,2,NA,4.8,NA,NA,NA,NA,TRUE
cases,2016,year,BS,canton,all,agegroup_food,all,2,193070,1.04,NA,2,NA,4.8,NA,NA,NA,NA,TRUE
cases,2016,year,CH,country,all,agegroup_food,all,42,8419550,0.5,NA,47.3,NA,100,NA,NA,NA,NA,TRUE
cases,2016,year,CHFL,CHFL,all,agegroup_food,all,42,8457360,0.5,NA,47.3,falling,100,0,0,0,NA,TRUE
cases,2016,year,FL,country,all,agegroup_food,all,0,37810,0,NA,0,NA,0,NA,NA,NA,NA,TRUE
cases,2016,year,FR,canton,all,agegroup_food,all,1,311963,0.32,NA,1.3,NA,2.4,NA,NA,NA,NA,TRUE
cases,2016,year,GE,canton,all,agegroup_food,all,2,489524,0.41,NA,4.3,NA,4.8,NA,NA,NA,NA,TRUE
cases,2016,year,GL,canton,all,agegroup_food,all,0,40147,0,NA,0.3,NA,0,NA,NA,NA,NA,TRUE
cases,2016,year,GR,canton,all,agegroup_food,all,0,197550,0,NA,0.3,NA,0,NA,NA,NA,NA,TRUE
cases,2016,year,JU,canton,all,agegroup_food,all,1,73122,1.37,NA,0.3,NA,2.4,NA,NA,NA,NA,TRUE
cases,2016,year,LU,canton,all,agegroup_food,all,1,403397,0.25,NA,2.7,NA,2.4,NA,NA,NA,NA,TRUE
cases,2016,year,NE,canton,all,agegroup_food,all,0,178567,0,NA,0,NA,0,NA,NA,NA,NA,TRUE
cases,2016,year,NW,canton,all,agegroup_food,all,0,42556,0,NA,0,NA,0,NA,NA,NA,NA,TRUE
cases,2016,year,OW,canton,all,agegroup_food,all,0,37378,0,NA,0.3,NA,0,NA,NA,NA,NA,TRUE
cases,2016,year,SG,canton,all,agegroup_food,all,2,502552,0.4,NA,3,NA,4.8,NA,NA,NA,NA,TRUE
cases,2016,year,SH,canton,all,agegroup_food,all,0,80769,0,NA,0,NA,0,NA,NA,NA,NA,TRUE
cases,2016,year,SO,canton,all,agegroup_food,all,1,269441,0.37,NA,1,NA,2.4,NA,NA,NA,NA,TRUE
cases,2016,year,SZ,canton,all,agegroup_food,all,0,155863,0,NA,1.3,NA,0,NA,NA,NA,NA,TRUE
cases,2016,year,TG,canton,all,agegroup_food,all,2,270709,0.74,NA,1.3,NA,4.8,NA,NA,NA,NA,TRUE
cases,2016,year,TI,canton,all,agegroup_food,all,2,354375,0.56,NA,2.7,NA,4.8,NA,NA,NA,NA,TRUE
cases,2016,year,UR,canton,all,agegroup_food,all,0,36145,0,NA,0,NA,0,NA,NA,NA,NA,TRUE
cases,2016,year,VD,canton,all,agegroup_food,all,6,784822,0.76,NA,5,NA,14.3,NA,NA,NA,NA,TRUE
cases,2016,year,VS,canton,all,agegroup_food,all,2,339176,0.59,NA,2.7,NA,4.8,NA,NA,NA,NA,TRUE
cases,2016,year,ZG,canton,all,agegroup_food,all,0,123948,0,NA,0.3,NA,0,NA,NA,NA,NA,TRUE
cases,2016,year,ZH,canton,all,agegroup_food,all,10,1487969,0.67,NA,6,NA,23.8,NA,NA,NA,NA,TRUE
cases,2017,year,AG,canton,all,agegroup_food,all,5,670988,0.75,NA,3.3,NA,4.6,NA,NA,NA,NA,TRUE
cases,2017,year,AI,canton,all,agegroup_food,all,0,16105,0,NA,0,NA,0,NA,NA,NA,NA,TRUE
cases,2017,year,AR,canton,all,agegroup_food,all,0,55178,0,NA,0.3,NA,0,NA,NA,NA,NA,TRUE
cases,2017,year,BE,canton,all,agegroup_food,all,5,1031080,0.48,NA,5.7,NA,4.6,NA,NA,NA,NA,TRUE
cases,2017,year,BL,canton,all,agegroup_food,all,4,287023,1.39,NA,2.7,NA,3.7,NA,NA,NA,NA,TRUE
cases,2017,year,BS,canton,all,agegroup_food,all,5,193908,2.58,NA,2.7,NA,4.6,NA,NA,NA,NA,TRUE
cases,2017,year,CH,country,all,agegroup_food,all,109,8484130,1.28,NA,64.3,NA,100,NA,NA,NA,NA,TRUE
cases,2017,year,CHFL,CHFL,all,agegroup_food,all,109,8522244,1.28,NA,64.3,rising,100,67,0.78,156,61.6,TRUE
cases,2017,year,FL,country,all,agegroup_food,all,0,38114,0,NA,0,NA,0,NA,NA,NA,NA,TRUE
cases,2017,year,FR,canton,all,agegroup_food,all,6,315120,1.9,NA,3,NA,5.5,NA,NA,NA,NA,TRUE
cases,2017,year,GE,canton,all,agegroup_food,all,1,495249,0.2,NA,1.7,NA,0.9,NA,NA,NA,NA,TRUE
cases,2017,year,GL,canton,all,agegroup_food,all,0,40349,0,NA,0.3,NA,0,NA,NA,NA,NA,TRUE
cases,2017,year,GR,canton,all,agegroup_food,all,3,197888,1.52,NA,1,NA,2.8,NA,NA,NA,NA,TRUE
cases,2017,year,JU,canton,all,agegroup_food,all,2,73290,2.73,NA,1,NA,1.8,NA,NA,NA,NA,TRUE
cases,2017,year,LU,canton,all,agegroup_food,all,6,406506,1.48,NA,2.7,NA,5.5,NA,NA,NA,NA,TRUE
cases,2017,year,NE,canton,all,agegroup_food,all,0,177964,0,NA,0,NA,0,NA,NA,NA,NA,TRUE
cases,2017,year,NW,canton,all,agegroup_food,all,0,42969,0,NA,0,NA,0,NA,NA,NA,NA,TRUE
cases,2017,year,OW,canton,all,agegroup_food,all,1,37575,2.66,NA,0.3,NA,0.9,NA,NA,NA,NA,TRUE
cases,2017,year,SG,canton,all,agegroup_food,all,5,504686,0.99,NA,4,NA,4.6,NA,NA,NA,NA,TRUE
cases,2017,year,SH,canton,all,agegroup_food,all,0,81351,0,NA,0,NA,0,NA,NA,NA,NA,TRUE
cases,2017,year,SO,canton,all,agegroup_food,all,2,271432,0.74,NA,1.7,NA,1.8,NA,NA,NA,NA,TRUE
cases,2017,year,SZ,canton,all,agegroup_food,all,1,157301,0.64,NA,1,NA,0.9,NA,NA,NA,NA,TRUE
cases,2017,year,TG,canton,all,agegroup_food,all,2,273801,0.73,NA,1.3,NA,1.8,NA,NA,NA,NA,TRUE
cases,2017,year,TI,canton,all,agegroup_food,all,15,353709,4.24,NA,7,NA,13.8,NA,NA,NA,NA,TRUE
cases,2017,year,UR,canton,all,agegroup_food,all,1,36299,2.75,NA,0.3,NA,0.9,NA,NA,NA,NA,TRUE
cases,2017,year,VD,canton,all,agegroup_food,all,9,793129,1.13,NA,6.7,NA,8.3,NA,NA,NA,NA,TRUE
cases,2017,year,VS,canton,all,agegroup_food,all,4,341463,1.17,NA,2.3,NA,3.7,NA,NA,NA,NA,TRUE
cases,2017,year,ZG,canton,all,agegroup_food,all,2,125421,1.59,NA,0.7,NA,1.8,NA,NA,NA,NA,TRUE
cases,2017,year,ZH,canton,all,agegroup_food,all,30,1504346,1.99,NA,14.7,NA,27.5,NA,NA,NA,NA,TRUE
cases,2018,year,AG,canton,all,agegroup_food,all,3,678207,0.44,NA,3.7,NA,2.9,NA,NA,NA,NA,TRUE
cases,2018,year,AI,canton,all,agegroup_food,all,0,16145,0,NA,0,NA,0,NA,NA,NA,NA,TRUE
cases,2018,year,AR,canton,all,agegroup_food,all,0,55234,0,NA,0.3,NA,0,NA,NA,NA,NA,TRUE
cases,2018,year,BE,canton,all,agegroup_food,all,5,1034931,0.48,NA,4.7,NA,4.8,NA,NA,NA,NA,TRUE
cases,2018,year,BL,canton,all,agegroup_food,all,4,288132,1.39,NA,3.3,NA,3.8,NA,NA,NA,NA,TRUE
cases,2018,year,BS,canton,all,agegroup_food,all,1,194766,0.51,NA,2.7,NA,1,NA,NA,NA,NA,TRUE
cases,2018,year,CH,country,all,agegroup_food,all,105,8544527,1.23,NA,85.3,NA,100,NA,NA,NA,NA,TRUE
cases,2018,year,CHFL,CHFL,all,agegroup_food,all,105,8582905,1.22,NA,85.3,rising,100,-4,-0.06,-4.7,71.2,TRUE
cases,2018,year,FL,country,all,agegroup_food,all,0,38378,0,NA,0,NA,0,NA,NA,NA,NA,TRUE
cases,2018,year,FR,canton,all,agegroup_food,all,0,318760,0,NA,2.3,NA,0,NA,NA,NA,NA,TRUE
cases,2018,year,GE,canton,all,agegroup_food,all,5,499480,1,NA,2.7,NA,4.8,NA,NA,NA,NA,TRUE
cases,2018,year,GL,canton,all,agegroup_food,all,1,40403,2.48,NA,0.3,NA,1,NA,NA,NA,NA,TRUE
cases,2018,year,GR,canton,all,agegroup_food,all,1,198379,0.5,NA,1.3,NA,1,NA,NA,NA,NA,TRUE
cases,2018,year,JU,canton,all,agegroup_food,all,2,73419,2.72,NA,1.7,NA,1.9,NA,NA,NA,NA,TRUE
cases,2018,year,LU,canton,all,agegroup_food,all,6,409557,1.46,NA,4.3,NA,5.7,NA,NA,NA,NA,TRUE
cases,2018,year,NE,canton,all,agegroup_food,all,5,176850,2.83,NA,1.7,NA,4.8,NA,NA,NA,NA,TRUE
cases,2018,year,NW,canton,all,agegroup_food,all,0,43223,0,NA,0,NA,0,NA,NA,NA,NA,TRUE
cases,2018,year,OW,canton,all,agegroup_food,all,1,37841,2.64,NA,0.7,NA,1,NA,NA,NA,NA,TRUE
cases,2018,year,SG,canton,all,agegroup_food,all,9,507697,1.77,NA,5.3,NA,8.6,NA,NA,NA,NA,TRUE
cases,2018,year,SH,canton,all,agegroup_food,all,1,81991,1.22,NA,0.3,NA,1,NA,NA,NA,NA,TRUE
cases,2018,year,SO,canton,all,agegroup_food,all,4,273194,1.46,NA,2.3,NA,3.8,NA,NA,NA,NA,TRUE
cases,2018,year,SZ,canton,all,agegroup_food,all,3,159165,1.88,NA,1.3,NA,2.9,NA,NA,NA,NA,TRUE
cases,2018,year,TG,canton,all,agegroup_food,all,3,276472,1.09,NA,2.3,NA,2.9,NA,NA,NA,NA,TRUE
cases,2018,year,TI,canton,all,agegroup_food,all,9,353343,2.55,NA,8.7,NA,8.6,NA,NA,NA,NA,TRUE
cases,2018,year,UR,canton,all,agegroup_food,all,0,36433,0,NA,0.3,NA,0,NA,NA,NA,NA,TRUE
cases,2018,year,VD,canton,all,agegroup_food,all,7,799145,0.88,NA,7.3,NA,6.7,NA,NA,NA,NA,TRUE
cases,2018,year,VS,canton,all,agegroup_food,all,3,343955,0.87,NA,3,NA,2.9,NA,NA,NA,NA,TRUE
cases,2018,year,ZG,canton,all,agegroup_food,all,1,126837,0.79,NA,1,NA,1,NA,NA,NA,NA,TRUE
cases,2018,year,ZH,canton,all,agegroup_food,all,31,1520968,2.04,NA,23.7,NA,29.5,NA,NA,NA,NA,TRUE
cases,2019,year,AG,canton,all,agegroup_food,all,2,685845,0.29,NA,3.3,NA,2.5,NA,NA,NA,NA,TRUE
cases,2019,year,AI,canton,all,agegroup_food,all,0,16128,0,NA,0,NA,0,NA,NA,NA,NA,TRUE
cases,2019,year,AR,canton,all,agegroup_food,all,0,55445,0,NA,0,NA,0,NA,NA,NA,NA,TRUE
cases,2019,year,BE,canton,all,agegroup_food,all,9,1039426,0.87,NA,6.3,NA,11.1,NA,NA,NA,NA,TRUE
cases,2019,year,BL,canton,all,agegroup_food,all,0,289468,0,NA,2.7,NA,0,NA,NA,NA,NA,TRUE
cases,2019,year,BS,canton,all,agegroup_food,all,1,195844,0.51,NA,2.3,NA,1.2,NA,NA,NA,NA,TRUE
cases,2019,year,CH,country,all,agegroup_food,all,81,8606033,0.94,NA,98.3,NA,100,NA,NA,NA,NA,TRUE
cases,2019,year,CHFL,CHFL,all,agegroup_food,all,81,8644780,0.94,NA,98.3,rising,100,-24,-0.28,-23,75.8,TRUE
cases,2019,year,FL,country,all,agegroup_food,all,0,38747,0,NA,0,NA,0,NA,NA,NA,NA,TRUE
cases,2019,year,FR,canton,all,agegroup_food,all,2,321831,0.62,NA,2.7,NA,2.5,NA,NA,NA,NA,TRUE
cases,2019,year,GE,canton,all,agegroup_food,all,4,504128,0.79,NA,3.3,NA,4.9,NA,NA,NA,NA,TRUE
cases,2019,year,GL,canton,all,agegroup_food,all,0,40590,0,NA,0.3,NA,0,NA,NA,NA,NA,TRUE
cases,2019,year,GR,canton,all,agegroup_food,all,2,199021,1,NA,2,NA,2.5,NA,NA,NA,NA,TRUE
cases,2019,year,JU,canton,all,agegroup_food,all,0,73584,0,NA,1.3,NA,0,NA,NA,NA,NA,TRUE
cases,2019,year,LU,canton,all,agegroup_food,all,2,413120,0.48,NA,4.7,NA,2.5,NA,NA,NA,NA,TRUE
cases,2019,year,NE,canton,all,agegroup_food,all,2,176496,1.13,NA,2.3,NA,2.5,NA,NA,NA,NA,TRUE
cases,2019,year,NW,canton,all,agegroup_food,all,1,43087,2.32,NA,0.3,NA,1.2,NA,NA,NA,NA,TRUE
cases,2019,year,OW,canton,all,agegroup_food,all,0,37930,0,NA,0.7,NA,0,NA,NA,NA,NA,TRUE
cases,2019,year,SG,canton,all,agegroup_food,all,3,510734,0.59,NA,5.7,NA,3.7,NA,NA,NA,NA,TRUE
cases,2019,year,SH,canton,all,agegroup_food,all,1,82348,1.21,NA,0.7,NA,1.2,NA,NA,NA,NA,TRUE
cases,2019,year,SO,canton,all,agegroup_food,all,1,275247,0.36,NA,2.3,NA,1.2,NA,NA,NA,NA,TRUE
cases,2019,year,SZ,canton,all,agegroup_food,all,1,160480,0.62,NA,1.7,NA,1.2,NA,NA,NA,NA,TRUE
cases,2019,year,TG,canton,all,agegroup_food,all,2,279547,0.72,NA,2.3,NA,2.5,NA,NA,NA,NA,TRUE
cases,2019,year,TI,canton,all,agegroup_food,all,11,351491,3.13,NA,11.7,NA,13.6,NA,NA,NA,NA,TRUE
cases,2019,year,UR,canton,all,agegroup_food,all,0,36703,0,NA,0.3,NA,0,NA,NA,NA,NA,TRUE
cases,2019,year,VD,canton,all,agegroup_food,all,10,805098,1.24,NA,8.7,NA,12.3,NA,NA,NA,NA,TRUE
cases,2019,year,VS,canton,all,agegroup_food,all,2,345525,0.58,NA,3,NA,2.5,NA,NA,NA,NA,TRUE
cases,2019,year,ZG,canton,all,agegroup_food,all,1,127642,0.78,NA,1.3,NA,1.2,NA,NA,NA,NA,TRUE
cases,2019,year,ZH,canton,all,agegroup_food,all,24,1539275,1.56,NA,28.3,NA,29.6,NA,NA,NA,NA,TRUE
cases,2020,year,AG,canton,all,agegroup_food,all,5,694072,0.72,NA,3.3,NA,7.8,NA,NA,NA,NA,TRUE
cases,2020,year,AI,canton,all,agegroup_food,all,0,16293,0,NA,0,NA,0,NA,NA,NA,NA,TRUE
cases,2020,year,AR,canton,all,agegroup_food,all,1,55309,1.81,NA,0.3,NA,1.6,NA,NA,NA,NA,TRUE
cases,2020,year,BE,canton,all,agegroup_food,all,3,1043081,0.29,NA,5.7,NA,4.7,NA,NA,NA,NA,TRUE
cases,2020,year,BL,canton,all,agegroup_food,all,2,290969,0.69,NA,2,NA,3.1,NA,NA,NA,NA,TRUE
cases,2020,year,BS,canton,all,agegroup_food,all,0,196735,0,NA,0.7,NA,0,NA,NA,NA,NA,TRUE
cases,2020,year,CH,country,all,agegroup_food,all,64,8670300,0.74,NA,83.3,NA,100,NA,NA,NA,NA,TRUE
cases,2020,year,CHFL,CHFL,all,agegroup_food,all,64,8709355,0.73,NA,83.3,falling,100,-17,-0.21,-22.3,80.2,TRUE
cases,2020,year,FL,country,all,agegroup_food,all,0,39055,0,NA,0,NA,0,NA,NA,NA,NA,TRUE
cases,2020,year,FR,canton,all,agegroup_food,all,1,325547,0.31,NA,1,NA,1.6,NA,NA,NA,NA,TRUE
cases,2020,year,GE,canton,all,agegroup_food,all,1,506343,0.2,NA,3.3,NA,1.6,NA,NA,NA,NA,TRUE
cases,2020,year,GL,canton,all,agegroup_food,all,0,40851,0,NA,0.3,NA,0,NA,NA,NA,NA,TRUE
cases,2020,year,GR,canton,all,agegroup_food,all,2,200096,1,NA,1.7,NA,3.1,NA,NA,NA,NA,TRUE
cases,2020,year,JU,canton,all,agegroup_food,all,1,73709,1.36,NA,1,NA,1.6,NA,NA,NA,NA,TRUE
cases,2020,year,LU,canton,all,agegroup_food,all,3,416347,0.72,NA,3.7,NA,4.7,NA,NA,NA,NA,TRUE
cases,2020,year,NE,canton,all,agegroup_food,all,3,175894,1.71,NA,3.3,NA,4.7,NA,NA,NA,NA,TRUE
cases,2020,year,NW,canton,all,agegroup_food,all,0,43520,0,NA,0.3,NA,0,NA,NA,NA,NA,TRUE
cases,2020,year,OW,canton,all,agegroup_food,all,0,38108,0,NA,0.3,NA,0,NA,NA,NA,NA,TRUE
cases,2020,year,SG,canton,all,agegroup_food,all,2,514504,0.39,NA,4.7,NA,3.1,NA,NA,NA,NA,TRUE
cases,2020,year,SH,canton,all,agegroup_food,all,1,83107,1.2,NA,1,NA,1.6,NA,NA,NA,NA,TRUE
cases,2020,year,SO,canton,all,agegroup_food,all,5,277462,1.8,NA,3.3,NA,7.8,NA,NA,NA,NA,TRUE
cases,2020,year,SZ,canton,all,agegroup_food,all,1,162157,0.62,NA,1.7,NA,1.6,NA,NA,NA,NA,TRUE
cases,2020,year,TG,canton,all,agegroup_food,all,2,282909,0.71,NA,2.3,NA,3.1,NA,NA,NA,NA,TRUE
cases,2020,year,TI,canton,all,agegroup_food,all,6,350986,1.71,NA,8.7,NA,9.4,NA,NA,NA,NA,TRUE
cases,2020,year,UR,canton,all,agegroup_food,all,0,36819,0,NA,0,NA,0,NA,NA,NA,NA,TRUE
cases,2020,year,VD,canton,all,agegroup_food,all,8,814762,0.98,NA,8.3,NA,12.5,NA,NA,NA,NA,TRUE
cases,2020,year,VS,canton,all,agegroup_food,all,3,348503,0.86,NA,2.7,NA,4.7,NA,NA,NA,NA,TRUE
cases,2020,year,ZG,canton,all,agegroup_food,all,1,128794,0.78,NA,1,NA,1.6,NA,NA,NA,NA,TRUE
cases,2020,year,ZH,canton,all,agegroup_food,all,13,1553423,0.84,NA,22.7,NA,20.3,NA,NA,NA,NA,TRUE
cases,2021,year,AG,canton,all,agegroup_food,all,2,703086,0.28,NA,3,NA,4.4,NA,NA,NA,NA,TRUE
cases,2021,year,AI,canton,all,agegroup_food,all,0,16360,0,NA,0,NA,0,NA,NA,NA,NA,TRUE
cases,2021,year,AR,canton,all,agegroup_food,all,1,55585,1.8,NA,0.7,NA,2.2,NA,NA,NA,NA,TRUE
cases,2021,year,BE,canton,all,agegroup_food,all,2,1047422,0.19,NA,4.7,NA,4.4,NA,NA,NA,NA,TRUE
cases,2021,year,BL,canton,all,agegroup_food,all,1,292817,0.34,NA,1,NA,2.2,NA,NA,NA,NA,TRUE
cases,2021,year,BS,canton,all,agegroup_food,all,0,196036,0,NA,0.3,NA,0,NA,NA,NA,NA,TRUE
cases,2021,year,CH,country,all,agegroup_food,all,45,8738791,0.51,NA,63.3,NA,95.7,NA,NA,NA,NA,TRUE
cases,2021,year,CHFL,CHFL,all,agegroup_food,all,47,8778099,0.54,NA,64,falling,100,-17,-0.19,-26,81.2,TRUE
cases,2021,year,FL,country,all,agegroup_food,all,2,39308,5.09,NA,0.7,NA,4.3,NA,NA,NA,NA,TRUE
cases,2021,year,FR,canton,all,agegroup_food,all,0,329860,0,NA,1,NA,0,NA,NA,NA,NA,TRUE
cases,2021,year,GE,canton,all,agegroup_food,all,0,509448,0,NA,1.7,NA,0,NA,NA,NA,NA,TRUE
cases,2021,year,GL,canton,all,agegroup_food,all,0,41190,0,NA,0,NA,0,NA,NA,NA,NA,TRUE
cases,2021,year,GR,canton,all,agegroup_food,all,3,201376,1.49,NA,2.3,NA,6.7,NA,NA,NA,NA,TRUE
cases,2021,year,JU,canton,all,agegroup_food,all,0,73798,0,NA,0.3,NA,0,NA,NA,NA,NA,TRUE
cases,2021,year,LU,canton,all,agegroup_food,all,2,420326,0.48,NA,2.3,NA,4.4,NA,NA,NA,NA,TRUE
cases,2021,year,NE,canton,all,agegroup_food,all,0,176166,0,NA,1.7,NA,0,NA,NA,NA,NA,TRUE
cases,2021,year,NW,canton,all,agegroup_food,all,0,43894,0,NA,0.3,NA,0,NA,NA,NA,NA,TRUE
cases,2021,year,OW,canton,all,agegroup_food,all,0,38435,0,NA,0,NA,0,NA,NA,NA,NA,TRUE
cases,2021,year,SG,canton,all,agegroup_food,all,1,519245,0.19,NA,2,NA,2.2,NA,NA,NA,NA,TRUE
cases,2021,year,SH,canton,all,agegroup_food,all,1,83995,1.19,NA,1,NA,2.2,NA,NA,NA,NA,TRUE
cases,2021,year,SO,canton,all,agegroup_food,all,0,280245,0,NA,2,NA,0,NA,NA,NA,NA,TRUE
cases,2021,year,SZ,canton,all,agegroup_food,all,4,163689,2.44,NA,2,NA,8.9,NA,NA,NA,NA,TRUE
cases,2021,year,TG,canton,all,agegroup_food,all,0,285964,0,NA,1.3,NA,0,NA,NA,NA,NA,TRUE
cases,2021,year,TI,canton,all,agegroup_food,all,10,352181,2.84,NA,9,NA,22.2,NA,NA,NA,NA,TRUE
cases,2021,year,UR,canton,all,agegroup_food,all,0,37047,0,NA,0,NA,0,NA,NA,NA,NA,TRUE
cases,2021,year,VD,canton,all,agegroup_food,all,4,822968,0.49,NA,7.3,NA,8.9,NA,NA,NA,NA,TRUE
cases,2021,year,VS,canton,all,agegroup_food,all,1,353209,0.28,NA,2,NA,2.2,NA,NA,NA,NA,TRUE
cases,2021,year,ZG,canton,all,agegroup_food,all,1,129787,0.77,NA,1,NA,2.2,NA,NA,NA,NA,TRUE
cases,2021,year,ZH,canton,all,agegroup_food,all,12,1564662,0.77,NA,16.3,NA,26.7,NA,NA,NA,NA,TRUE
cases,2022,year,AG,canton,all,agegroup_food,all,2,711232,0.28,NA,3,NA,4,NA,NA,NA,NA,TRUE
cases,2022,year,AI,canton,all,agegroup_food,all,0,16416,0,NA,0,NA,0,NA,NA,NA,NA,TRUE
cases,2022,year,AR,canton,all,agegroup_food,all,1,55759,1.79,NA,1,NA,2,NA,NA,NA,NA,TRUE
cases,2022,year,BE,canton,all,agegroup_food,all,2,1051437,0.19,NA,2.3,NA,4,NA,NA,NA,NA,TRUE
cases,2022,year,BL,canton,all,agegroup_food,all,1,294417,0.34,NA,1.3,NA,2,NA,NA,NA,NA,TRUE
cases,2022,year,BS,canton,all,agegroup_food,all,3,196786,1.52,NA,1,NA,6,NA,NA,NA,NA,TRUE
cases,2022,year,CH,country,all,agegroup_food,all,50,8815385,0.57,NA,53,NA,100,NA,NA,NA,NA,TRUE
cases,2022,year,CHFL,CHFL,all,agegroup_food,all,50,8855062,0.56,NA,53.7,falling,100,3,0.02,3.7,69.4,TRUE
cases,2022,year,FL,country,all,agegroup_food,all,0,39677,0,NA,0.7,NA,0,NA,NA,NA,NA,TRUE
cases,2022,year,FR,canton,all,agegroup_food,all,1,334465,0.3,NA,0.7,NA,2,NA,NA,NA,NA,TRUE
cases,2022,year,GE,canton,all,agegroup_food,all,1,514114,0.19,NA,0.7,NA,2,NA,NA,NA,NA,TRUE
cases,2022,year,GL,canton,all,agegroup_food,all,0,41471,0,NA,0,NA,0,NA,NA,NA,NA,TRUE
cases,2022,year,GR,canton,all,agegroup_food,all,1,202538,0.49,NA,2,NA,2,NA,NA,NA,NA,TRUE
cases,2022,year,JU,canton,all,agegroup_food,all,1,73865,1.35,NA,0.7,NA,2,NA,NA,NA,NA,TRUE
cases,2022,year,LU,canton,all,agegroup_food,all,7,424851,1.65,NA,4,NA,14,NA,NA,NA,NA,TRUE
cases,2022,year,NE,canton,all,agegroup_food,all,1,176571,0.57,NA,1.3,NA,2,NA,NA,NA,NA,TRUE
cases,2022,year,NW,canton,all,agegroup_food,all,0,44420,0,NA,0,NA,0,NA,NA,NA,NA,TRUE
cases,2022,year,OW,canton,all,agegroup_food,all,0,38700,0,NA,0,NA,0,NA,NA,NA,NA,TRUE
cases,2022,year,SG,canton,all,agegroup_food,all,2,525967,0.38,NA,1.7,NA,4,NA,NA,NA,NA,TRUE
cases,2022,year,SH,canton,all,agegroup_food,all,2,85214,2.35,NA,1.3,NA,4,NA,NA,NA,NA,TRUE
cases,2022,year,SO,canton,all,agegroup_food,all,2,282408,0.71,NA,2.3,NA,4,NA,NA,NA,NA,TRUE
cases,2022,year,SZ,canton,all,agegroup_food,all,3,164920,1.82,NA,2.7,NA,6,NA,NA,NA,NA,TRUE
cases,2022,year,TG,canton,all,agegroup_food,all,3,289650,1.04,NA,1.7,NA,6,NA,NA,NA,NA,TRUE
cases,2022,year,TI,canton,all,agegroup_food,all,6,354023,1.69,NA,7.3,NA,12,NA,NA,NA,NA,TRUE
cases,2022,year,UR,canton,all,agegroup_food,all,0,37317,0,NA,0,NA,0,NA,NA,NA,NA,TRUE
cases,2022,year,VD,canton,all,agegroup_food,all,3,830431,0.36,NA,5,NA,6,NA,NA,NA,NA,TRUE
cases,2022,year,VS,canton,all,agegroup_food,all,0,357282,0,NA,1.3,NA,0,NA,NA,NA,NA,TRUE
cases,2022,year,ZG,canton,all,agegroup_food,all,1,131164,0.76,NA,1,NA,2,NA,NA,NA,NA,TRUE
cases,2022,year,ZH,canton,all,agegroup_food,all,7,1579967,0.44,NA,10.7,NA,14,NA,NA,NA,NA,TRUE
cases,2023,year,AG,canton,all,agegroup_food,all,3,726894,0.41,NA,2.3,NA,5.1,NA,NA,NA,NA,TRUE
cases,2023,year,AI,canton,all,agegroup_food,all,0,16585,0,NA,0,NA,0,NA,NA,NA,NA,TRUE
cases,2023,year,AR,canton,all,agegroup_food,all,1,56495,1.77,NA,1,NA,1.7,NA,NA,NA,NA,TRUE
cases,2023,year,BE,canton,all,agegroup_food,all,2,1063533,0.19,NA,2,NA,3.4,NA,NA,NA,NA,TRUE
cases,2023,year,BL,canton,all,agegroup_food,all,0,298837,0,NA,0.7,NA,0,NA,NA,NA,NA,TRUE
cases,2023,year,BS,canton,all,agegroup_food,all,1,200031,0.5,NA,1.3,NA,1.7,NA,NA,NA,NA,TRUE
cases,2023,year,CH,country,all,agegroup_food,all,59,8962258,0.66,NA,51.3,NA,98.3,NA,NA,NA,NA,TRUE
cases,2023,year,CHFL,CHFL,all,agegroup_food,all,60,9002273,0.67,NA,52.3,stagnant,100,10,0.11,19.6,60.4,TRUE
cases,2023,year,FL,country,all,agegroup_food,all,1,40015,2.5,NA,1,NA,1.7,NA,NA,NA,NA,TRUE
cases,2023,year,FR,canton,all,agegroup_food,all,4,341537,1.17,NA,1.7,NA,6.8,NA,NA,NA,NA,TRUE
cases,2023,year,GE,canton,all,agegroup_food,all,5,524410,0.95,NA,2,NA,8.5,NA,NA,NA,NA,TRUE
cases,2023,year,GL,canton,all,agegroup_food,all,1,42056,2.38,NA,0.3,NA,1.7,NA,NA,NA,NA,TRUE
cases,2023,year,GR,canton,all,agegroup_food,all,3,204888,1.46,NA,2.3,NA,5.1,NA,NA,NA,NA,TRUE
cases,2023,year,JU,canton,all,agegroup_food,all,3,74548,4.02,NA,1.3,NA,5.1,NA,NA,NA,NA,TRUE
cases,2023,year,LU,canton,all,agegroup_food,all,4,432744,0.92,NA,4.3,NA,6.8,NA,NA,NA,NA,TRUE
cases,2023,year,NE,canton,all,agegroup_food,all,3,178291,1.68,NA,1.3,NA,5.1,NA,NA,NA,NA,TRUE
cases,2023,year,NW,canton,all,agegroup_food,all,0,45016,0,NA,0,NA,0,NA,NA,NA,NA,TRUE
cases,2023,year,OW,canton,all,agegroup_food,all,0,39272,0,NA,0,NA,0,NA,NA,NA,NA,TRUE
cases,2023,year,SG,canton,all,agegroup_food,all,1,535114,0.19,NA,1.3,NA,1.7,NA,NA,NA,NA,TRUE
cases,2023,year,SH,canton,all,agegroup_food,all,1,87111,1.15,NA,1.3,NA,1.7,NA,NA,NA,NA,TRUE
cases,2023,year,SO,canton,all,agegroup_food,all,1,286844,0.35,NA,1,NA,1.7,NA,NA,NA,NA,TRUE
cases,2023,year,SZ,canton,all,agegroup_food,all,0,167403,0,NA,2.3,NA,0,NA,NA,NA,NA,TRUE
cases,2023,year,TG,canton,all,agegroup_food,all,4,295220,1.35,NA,2.3,NA,6.8,NA,NA,NA,NA,TRUE
cases,2023,year,TI,canton,all,agegroup_food,all,0,357720,0,NA,5.3,NA,0,NA,NA,NA,NA,TRUE
cases,2023,year,UR,canton,all,agegroup_food,all,0,37931,0,NA,0,NA,0,NA,NA,NA,NA,TRUE
cases,2023,year,VD,canton,all,agegroup_food,all,8,845870,0.95,NA,5,NA,13.6,NA,NA,NA,NA,TRUE
cases,2023,year,VS,canton,all,agegroup_food,all,2,365844,0.55,NA,1,NA,3.4,NA,NA,NA,NA,TRUE
cases,2023,year,ZG,canton,all,agegroup_food,all,1,132556,0.75,NA,1,NA,1.7,NA,NA,NA,NA,TRUE
cases,2023,year,ZH,canton,all,agegroup_food,all,11,1605508,0.69,NA,10,NA,18.6,NA,NA,NA,NA,TRUE
cases,2024,year,AG,canton,all,agegroup_food,all,2,735808,0.27,NA,2.3,NA,3.1,NA,NA,NA,NA,TRUE
cases,2024,year,AI,canton,all,agegroup_food,all,0,16733,0,NA,0,NA,0,NA,NA,NA,NA,TRUE
cases,2024,year,AR,canton,all,agegroup_food,all,0,56705,0,NA,0.7,NA,0,NA,NA,NA,NA,TRUE
cases,2024,year,BE,canton,all,agegroup_food,all,5,1071216,0.47,NA,3,NA,7.7,NA,NA,NA,NA,TRUE
cases,2024,year,BL,canton,all,agegroup_food,all,2,301323,0.66,NA,1,NA,3.1,NA,NA,NA,NA,TRUE
cases,2024,year,BS,canton,all,agegroup_food,all,3,201384,1.49,NA,2.3,NA,4.6,NA,NA,NA,NA,TRUE
cases,2024,year,CH,country,all,agegroup_food,all,65,9051029,0.72,NA,58,NA,100,NA,NA,NA,NA,TRUE
cases,2024,year,CHFL,CHFL,all,agegroup_food,all,65,9091915,0.71,NA,58.3,stagnant,100,5,0.04,6,57.2,TRUE
cases,2024,year,FL,country,all,agegroup_food,all,0,40886,0,NA,0.3,NA,0,NA,NA,NA,NA,TRUE
cases,2024,year,FR,canton,all,agegroup_food,all,5,346674,1.44,NA,3.3,NA,7.7,NA,NA,NA,NA,TRUE
cases,2024,year,GE,canton,all,agegroup_food,all,8,531102,1.51,NA,4.7,NA,12.3,NA,NA,NA,NA,TRUE
cases,2024,year,GL,canton,all,agegroup_food,all,1,42371,2.36,NA,0.7,NA,1.5,NA,NA,NA,NA,TRUE
cases,2024,year,GR,canton,all,agegroup_food,all,1,206138,0.49,NA,1.7,NA,1.5,NA,NA,NA,NA,TRUE
cases,2024,year,JU,canton,all,agegroup_food,all,0,74840,0,NA,1.3,NA,0,NA,NA,NA,NA,TRUE
cases,2024,year,LU,canton,all,agegroup_food,all,2,437944,0.46,NA,4.3,NA,3.1,NA,NA,NA,NA,TRUE
cases,2024,year,NE,canton,all,agegroup_food,all,1,179518,0.56,NA,1.7,NA,1.5,NA,NA,NA,NA,TRUE
cases,2024,year,NW,canton,all,agegroup_food,all,1,45345,2.21,NA,0.3,NA,1.5,NA,NA,NA,NA,TRUE
cases,2024,year,OW,canton,all,agegroup_food,all,0,39662,0,NA,0,NA,0,NA,NA,NA,NA,TRUE
cases,2024,year,SG,canton,all,agegroup_food,all,5,540036,0.93,NA,2.7,NA,7.7,NA,NA,NA,NA,TRUE
cases,2024,year,SH,canton,all,agegroup_food,all,1,88667,1.13,NA,1.3,NA,1.5,NA,NA,NA,NA,TRUE
cases,2024,year,SO,canton,all,agegroup_food,all,2,289792,0.69,NA,1.7,NA,3.1,NA,NA,NA,NA,TRUE
cases,2024,year,SZ,canton,all,agegroup_food,all,1,168931,0.59,NA,1.3,NA,1.5,NA,NA,NA,NA,TRUE
cases,2024,year,TG,canton,all,agegroup_food,all,2,299509,0.67,NA,3,NA,3.1,NA,NA,NA,NA,TRUE
cases,2024,year,TI,canton,all,agegroup_food,all,2,358903,0.56,NA,2.7,NA,3.1,NA,NA,NA,NA,TRUE
cases,2024,year,UR,canton,all,agegroup_food,all,0,38275,0,NA,0,NA,0,NA,NA,NA,NA,TRUE
cases,2024,year,VD,canton,all,agegroup_food,all,3,855106,0.35,NA,4.7,NA,4.6,NA,NA,NA,NA,TRUE
cases,2024,year,VS,canton,all,agegroup_food,all,3,371288,0.81,NA,1.7,NA,4.6,NA,NA,NA,NA,TRUE
cases,2024,year,ZG,canton,all,agegroup_food,all,0,133739,0,NA,0.7,NA,0,NA,NA,NA,NA,TRUE
cases,2024,year,ZH,canton,all,agegroup_food,all,15,1620020,0.93,NA,11,NA,23.1,NA,NA,NA,NA,TRUE
cases,2025,year,AG,canton,all,agegroup_food,all,11,743768,1.48,NA,5.3,NA,13.4,NA,NA,NA,NA,TRUE
cases,2025,year,AI,canton,all,agegroup_food,all,0,16890,0,NA,0,NA,0,NA,NA,NA,NA,TRUE
cases,2025,year,AR,canton,all,agegroup_food,all,0,57221,0,NA,0.3,NA,0,NA,NA,NA,NA,TRUE
cases,2025,year,BE,canton,all,agegroup_food,all,17,1076127,1.58,NA,8,NA,20.7,NA,NA,NA,NA,TRUE
cases,2025,year,BL,canton,all,agegroup_food,all,2,303872,0.66,NA,1.3,NA,2.4,NA,NA,NA,NA,TRUE
cases,2025,year,BS,canton,all,agegroup_food,all,4,204157,1.96,NA,2.7,NA,4.9,NA,NA,NA,NA,TRUE
cases,2025,year,CH,country,all,agegroup_food,all,82,9127125,0.9,NA,68.7,NA,100,NA,NA,NA,NA,TRUE
cases,2025,year,CHFL,CHFL,all,agegroup_food,all,82,9127125,0.9,NA,69,rising,100,17,0.19,26.8,60.8,TRUE
cases,2025,year,FL,country,all,agegroup_food,all,0,NA,NA,NA,0.3,NA,0,NA,NA,NA,NA,TRUE
cases,2025,year,FR,canton,all,agegroup_food,all,1,350918,0.28,NA,3.3,NA,1.2,NA,NA,NA,NA,TRUE
cases,2025,year,GE,canton,all,agegroup_food,all,2,537084,0.37,NA,5,NA,2.4,NA,NA,NA,NA,TRUE
cases,2025,year,GL,canton,all,agegroup_food,all,0,42451,0,NA,0.7,NA,0,NA,NA,NA,NA,TRUE
cases,2025,year,GR,canton,all,agegroup_food,all,1,207400,0.48,NA,1.7,NA,1.2,NA,NA,NA,NA,TRUE
cases,2025,year,JU,canton,all,agegroup_food,all,1,75178,1.33,NA,1.3,NA,1.2,NA,NA,NA,NA,TRUE
cases,2025,year,LU,canton,all,agegroup_food,all,5,441500,1.13,NA,3.7,NA,6.1,NA,NA,NA,NA,TRUE
cases,2025,year,NE,canton,all,agegroup_food,all,0,180365,0,NA,1.3,NA,0,NA,NA,NA,NA,TRUE
cases,2025,year,NW,canton,all,agegroup_food,all,2,45664,4.38,NA,1,NA,2.4,NA,NA,NA,NA,TRUE
cases,2025,year,OW,canton,all,agegroup_food,all,1,39879,2.51,NA,0.3,NA,1.2,NA,NA,NA,NA,TRUE
cases,2025,year,SG,canton,all,agegroup_food,all,2,544040,0.37,NA,2.7,NA,2.4,NA,NA,NA,NA,TRUE
cases,2025,year,SH,canton,all,agegroup_food,all,0,90087,0,NA,0.7,NA,0,NA,NA,NA,NA,TRUE
cases,2025,year,SO,canton,all,agegroup_food,all,3,291583,1.03,NA,2,NA,3.7,NA,NA,NA,NA,TRUE
cases,2025,year,SZ,canton,all,agegroup_food,all,1,170072,0.59,NA,0.7,NA,1.2,NA,NA,NA,NA,TRUE
cases,2025,year,TG,canton,all,agegroup_food,all,2,302806,0.66,NA,2.7,NA,2.4,NA,NA,NA,NA,TRUE
cases,2025,year,TI,canton,all,agegroup_food,all,9,359783,2.5,NA,3.7,NA,11,NA,NA,NA,NA,TRUE
cases,2025,year,UR,canton,all,agegroup_food,all,0,38581,0,NA,0,NA,0,NA,NA,NA,NA,TRUE
cases,2025,year,VD,canton,all,agegroup_food,all,6,863650,0.69,NA,5.7,NA,7.3,NA,NA,NA,NA,TRUE
cases,2025,year,VS,canton,all,agegroup_food,all,2,376113,0.53,NA,2.3,NA,2.4,NA,NA,NA,NA,TRUE
cases,2025,year,ZG,canton,all,agegroup_food,all,2,135018,1.48,NA,1,NA,2.4,NA,NA,NA,NA,TRUE
cases,2025,year,ZH,canton,all,agegroup_food,all,8,1632918,0.49,NA,11.3,NA,9.8,NA,NA,NA,NA,TRUE
cases_10y_mean,2022,year,CHFL,CHFL,0 - 16,agegroup_food,all,NA,NA,0.52,NA,NA,NA,NA,NA,NA,NA,NA,TRUE
cases_10y_mean,2022,year,CHFL,CHFL,17 - 24,agegroup_food,all,NA,NA,0.94,NA,NA,NA,NA,NA,NA,NA,NA,TRUE
cases_10y_mean,2022,year,CHFL,CHFL,25 - 44,agegroup_food,all,NA,NA,0.87,NA,NA,NA,NA,NA,NA,NA,NA,TRUE
cases_10y_mean,2022,year,CHFL,CHFL,45 - 64,agegroup_food,all,NA,NA,0.8,NA,NA,NA,NA,NA,NA,NA,NA,TRUE
cases_10y_mean,2022,year,CHFL,CHFL,65+,agegroup_food,all,NA,NA,0.68,NA,NA,NA,NA,NA,NA,NA,NA,TRUE
cases_10y_mean,2022,year,CHFL,CHFL,unknown,agegroup_food,all,NA,NA,NA,NA,NA,NA,NA,NA,NA,NA,NA,TRUE
cases_10y_mean,2023,year,CHFL,CHFL,0 - 16,agegroup_food,all,NA,NA,0.55,NA,NA,NA,NA,NA,NA,NA,NA,TRUE
cases_10y_mean,2023,year,CHFL,CHFL,17 - 24,agegroup_food,all,NA,NA,0.86,NA,NA,NA,NA,NA,NA,NA,NA,TRUE
cases_10y_mean,2023,year,CHFL,CHFL,25 - 44,agegroup_food,all,NA,NA,0.88,NA,NA,NA,NA,NA,NA,NA,NA,TRUE
cases_10y_mean,2023,year,CHFL,CHFL,45 - 64,agegroup_food,all,NA,NA,0.77,NA,NA,NA,NA,NA,NA,NA,NA,TRUE
cases_10y_mean,2023,year,CHFL,CHFL,65+,agegroup_food,all,NA,NA,0.72,NA,NA,NA,NA,NA,NA,NA,NA,TRUE
cases_10y_mean,2023,year,CHFL,CHFL,unknown,agegroup_food,all,NA,NA,NA,NA,NA,NA,NA,NA,NA,NA,NA,TRUE
cases_10y_mean,2024,year,CHFL,CHFL,0 - 16,agegroup_food,all,NA,NA,0.6,NA,NA,NA,NA,NA,NA,NA,NA,TRUE
cases_10y_mean,2024,year,CHFL,CHFL,17 - 24,agegroup_food,all,NA,NA,0.89,NA,NA,NA,NA,NA,NA,NA,NA,TRUE
cases_10y_mean,2024,year,CHFL,CHFL,25 - 44,agegroup_food,all,NA,NA,0.89,NA,NA,NA,NA,NA,NA,NA,NA,TRUE
cases_10y_mean,2024,year,CHFL,CHFL,45 - 64,agegroup_food,all,NA,NA,0.74,NA,NA,NA,NA,NA,NA,NA,NA,TRUE
cases_10y_mean,2024,year,CHFL,CHFL,65+,agegroup_food,all,NA,NA,0.71,NA,NA,NA,NA,NA,NA,NA,NA,TRUE
cases_10y_mean,2024,year,CHFL,CHFL,unknown,agegroup_food,all,NA,NA,NA,NA,NA,NA,NA,NA,NA,NA,NA,TRUE
cases_10y_mean,2025,year,CHFL,CHFL,0 - 16,agegroup_food,all,NA,NA,0.64,NA,NA,NA,NA,NA,NA,NA,NA,TRUE
cases_10y_mean,2025,year,CHFL,CHFL,17 - 24,agegroup_food,all,NA,NA,0.87,NA,NA,NA,NA,NA,NA,NA,NA,TRUE
cases_10y_mean,2025,year,CHFL,CHFL,25 - 44,agegroup_food,all,NA,NA,0.93,NA,NA,NA,NA,NA,NA,NA,NA,TRUE
cases_10y_mean,2025,year,CHFL,CHFL,45 - 64,agegroup_food,all,NA,NA,0.8,NA,NA,NA,NA,NA,NA,NA,NA,TRUE
cases_10y_mean,2025,year,CHFL,CHFL,65+,agegroup_food,all,NA,NA,0.74,NA,NA,NA,NA,NA,NA,NA,NA,TRUE
cases_10y_mean,2025,year,CHFL,CHFL,unknown,agegroup_food,all,NA,NA,NA,NA,NA,NA,NA,NA,NA,NA,NA,TRUE
cases_10y_cumsum,2022,year,CHFL,CHFL,all,agegroup_food,female,302,NA,NA,NA,NA,NA,46.1,NA,NA,NA,NA,TRUE
cases_10y_cumsum,2022,year,CHFL,CHFL,all,agegroup_food,male,352,NA,NA,NA,NA,NA,53.7,NA,NA,NA,NA,TRUE
cases_10y_cumsum,2022,year,CHFL,CHFL,all,agegroup_food,unknown,1,NA,NA,NA,NA,NA,0.2,NA,NA,NA,NA,TRUE
cases_10y_cumsum,2023,year,CHFL,CHFL,all,agegroup_food,female,305,NA,NA,NA,NA,NA,46.4,NA,NA,NA,NA,TRUE
cases_10y_cumsum,2023,year,CHFL,CHFL,all,agegroup_food,male,352,NA,NA,NA,NA,NA,53.5,NA,NA,NA,NA,TRUE
cases_10y_cumsum,2023,year,CHFL,CHFL,all,agegroup_food,unknown,1,NA,NA,NA,NA,NA,0.2,NA,NA,NA,NA,TRUE
cases_10y_cumsum,2024,year,CHFL,CHFL,all,agegroup_food,female,310,NA,NA,NA,NA,NA,46.6,NA,NA,NA,NA,TRUE
cases_10y_cumsum,2024,year,CHFL,CHFL,all,agegroup_food,male,354,NA,NA,NA,NA,NA,53.2,NA,NA,NA,NA,TRUE
cases_10y_cumsum,2024,year,CHFL,CHFL,all,agegroup_food,unknown,1,NA,NA,NA,NA,NA,0.2,NA,NA,NA,NA,TRUE
cases_10y_cumsum,2025,year,CHFL,CHFL,all,agegroup_food,female,319,NA,NA,NA,NA,NA,45.2,NA,NA,NA,NA,TRUE
cases_10y_cumsum,2025,year,CHFL,CHFL,all,agegroup_food,male,385,NA,NA,NA,NA,NA,54.6,NA,NA,NA,NA,TRUE
cases_10y_cumsum,2025,year,CHFL,CHFL,all,agegroup_food,unknown,1,NA,NA,NA,NA,NA,0.1,NA,NA,NA,NA,TRUE
