valueCategory,temporal,temporal_type,georegion,georegion_type,awareCategory,setting,atcClassification,value,pop,temporalLength,valuePer1000PerDay,prct
defined_daily_doses,2010,year,CHFL,CHFL,all,all,other,624810.5,7900161,365,0.22,1.9
defined_daily_doses,2010,year,CHFL,CHFL,all,all,systemic_j01,32889246.8,7900161,365,11.41,98.1
defined_daily_doses,2011,year,CHFL,CHFL,all,all,other,635295.3,7991137,365,0.22,1.9
defined_daily_doses,2011,year,CHFL,CHFL,all,all,systemic_j01,33183875.7,7991137,365,11.38,98.1
defined_daily_doses,2012,year,CHFL,CHFL,all,all,other,645092.7,8075898,366,0.22,1.9
defined_daily_doses,2012,year,CHFL,CHFL,all,all,systemic_j01,33596227.1,8075898,366,11.37,98.1
defined_daily_doses,2013,year,CHFL,CHFL,all,all,other,655516,8176760,365,0.22,1.9
defined_daily_doses,2013,year,CHFL,CHFL,all,all,systemic_j01,34768102.8,8176760,365,11.65,98.1
defined_daily_doses,2014,year,CHFL,CHFL,all,all,other,651241.2,8275032,365,0.22,1.9
defined_daily_doses,2014,year,CHFL,CHFL,all,all,systemic_j01,33470890.7,8275032,365,11.08,98.1
defined_daily_doses,2015,year,CHFL,CHFL,all,all,other,656195.8,8364748,365,0.21,1.9
defined_daily_doses,2015,year,CHFL,CHFL,all,all,systemic_j01,33956990,8364748,365,11.12,98.1
defined_daily_doses,2016,year,CHFL,CHFL,all,all,other,1179537.1,8457360,366,0.38,3.4
defined_daily_doses,2016,year,CHFL,CHFL,all,all,systemic_j01,33724443.4,8457360,366,10.9,96.6
defined_daily_doses,2017,year,CHFL,CHFL,all,all,other,1374315,8522244,365,0.44,4
defined_daily_doses,2017,year,CHFL,CHFL,all,all,systemic_j01,32806644.4,8522244,365,10.55,96
defined_daily_doses,2018,year,CHFL,CHFL,all,all,other,1792455.2,8582905,365,0.57,5.1
defined_daily_doses,2018,year,CHFL,CHFL,all,all,systemic_j01,33445147.2,8582905,365,10.68,94.9
defined_daily_doses,2019,year,CHFL,CHFL,all,all,other,1735146.7,8644780,365,0.55,5
defined_daily_doses,2019,year,CHFL,CHFL,all,all,systemic_j01,33314568.3,8644780,365,10.56,95
defined_daily_doses,2020,year,CHFL,CHFL,all,all,other,1716990.6,8709355,366,0.54,5.7
defined_daily_doses,2020,year,CHFL,CHFL,all,all,systemic_j01,28535322.5,8709355,366,8.95,94.3
defined_daily_doses,2021,year,CHFL,CHFL,all,all,other,1741033.2,8778099,365,0.54,6
defined_daily_doses,2021,year,CHFL,CHFL,all,all,systemic_j01,27410690.8,8778099,365,8.56,94
defined_daily_doses,2022,year,CHFL,CHFL,all,all,other,1785853,8855062,365,0.55,5.2
defined_daily_doses,2022,year,CHFL,CHFL,all,all,systemic_j01,32689278.6,8855062,365,10.11,94.8
defined_daily_doses,2023,year,CHFL,CHFL,all,all,other,1917888.6,9002273,365,0.58,5.1
defined_daily_doses,2023,year,CHFL,CHFL,all,all,systemic_j01,35585431.5,9002273,365,10.83,94.9
defined_daily_doses,2024,year,CHFL,CHFL,all,all,other,2110982.6,9091915,366,0.63,5.4
defined_daily_doses,2024,year,CHFL,CHFL,all,all,systemic_j01,36853925.6,9091915,366,11.08,94.6
defined_daily_doses,2025,year,CHFL,CHFL,all,all,other,2141699.1,9127125,365,0.64,6.1
defined_daily_doses,2025,year,CHFL,CHFL,all,all,systemic_j01,33094770.4,9127125,365,9.93,93.9
defined_daily_doses,2010,year,CHFL,CHFL,all,all,all,33514057.3,7900161,365,11.62,100
defined_daily_doses,2011,year,CHFL,CHFL,all,all,all,33819171,7991137,365,11.59,100
defined_daily_doses,2012,year,CHFL,CHFL,all,all,all,34241319.8,8075898,366,11.58,100
defined_daily_doses,2013,year,CHFL,CHFL,all,all,all,35423618.8,8176760,365,11.87,100
defined_daily_doses,2014,year,CHFL,CHFL,all,all,all,34122131.9,8275032,365,11.3,100
defined_daily_doses,2015,year,CHFL,CHFL,all,all,all,34613185.9,8364748,365,11.34,100
defined_daily_doses,2016,year,CHFL,CHFL,all,all,all,34903980.5,8457360,366,11.28,100
defined_daily_doses,2017,year,CHFL,CHFL,all,all,all,34180959.4,8522244,365,10.99,100
defined_daily_doses,2018,year,CHFL,CHFL,all,all,all,35237602.4,8582905,365,11.25,100
defined_daily_doses,2019,year,CHFL,CHFL,all,all,all,35049715,8644780,365,11.11,100
defined_daily_doses,2020,year,CHFL,CHFL,all,all,all,30252313.1,8709355,366,9.49,100
defined_daily_doses,2021,year,CHFL,CHFL,all,all,all,29151724,8778099,365,9.1,100
defined_daily_doses,2022,year,CHFL,CHFL,all,all,all,34475131.7,8855062,365,10.67,100
defined_daily_doses,2023,year,CHFL,CHFL,all,all,all,37503320.1,9002273,365,11.41,100
defined_daily_doses,2024,year,CHFL,CHFL,all,all,all,38964908.1,9091915,366,11.71,100
defined_daily_doses,2025,year,CHFL,CHFL,all,all,all,35236469.5,9127125,365,10.58,100
defined_daily_doses,2010,year,CHFL,CHFL,access,all,all,17484692.4,7900161,365,6.06,52.2
defined_daily_doses,2010,year,CHFL,CHFL,reserve,all,all,79469.4,7900161,365,0.03,0.2
defined_daily_doses,2010,year,CHFL,CHFL,unclassified,all,all,0,7900161,365,0,NA
defined_daily_doses,2010,year,CHFL,CHFL,watch,all,all,15949895.5,7900161,365,5.53,47.6
defined_daily_doses,2011,year,CHFL,CHFL,access,all,all,17983200.4,7991137,365,6.17,53.2
defined_daily_doses,2011,year,CHFL,CHFL,reserve,all,all,86686,7991137,365,0.03,0.3
defined_daily_doses,2011,year,CHFL,CHFL,unclassified,all,all,0,7991137,365,0,NA
defined_daily_doses,2011,year,CHFL,CHFL,watch,all,all,15749284.7,7991137,365,5.4,46.6
defined_daily_doses,2012,year,CHFL,CHFL,access,all,all,18436524.8,8075898,366,6.24,53.8
defined_daily_doses,2012,year,CHFL,CHFL,reserve,all,all,91816.9,8075898,366,0.03,0.3
defined_daily_doses,2012,year,CHFL,CHFL,unclassified,all,all,0,8075898,366,0,NA
defined_daily_doses,2012,year,CHFL,CHFL,watch,all,all,15712978.1,8075898,366,5.32,45.9
defined_daily_doses,2013,year,CHFL,CHFL,access,all,all,19528450.9,8176760,365,6.54,55.1
defined_daily_doses,2013,year,CHFL,CHFL,reserve,all,all,96593.8,8176760,365,0.03,0.3
defined_daily_doses,2013,year,CHFL,CHFL,unclassified,all,all,0,8176760,365,0,NA
defined_daily_doses,2013,year,CHFL,CHFL,watch,all,all,15798574.1,8176760,365,5.29,44.6
defined_daily_doses,2014,year,CHFL,CHFL,access,all,all,19243912.8,8275032,365,6.37,56.4
defined_daily_doses,2014,year,CHFL,CHFL,reserve,all,all,100088.8,8275032,365,0.03,0.3
defined_daily_doses,2014,year,CHFL,CHFL,unclassified,all,all,0,8275032,365,0,NA
defined_daily_doses,2014,year,CHFL,CHFL,watch,all,all,14778130.4,8275032,365,4.89,43.3
defined_daily_doses,2015,year,CHFL,CHFL,access,all,all,19730632.6,8364748,365,6.46,57
defined_daily_doses,2015,year,CHFL,CHFL,reserve,all,all,113739.8,8364748,365,0.04,0.3
defined_daily_doses,2015,year,CHFL,CHFL,unclassified,all,all,0,8364748,365,0,NA
defined_daily_doses,2015,year,CHFL,CHFL,watch,all,all,14768813.5,8364748,365,4.84,42.7
defined_daily_doses,2016,year,CHFL,CHFL,access,all,all,20219367.8,8457360,366,6.53,58.3
defined_daily_doses,2016,year,CHFL,CHFL,reserve,all,all,120892.9,8457360,366,0.04,0.3
defined_daily_doses,2016,year,CHFL,CHFL,unclassified,all,all,237834.6,8457360,366,0.08,NA
defined_daily_doses,2016,year,CHFL,CHFL,watch,all,all,14325885.3,8457360,366,4.63,41.3
defined_daily_doses,2017,year,CHFL,CHFL,access,all,all,19950302.8,8522244,365,6.41,59.1
defined_daily_doses,2017,year,CHFL,CHFL,reserve,all,all,126588.6,8522244,365,0.04,0.4
defined_daily_doses,2017,year,CHFL,CHFL,unclassified,all,all,423147.5,8522244,365,0.14,NA
defined_daily_doses,2017,year,CHFL,CHFL,watch,all,all,13680920.5,8522244,365,4.4,40.5
defined_daily_doses,2018,year,CHFL,CHFL,access,all,all,20938964.2,8582905,365,6.68,60.3
defined_daily_doses,2018,year,CHFL,CHFL,reserve,all,all,136066.5,8582905,365,0.04,0.4
defined_daily_doses,2018,year,CHFL,CHFL,unclassified,all,all,502953.4,8582905,365,0.16,NA
defined_daily_doses,2018,year,CHFL,CHFL,watch,all,all,13659618.2,8582905,365,4.36,39.3
defined_daily_doses,2019,year,CHFL,CHFL,access,all,all,21239453.6,8644780,365,6.73,61.4
defined_daily_doses,2019,year,CHFL,CHFL,reserve,all,all,138613.7,8644780,365,0.04,0.4
defined_daily_doses,2019,year,CHFL,CHFL,unclassified,all,all,451438.9,8644780,365,0.14,NA
defined_daily_doses,2019,year,CHFL,CHFL,watch,all,all,13220208.8,8644780,365,4.19,38.2
defined_daily_doses,2020,year,CHFL,CHFL,access,all,all,18587924.5,8709355,366,5.83,62.3
defined_daily_doses,2020,year,CHFL,CHFL,reserve,all,all,133211.6,8709355,366,0.04,0.4
defined_daily_doses,2020,year,CHFL,CHFL,unclassified,all,all,437816.7,8709355,366,0.14,NA
defined_daily_doses,2020,year,CHFL,CHFL,watch,all,all,11093360.3,8709355,366,3.48,37.2
defined_daily_doses,2021,year,CHFL,CHFL,access,all,all,18310600.6,8778099,365,5.71,63.7
defined_daily_doses,2021,year,CHFL,CHFL,reserve,all,all,116668.8,8778099,365,0.04,0.4
defined_daily_doses,2021,year,CHFL,CHFL,unclassified,all,all,423341.2,8778099,365,0.13,NA
defined_daily_doses,2021,year,CHFL,CHFL,watch,all,all,10301113.4,8778099,365,3.22,35.9
defined_daily_doses,2022,year,CHFL,CHFL,access,all,all,22210999.9,8855062,365,6.87,65.2
defined_daily_doses,2022,year,CHFL,CHFL,reserve,all,all,123968.1,8855062,365,0.04,0.4
defined_daily_doses,2022,year,CHFL,CHFL,unclassified,all,all,418552.6,8855062,365,0.13,NA
defined_daily_doses,2022,year,CHFL,CHFL,watch,all,all,11721611.1,8855062,365,3.63,34.4
defined_daily_doses,2023,year,CHFL,CHFL,access,all,all,24494392.3,9002273,365,7.45,66.1
defined_daily_doses,2023,year,CHFL,CHFL,reserve,all,all,119191.2,9002273,365,0.04,0.3
defined_daily_doses,2023,year,CHFL,CHFL,unclassified,all,all,433961.4,9002273,365,0.13,NA
defined_daily_doses,2023,year,CHFL,CHFL,watch,all,all,12455775.2,9002273,365,3.79,33.6
defined_daily_doses,2024,year,CHFL,CHFL,access,all,all,25078835.9,9091915,366,7.54,65.3
defined_daily_doses,2024,year,CHFL,CHFL,reserve,all,all,126948,9091915,366,0.04,0.3
defined_daily_doses,2024,year,CHFL,CHFL,unclassified,all,all,540717.7,9091915,366,0.16,NA
defined_daily_doses,2024,year,CHFL,CHFL,watch,all,all,13218406.5,9091915,366,3.97,34.4
defined_daily_doses,2025,year,CHFL,CHFL,access,all,all,23319899,9127125,365,7,67.2
defined_daily_doses,2025,year,CHFL,CHFL,reserve,all,all,123269.1,9127125,365,0.04,0.4
defined_daily_doses,2025,year,CHFL,CHFL,unclassified,all,all,551005.5,9127125,365,0.17,NA
defined_daily_doses,2025,year,CHFL,CHFL,watch,all,all,11242295.9,9127125,365,3.37,32.4
defined_daily_doses,2010,year,CHFL,CHFL,all,inpatient,other,81715.3,7900161,365,0.03,13.1
defined_daily_doses,2010,year,CHFL,CHFL,all,inpatient,systemic_j01,4633741.7,7900161,365,1.61,14.1
defined_daily_doses,2010,year,CHFL,CHFL,all,outpatient,other,543095.2,7900161,365,0.19,86.9
defined_daily_doses,2010,year,CHFL,CHFL,all,outpatient,systemic_j01,28255505.1,7900161,365,9.8,85.9
defined_daily_doses,2011,year,CHFL,CHFL,all,inpatient,other,82530.5,7991137,365,0.03,13
defined_daily_doses,2011,year,CHFL,CHFL,all,inpatient,systemic_j01,4843360,7991137,365,1.66,14.6
defined_daily_doses,2011,year,CHFL,CHFL,all,outpatient,other,552764.8,7991137,365,0.19,87
defined_daily_doses,2011,year,CHFL,CHFL,all,outpatient,systemic_j01,28340515.7,7991137,365,9.72,85.4
defined_daily_doses,2012,year,CHFL,CHFL,all,inpatient,other,86605.5,8075898,366,0.03,13.4
defined_daily_doses,2012,year,CHFL,CHFL,all,inpatient,systemic_j01,4727836.7,8075898,366,1.6,14.1
defined_daily_doses,2012,year,CHFL,CHFL,all,outpatient,other,558487.2,8075898,366,0.19,86.6
defined_daily_doses,2012,year,CHFL,CHFL,all,outpatient,systemic_j01,28868390.4,8075898,366,9.77,85.9
defined_daily_doses,2013,year,CHFL,CHFL,all,inpatient,other,90645.2,8176760,365,0.03,13.8
defined_daily_doses,2013,year,CHFL,CHFL,all,inpatient,systemic_j01,4689605.1,8176760,365,1.57,13.5
defined_daily_doses,2013,year,CHFL,CHFL,all,outpatient,other,564870.8,8176760,365,0.19,86.2
defined_daily_doses,2013,year,CHFL,CHFL,all,outpatient,systemic_j01,30078497.7,8176760,365,10.08,86.5
defined_daily_doses,2014,year,CHFL,CHFL,all,inpatient,other,82306.8,8275032,365,0.03,12.6
defined_daily_doses,2014,year,CHFL,CHFL,all,inpatient,systemic_j01,4739618.4,8275032,365,1.57,14.2
defined_daily_doses,2014,year,CHFL,CHFL,all,outpatient,other,568934.3,8275032,365,0.19,87.4
defined_daily_doses,2014,year,CHFL,CHFL,all,outpatient,systemic_j01,28731272.3,8275032,365,9.51,85.8
defined_daily_doses,2015,year,CHFL,CHFL,all,inpatient,other,84016.3,8364748,365,0.03,12.8
defined_daily_doses,2015,year,CHFL,CHFL,all,inpatient,systemic_j01,4651648.5,8364748,365,1.52,13.7
defined_daily_doses,2015,year,CHFL,CHFL,all,outpatient,other,572179.5,8364748,365,0.19,87.2
defined_daily_doses,2015,year,CHFL,CHFL,all,outpatient,systemic_j01,29305341.6,8364748,365,9.6,86.3
defined_daily_doses,2016,year,CHFL,CHFL,all,inpatient,other,80571.3,8457360,366,0.03,6.8
defined_daily_doses,2016,year,CHFL,CHFL,all,inpatient,systemic_j01,4634411.1,8457360,366,1.5,13.7
defined_daily_doses,2016,year,CHFL,CHFL,all,outpatient,other,1098965.8,8457360,366,0.36,93.2
defined_daily_doses,2016,year,CHFL,CHFL,all,outpatient,systemic_j01,29090032.3,8457360,366,9.4,86.3
defined_daily_doses,2017,year,CHFL,CHFL,all,inpatient,other,84667.2,8522244,365,0.03,6.2
defined_daily_doses,2017,year,CHFL,CHFL,all,inpatient,systemic_j01,4900193.2,8522244,365,1.58,14.9
defined_daily_doses,2017,year,CHFL,CHFL,all,outpatient,other,1289647.9,8522244,365,0.41,93.8
defined_daily_doses,2017,year,CHFL,CHFL,all,outpatient,systemic_j01,27906451.2,8522244,365,8.97,85.1
defined_daily_doses,2018,year,CHFL,CHFL,all,inpatient,other,281904.4,8582905,365,0.09,15.7
defined_daily_doses,2018,year,CHFL,CHFL,all,inpatient,systemic_j01,4918778,8582905,365,1.57,14.7
defined_daily_doses,2018,year,CHFL,CHFL,all,outpatient,other,1510550.8,8582905,365,0.48,84.3
defined_daily_doses,2018,year,CHFL,CHFL,all,outpatient,systemic_j01,28526369.2,8582905,365,9.11,85.3
defined_daily_doses,2019,year,CHFL,CHFL,all,inpatient,other,278904.1,8644780,365,0.09,16.1
defined_daily_doses,2019,year,CHFL,CHFL,all,inpatient,systemic_j01,4887774,8644780,365,1.55,14.7
defined_daily_doses,2019,year,CHFL,CHFL,all,outpatient,other,1456242.6,8644780,365,0.46,83.9
defined_daily_doses,2019,year,CHFL,CHFL,all,outpatient,systemic_j01,28426794.3,8644780,365,9.01,85.3
defined_daily_doses,2020,year,CHFL,CHFL,all,inpatient,other,282654.8,8709355,366,0.09,16.5
defined_daily_doses,2020,year,CHFL,CHFL,all,inpatient,systemic_j01,4615373,8709355,366,1.45,16.2
defined_daily_doses,2020,year,CHFL,CHFL,all,outpatient,other,1434335.8,8709355,366,0.45,83.5
defined_daily_doses,2020,year,CHFL,CHFL,all,outpatient,systemic_j01,23919949.5,8709355,366,7.5,83.8
defined_daily_doses,2021,year,CHFL,CHFL,all,inpatient,other,272151.8,8778099,365,0.08,15.6
defined_daily_doses,2021,year,CHFL,CHFL,all,inpatient,systemic_j01,4107899,8778099,365,1.28,15
defined_daily_doses,2021,year,CHFL,CHFL,all,outpatient,other,1468881.4,8778099,365,0.46,84.4
defined_daily_doses,2021,year,CHFL,CHFL,all,outpatient,systemic_j01,23302791.8,8778099,365,7.27,85
defined_daily_doses,2022,year,CHFL,CHFL,all,inpatient,other,281472.7,8855062,365,0.09,15.8
defined_daily_doses,2022,year,CHFL,CHFL,all,inpatient,systemic_j01,4609469.1,8855062,365,1.43,14.1
defined_daily_doses,2022,year,CHFL,CHFL,all,outpatient,other,1504380.4,8855062,365,0.47,84.2
defined_daily_doses,2022,year,CHFL,CHFL,all,outpatient,systemic_j01,28079809.6,8855062,365,8.69,85.9
defined_daily_doses,2023,year,CHFL,CHFL,all,inpatient,other,284258.2,9002273,365,0.09,14.8
defined_daily_doses,2023,year,CHFL,CHFL,all,inpatient,systemic_j01,4717913.2,9002273,365,1.44,13.3
defined_daily_doses,2023,year,CHFL,CHFL,all,outpatient,other,1633630.4,9002273,365,0.5,85.2
defined_daily_doses,2023,year,CHFL,CHFL,all,outpatient,systemic_j01,30867518.3,9002273,365,9.39,86.7
defined_daily_doses,2024,year,CHFL,CHFL,all,inpatient,other,275397.8,9091915,366,0.08,13
defined_daily_doses,2024,year,CHFL,CHFL,all,inpatient,systemic_j01,4769221.5,9091915,366,1.43,12.9
defined_daily_doses,2024,year,CHFL,CHFL,all,outpatient,other,1835584.8,9091915,366,0.55,87
defined_daily_doses,2024,year,CHFL,CHFL,all,outpatient,systemic_j01,32084704.1,9091915,366,9.64,87.1
defined_daily_doses,2025,year,CHFL,CHFL,all,inpatient,other,275069.9,9127125,365,0.08,12.8
defined_daily_doses,2025,year,CHFL,CHFL,all,inpatient,systemic_j01,4621106.5,9127125,365,1.39,14
defined_daily_doses,2025,year,CHFL,CHFL,all,outpatient,other,1866629.2,9127125,365,0.56,87.2
defined_daily_doses,2025,year,CHFL,CHFL,all,outpatient,systemic_j01,28473663.9,9127125,365,8.55,86
defined_daily_doses,2010,year,CHFL,CHFL,all,inpatient,all,4715457,7900161,365,1.64,14.1
defined_daily_doses,2010,year,CHFL,CHFL,all,outpatient,all,28798600.3,7900161,365,9.99,85.9
defined_daily_doses,2011,year,CHFL,CHFL,all,inpatient,all,4925890.5,7991137,365,1.69,14.6
defined_daily_doses,2011,year,CHFL,CHFL,all,outpatient,all,28893280.5,7991137,365,9.91,85.4
defined_daily_doses,2012,year,CHFL,CHFL,all,inpatient,all,4814442.2,8075898,366,1.63,14.1
defined_daily_doses,2012,year,CHFL,CHFL,all,outpatient,all,29426877.5,8075898,366,9.96,85.9
defined_daily_doses,2013,year,CHFL,CHFL,all,inpatient,all,4780250.3,8176760,365,1.6,13.5
defined_daily_doses,2013,year,CHFL,CHFL,all,outpatient,all,30643368.5,8176760,365,10.27,86.5
defined_daily_doses,2014,year,CHFL,CHFL,all,inpatient,all,4821925.3,8275032,365,1.6,14.1
defined_daily_doses,2014,year,CHFL,CHFL,all,outpatient,all,29300206.6,8275032,365,9.7,85.9
defined_daily_doses,2015,year,CHFL,CHFL,all,inpatient,all,4735664.8,8364748,365,1.55,13.7
defined_daily_doses,2015,year,CHFL,CHFL,all,outpatient,all,29877521.1,8364748,365,9.79,86.3
defined_daily_doses,2016,year,CHFL,CHFL,all,inpatient,all,4714982.4,8457360,366,1.52,13.5
defined_daily_doses,2016,year,CHFL,CHFL,all,outpatient,all,30188998.1,8457360,366,9.75,86.5
defined_daily_doses,2017,year,CHFL,CHFL,all,inpatient,all,4984860.4,8522244,365,1.6,14.6
defined_daily_doses,2017,year,CHFL,CHFL,all,outpatient,all,29196099.1,8522244,365,9.39,85.4
defined_daily_doses,2018,year,CHFL,CHFL,all,inpatient,all,5200682.4,8582905,365,1.66,14.8
defined_daily_doses,2018,year,CHFL,CHFL,all,outpatient,all,30036920,8582905,365,9.59,85.2
defined_daily_doses,2019,year,CHFL,CHFL,all,inpatient,all,5166678,8644780,365,1.64,14.7
defined_daily_doses,2019,year,CHFL,CHFL,all,outpatient,all,29883036.9,8644780,365,9.47,85.3
defined_daily_doses,2020,year,CHFL,CHFL,all,inpatient,all,4898027.8,8709355,366,1.54,16.2
defined_daily_doses,2020,year,CHFL,CHFL,all,outpatient,all,25354285.3,8709355,366,7.95,83.8
defined_daily_doses,2021,year,CHFL,CHFL,all,inpatient,all,4380050.9,8778099,365,1.37,15
defined_daily_doses,2021,year,CHFL,CHFL,all,outpatient,all,24771673.1,8778099,365,7.73,85
defined_daily_doses,2022,year,CHFL,CHFL,all,inpatient,all,4890941.7,8855062,365,1.51,14.2
defined_daily_doses,2022,year,CHFL,CHFL,all,outpatient,all,29584189.9,8855062,365,9.15,85.8
defined_daily_doses,2023,year,CHFL,CHFL,all,inpatient,all,5002171.4,9002273,365,1.52,13.3
defined_daily_doses,2023,year,CHFL,CHFL,all,outpatient,all,32501148.7,9002273,365,9.89,86.7
defined_daily_doses,2024,year,CHFL,CHFL,all,inpatient,all,5044619.3,9091915,366,1.52,12.9
defined_daily_doses,2024,year,CHFL,CHFL,all,outpatient,all,33920288.8,9091915,366,10.19,87.1
defined_daily_doses,2025,year,CHFL,CHFL,all,inpatient,all,4896176.4,9127125,365,1.47,13.9
defined_daily_doses,2025,year,CHFL,CHFL,all,outpatient,all,30340293.1,9127125,365,9.11,86.1
defined_daily_doses,2010,year,D-CHFL,linguistic_region,all,all,other,413633.3,5650639,365,0.2,27.7
defined_daily_doses,2010,year,D-CHFL,linguistic_region,all,all,systemic_j01,21078677.7,5650639,365,10.22,26.9
defined_daily_doses,2010,year,F-CH,linguistic_region,all,all,other,177595.5,1914028,365,0.25,35.1
defined_daily_doses,2010,year,F-CH,linguistic_region,all,all,systemic_j01,10168566.1,1914028,365,14.56,38.4
defined_daily_doses,2010,year,I-CH,linguistic_region,all,all,other,33581.7,341616,365,0.27,37.2
defined_daily_doses,2010,year,I-CH,linguistic_region,all,all,systemic_j01,1642003,341616,365,13.17,34.7
defined_daily_doses,2011,year,D-CHFL,linguistic_region,all,all,other,410819,5705629,365,0.2,26.5
defined_daily_doses,2011,year,D-CHFL,linguistic_region,all,all,systemic_j01,21237976.9,5705629,365,10.2,27
defined_daily_doses,2011,year,F-CH,linguistic_region,all,all,other,189120.3,1940568,365,0.27,35.8
defined_daily_doses,2011,year,F-CH,linguistic_region,all,all,systemic_j01,10299926.9,1940568,365,14.54,38.5
defined_daily_doses,2011,year,I-CH,linguistic_region,all,all,other,35356,344940,365,0.28,37.7
defined_daily_doses,2011,year,I-CH,linguistic_region,all,all,systemic_j01,1645971.9,344940,365,13.07,34.6
defined_daily_doses,2012,year,D-CHFL,linguistic_region,all,all,other,412679.3,5762075,366,0.2,25.9
defined_daily_doses,2012,year,D-CHFL,linguistic_region,all,all,systemic_j01,21172824.5,5762075,366,10.04,25.4
defined_daily_doses,2012,year,F-CH,linguistic_region,all,all,other,195503.2,1964025,366,0.27,36
defined_daily_doses,2012,year,F-CH,linguistic_region,all,all,systemic_j01,10527693.1,1964025,366,14.65,37.1
defined_daily_doses,2012,year,I-CH,linguistic_region,all,all,other,36910.2,349798,366,0.29,38.1
defined_daily_doses,2012,year,I-CH,linguistic_region,all,all,systemic_j01,1895709.6,349798,366,14.81,37.5
defined_daily_doses,2013,year,D-CHFL,linguistic_region,all,all,other,418982.3,5822708,365,0.2,25.8
defined_daily_doses,2013,year,D-CHFL,linguistic_region,all,all,systemic_j01,21978142.2,5822708,365,10.34,26.1
defined_daily_doses,2013,year,F-CH,linguistic_region,all,all,other,198241.7,1999212,365,0.27,35.5
defined_daily_doses,2013,year,F-CH,linguistic_region,all,all,systemic_j01,10948928.3,1999212,365,15,37.9
defined_daily_doses,2013,year,I-CH,linguistic_region,all,all,other,38292,354840,365,0.3,38.7
defined_daily_doses,2013,year,I-CH,linguistic_region,all,all,systemic_j01,1841032.3,354840,365,14.21,35.9
defined_daily_doses,2014,year,D-CHFL,linguistic_region,all,all,other,408201.8,5885683,365,0.19,24.2
defined_daily_doses,2014,year,D-CHFL,linguistic_region,all,all,systemic_j01,21120638.7,5885683,365,9.83,26
defined_daily_doses,2014,year,F-CH,linguistic_region,all,all,other,200351.2,2030648,365,0.27,34.4
defined_daily_doses,2014,year,F-CH,linguistic_region,all,all,systemic_j01,10561850.7,2030648,365,14.25,37.8
defined_daily_doses,2014,year,I-CH,linguistic_region,all,all,other,42688.2,358701,365,0.33,41.5
defined_daily_doses,2014,year,I-CH,linguistic_region,all,all,systemic_j01,1788401.4,358701,365,13.66,36.2
defined_daily_doses,2015,year,D-CHFL,linguistic_region,all,all,other,408078.3,5945865,365,0.19,23.8
defined_daily_doses,2015,year,D-CHFL,linguistic_region,all,all,systemic_j01,21130166.7,5945865,365,9.74,25.2
defined_daily_doses,2015,year,F-CH,linguistic_region,all,all,other,205036.5,2058511,365,0.27,34.6
defined_daily_doses,2015,year,F-CH,linguistic_region,all,all,systemic_j01,10938030,2058511,365,14.56,37.7
defined_daily_doses,2015,year,I-CH,linguistic_region,all,all,other,43081,360372,365,0.33,41.5
defined_daily_doses,2015,year,I-CH,linguistic_region,all,all,systemic_j01,1888793.3,360372,365,14.36,37.1
defined_daily_doses,2016,year,D-CHFL,linguistic_region,all,all,other,725966.2,6011484,366,0.33,23.9
defined_daily_doses,2016,year,D-CHFL,linguistic_region,all,all,systemic_j01,21004487.3,6011484,366,9.55,25.8
defined_daily_doses,2016,year,F-CH,linguistic_region,all,all,other,380354.9,2083010,366,0.5,36.1
defined_daily_doses,2016,year,F-CH,linguistic_region,all,all,systemic_j01,10977610.6,2083010,366,14.4,38.8
defined_daily_doses,2016,year,I-CH,linguistic_region,all,all,other,73216,362866,366,0.55,39.9
defined_daily_doses,2016,year,I-CH,linguistic_region,all,all,systemic_j01,1742345.5,362866,366,13.12,35.4
defined_daily_doses,2017,year,D-CHFL,linguistic_region,all,all,other,858972.4,6058613,365,0.39,24.8
defined_daily_doses,2017,year,D-CHFL,linguistic_region,all,all,systemic_j01,20401599.6,6058613,365,9.23,25.6
defined_daily_doses,2017,year,F-CH,linguistic_region,all,all,other,434936.7,2101387,365,0.57,36.3
defined_daily_doses,2017,year,F-CH,linguistic_region,all,all,systemic_j01,10694301.6,2101387,365,13.94,38.6
defined_daily_doses,2017,year,I-CH,linguistic_region,all,all,other,80406,362244,365,0.61,38.9
defined_daily_doses,2017,year,I-CH,linguistic_region,all,all,systemic_j01,1710743.2,362244,365,12.94,35.8
defined_daily_doses,2018,year,D-CHFL,linguistic_region,all,all,other,1097816.4,6104847,365,0.49,22.3
defined_daily_doses,2018,year,D-CHFL,linguistic_region,all,all,systemic_j01,20805155.5,6104847,365,9.34,25.4
defined_daily_doses,2018,year,F-CH,linguistic_region,all,all,other,564350.9,2116149,365,0.73,33.1
defined_daily_doses,2018,year,F-CH,linguistic_region,all,all,systemic_j01,10876805.6,2116149,365,14.08,38.3
defined_daily_doses,2018,year,I-CH,linguistic_region,all,all,other,130287.9,361909,365,0.99,44.6
defined_daily_doses,2018,year,I-CH,linguistic_region,all,all,systemic_j01,1763186.1,361909,365,13.35,36.3
defined_daily_doses,2019,year,D-CHFL,linguistic_region,all,all,other,1035208.7,6153803,365,0.46,21
defined_daily_doses,2019,year,D-CHFL,linguistic_region,all,all,systemic_j01,20452828.2,6153803,365,9.11,24.9
defined_daily_doses,2019,year,F-CH,linguistic_region,all,all,other,568714.8,2130815,365,0.73,33.4
defined_daily_doses,2019,year,F-CH,linguistic_region,all,all,systemic_j01,11141347.9,2130815,365,14.33,39.2
defined_daily_doses,2019,year,I-CH,linguistic_region,all,all,other,131223.2,360162,365,1,45.6
defined_daily_doses,2019,year,I-CH,linguistic_region,all,all,systemic_j01,1720392.2,360162,365,13.09,35.8
defined_daily_doses,2020,year,D-CHFL,linguistic_region,all,all,other,1037807,6201950,366,0.46,22.1
defined_daily_doses,2020,year,D-CHFL,linguistic_region,all,all,systemic_j01,17709519.1,6201950,366,7.8,25.6
defined_daily_doses,2020,year,F-CH,linguistic_region,all,all,other,561346.2,2147649,366,0.71,34.6
defined_daily_doses,2020,year,F-CH,linguistic_region,all,all,systemic_j01,9423368,2147649,366,11.99,39.4
defined_daily_doses,2020,year,I-CH,linguistic_region,all,all,other,117837.4,359756,366,0.89,43.3
defined_daily_doses,2020,year,I-CH,linguistic_region,all,all,systemic_j01,1402435.4,359756,366,10.65,35
defined_daily_doses,2021,year,D-CHFL,linguistic_region,all,all,other,1050986.7,6250221,365,0.46,21.8
defined_daily_doses,2021,year,D-CHFL,linguistic_region,all,all,systemic_j01,16665325.3,6250221,365,7.31,24.9
defined_daily_doses,2021,year,F-CH,linguistic_region,all,all,other,567365.1,2166788,365,0.72,34
defined_daily_doses,2021,year,F-CH,linguistic_region,all,all,systemic_j01,9412007.1,2166788,365,11.9,40.6
defined_daily_doses,2021,year,I-CH,linguistic_region,all,all,other,122681.5,361090,365,0.93,44.1
defined_daily_doses,2021,year,I-CH,linguistic_region,all,all,systemic_j01,1333358.4,361090,365,10.12,34.5
defined_daily_doses,2022,year,D-CHFL,linguistic_region,all,all,other,1065819,6305626,365,0.46,21.6
defined_daily_doses,2022,year,D-CHFL,linguistic_region,all,all,systemic_j01,19339375,6305626,365,8.4,23.5
defined_daily_doses,2022,year,F-CH,linguistic_region,all,all,other,595883.3,2186342,365,0.75,34.8
defined_daily_doses,2022,year,F-CH,linguistic_region,all,all,systemic_j01,11663567.4,2186342,365,14.62,40.9
defined_daily_doses,2022,year,I-CH,linguistic_region,all,all,other,124150.7,363094,365,0.94,43.6
defined_daily_doses,2022,year,I-CH,linguistic_region,all,all,systemic_j01,1686336.2,363094,365,12.72,35.6
defined_daily_doses,2023,year,D-CHFL,linguistic_region,all,all,other,1147795.6,6407698,365,0.49,22.5
defined_daily_doses,2023,year,D-CHFL,linguistic_region,all,all,systemic_j01,21440272.3,6407698,365,9.17,24
defined_daily_doses,2023,year,F-CH,linguistic_region,all,all,other,650204.8,2227625,365,0.8,36.6
defined_daily_doses,2023,year,F-CH,linguistic_region,all,all,systemic_j01,12292005.2,2227625,365,15.12,39.7
defined_daily_doses,2023,year,I-CH,linguistic_region,all,all,other,119888.2,366950,365,0.9,41
defined_daily_doses,2023,year,I-CH,linguistic_region,all,all,systemic_j01,1853154,366950,365,13.84,36.3
defined_daily_doses,2024,year,D-CHFL,linguistic_region,all,all,other,1263105.9,6469404,366,0.53,22.5
defined_daily_doses,2024,year,D-CHFL,linguistic_region,all,all,systemic_j01,22438958.7,6469404,366,9.48,24.8
defined_daily_doses,2024,year,F-CH,linguistic_region,all,all,other,716982.3,2254257,366,0.87,36.6
defined_daily_doses,2024,year,F-CH,linguistic_region,all,all,systemic_j01,12610459.3,2254257,366,15.28,40.1
defined_daily_doses,2024,year,I-CH,linguistic_region,all,all,other,130894.4,368254,366,0.97,40.9
defined_daily_doses,2024,year,I-CH,linguistic_region,all,all,systemic_j01,1804507.6,368254,366,13.39,35.1
defined_daily_doses,2025,year,D-CHFL,linguistic_region,all,all,other,1279336.8,6521059,365,0.54,22.4
defined_daily_doses,2025,year,D-CHFL,linguistic_region,all,all,systemic_j01,20137810.2,6521059,365,8.46,24.7
defined_daily_doses,2025,year,F-CH,linguistic_region,all,all,other,729272.5,2277658,365,0.88,36.5
defined_daily_doses,2025,year,F-CH,linguistic_region,all,all,systemic_j01,11314129,2277658,365,13.61,39.7
defined_daily_doses,2025,year,I-CH,linguistic_region,all,all,other,133089.8,369294,365,0.99,41.1
defined_daily_doses,2025,year,I-CH,linguistic_region,all,all,systemic_j01,1642831.2,369294,365,12.19,35.6
defined_daily_doses,2010,year,D-CHFL,linguistic_region,all,all,all,21492311,5650639,365,10.42,26.9
defined_daily_doses,2010,year,F-CH,linguistic_region,all,all,all,10346161.6,1914028,365,14.81,38.3
defined_daily_doses,2010,year,I-CH,linguistic_region,all,all,all,1675584.7,341616,365,13.44,34.8
defined_daily_doses,2011,year,D-CHFL,linguistic_region,all,all,all,21648795.9,5705629,365,10.4,27
defined_daily_doses,2011,year,F-CH,linguistic_region,all,all,all,10489047.2,1940568,365,14.81,38.4
defined_daily_doses,2011,year,I-CH,linguistic_region,all,all,all,1681327.9,344940,365,13.35,34.6
defined_daily_doses,2012,year,D-CHFL,linguistic_region,all,all,all,21585503.8,5762075,366,10.24,25.4
defined_daily_doses,2012,year,F-CH,linguistic_region,all,all,all,10723196.2,1964025,366,14.92,37.1
defined_daily_doses,2012,year,I-CH,linguistic_region,all,all,all,1932619.7,349798,366,15.1,37.5
defined_daily_doses,2013,year,D-CHFL,linguistic_region,all,all,all,22397124.5,5822708,365,10.54,26.1
defined_daily_doses,2013,year,F-CH,linguistic_region,all,all,all,11147170,1999212,365,15.28,37.9
defined_daily_doses,2013,year,I-CH,linguistic_region,all,all,all,1879324.3,354840,365,14.51,36
defined_daily_doses,2014,year,D-CHFL,linguistic_region,all,all,all,21528840.5,5885683,365,10.02,26
defined_daily_doses,2014,year,F-CH,linguistic_region,all,all,all,10762201.8,2030648,365,14.52,37.7
defined_daily_doses,2014,year,I-CH,linguistic_region,all,all,all,1831089.5,358701,365,13.99,36.3
defined_daily_doses,2015,year,D-CHFL,linguistic_region,all,all,all,21538245,5945865,365,9.92,25.2
defined_daily_doses,2015,year,F-CH,linguistic_region,all,all,all,11143066.5,2058511,365,14.83,37.6
defined_daily_doses,2015,year,I-CH,linguistic_region,all,all,all,1931874.3,360372,365,14.69,37.2
defined_daily_doses,2016,year,D-CHFL,linguistic_region,all,all,all,21730453.5,6011484,366,9.88,25.7
defined_daily_doses,2016,year,F-CH,linguistic_region,all,all,all,11357965.5,2083010,366,14.9,38.8
defined_daily_doses,2016,year,I-CH,linguistic_region,all,all,all,1815561.5,362866,366,13.67,35.6
defined_daily_doses,2017,year,D-CHFL,linguistic_region,all,all,all,21260572,6058613,365,9.61,25.5
defined_daily_doses,2017,year,F-CH,linguistic_region,all,all,all,11129238.3,2101387,365,14.51,38.5
defined_daily_doses,2017,year,I-CH,linguistic_region,all,all,all,1791149.2,362244,365,13.55,36
defined_daily_doses,2018,year,D-CHFL,linguistic_region,all,all,all,21902971.9,6104847,365,9.83,25.2
defined_daily_doses,2018,year,F-CH,linguistic_region,all,all,all,11441156.5,2116149,365,14.81,38
defined_daily_doses,2018,year,I-CH,linguistic_region,all,all,all,1893474,361909,365,14.33,36.8
defined_daily_doses,2019,year,D-CHFL,linguistic_region,all,all,all,21488036.8,6153803,365,9.57,24.7
defined_daily_doses,2019,year,F-CH,linguistic_region,all,all,all,11710062.8,2130815,365,15.06,38.9
defined_daily_doses,2019,year,I-CH,linguistic_region,all,all,all,1851615.4,360162,365,14.09,36.4
defined_daily_doses,2020,year,D-CHFL,linguistic_region,all,all,all,18747326.1,6201950,366,8.26,25.4
defined_daily_doses,2020,year,F-CH,linguistic_region,all,all,all,9984714.2,2147649,366,12.7,39.1
defined_daily_doses,2020,year,I-CH,linguistic_region,all,all,all,1520272.8,359756,366,11.55,35.5
defined_daily_doses,2021,year,D-CHFL,linguistic_region,all,all,all,17716312,6250221,365,7.77,24.7
defined_daily_doses,2021,year,F-CH,linguistic_region,all,all,all,9979372.1,2166788,365,12.62,40.1
defined_daily_doses,2021,year,I-CH,linguistic_region,all,all,all,1456039.9,361090,365,11.05,35.1
defined_daily_doses,2022,year,D-CHFL,linguistic_region,all,all,all,20405194,6305626,365,8.87,23.4
defined_daily_doses,2022,year,F-CH,linguistic_region,all,all,all,12259450.7,2186342,365,15.36,40.5
defined_daily_doses,2022,year,I-CH,linguistic_region,all,all,all,1810486.9,363094,365,13.66,36.1
defined_daily_doses,2023,year,D-CHFL,linguistic_region,all,all,all,22588067.9,6407698,365,9.66,24
defined_daily_doses,2023,year,F-CH,linguistic_region,all,all,all,12942210,2227625,365,15.92,39.5
defined_daily_doses,2023,year,I-CH,linguistic_region,all,all,all,1973042.2,366950,365,14.73,36.5
defined_daily_doses,2024,year,D-CHFL,linguistic_region,all,all,all,23702064.6,6469404,366,10.01,24.7
defined_daily_doses,2024,year,F-CH,linguistic_region,all,all,all,13327441.6,2254257,366,16.15,39.9
defined_daily_doses,2024,year,I-CH,linguistic_region,all,all,all,1935401.9,368254,366,14.36,35.4
defined_daily_doses,2025,year,D-CHFL,linguistic_region,all,all,all,21417147.1,6521059,365,9,24.5
defined_daily_doses,2025,year,F-CH,linguistic_region,all,all,all,12043401.5,2277658,365,14.49,39.5
defined_daily_doses,2025,year,I-CH,linguistic_region,all,all,all,1775921,369294,365,13.18,35.9
