valueCategory,temporal,temporal_type,georegion,georegion_type,agegroup,agegroup_type,sex,speciality,indication,value,popExtrapolation,totalConsultationsExtrapolation,pop,incValue,prctConsultations,prct
prescriptions,2017,year,CH,country,all,agegroup_anresis,all,all,all,833037.2,162932.8,576232,8484130,9818.77,2.8,NA
prescriptions,2018,year,CH,country,all,agegroup_anresis,all,all,all,979492.5,151604.3,567510,8544527,11463.39,3.1,NA
prescriptions,2019,year,CH,country,all,agegroup_anresis,all,all,all,946670.5,158480.7,585079,8606033,11000.08,3,NA
prescriptions,2020,year,CH,country,all,agegroup_anresis,all,all,all,734159.4,172081.2,566796,8670300,8467.52,2.6,NA
prescriptions,2021,year,CH,country,all,agegroup_anresis,all,all,all,539699,195550.4,605347,8738791,6175.9,2,NA
prescriptions,2022,year,CH,country,all,agegroup_anresis,all,all,all,632847.7,195294.5,574685,8815385,7178.9,2.4,NA
prescriptions,2023,year,CH,country,all,agegroup_anresis,all,all,all,707007.4,187749.1,542532,8962258,7888.72,2.7,NA
prescriptions,2024,year,CH,country,all,agegroup_anresis,all,all,all,765945.1,183444.2,533748,9051029,8462.52,2.9,NA
prescriptions,2025,year,CH,country,all,agegroup_anresis,all,all,all,618960.5,193303.8,559769,9127125,6781.55,2.3,NA
prescriptions,2017,year,CH,country,all,agegroup_anresis,all,general_internal_medicine,all,649075,129926.9,466523,6994463,9279.84,2.6,78.1
prescriptions,2017,year,CH,country,all,agegroup_anresis,all,pediatrics,all,182421.3,33005.9,109709,1527781,11940.28,3.6,21.9
prescriptions,2018,year,CH,country,all,agegroup_anresis,all,general_internal_medicine,all,761509.4,120403,455310,7045879,10807.87,2.9,78
prescriptions,2018,year,CH,country,all,agegroup_anresis,all,pediatrics,all,215075.9,31201.3,112200,1537026,13992.99,3.9,22
prescriptions,2019,year,CH,country,all,agegroup_anresis,all,general_internal_medicine,all,735759.7,129903.1,481468,7095579,10369.27,2.8,77.4
prescriptions,2019,year,CH,country,all,agegroup_anresis,all,pediatrics,all,214835,28577.7,103611,1549201,13867.47,3.8,22.6
prescriptions,2020,year,CH,country,all,agegroup_anresis,all,general_internal_medicine,all,611626.2,140969.3,470303,7146927,8557.89,2.6,82.9
prescriptions,2020,year,CH,country,all,agegroup_anresis,all,pediatrics,all,125900.8,31111.8,96493,1562428,8058.02,2.6,17.1
prescriptions,2021,year,CH,country,all,agegroup_anresis,all,general_internal_medicine,all,436328.9,160739.9,496775,7198555,6061.34,2,80.5
prescriptions,2021,year,CH,country,all,agegroup_anresis,all,pediatrics,all,105906.4,34810.5,108572,1579544,6704.87,2.1,19.5
prescriptions,2022,year,CH,country,all,agegroup_anresis,all,general_internal_medicine,all,489590.5,162959.1,468507,7264914,6739.11,2.3,76.6
prescriptions,2022,year,CH,country,all,agegroup_anresis,all,pediatrics,all,149398.9,32335.4,106178,1590148,9395.28,2.9,23.4
prescriptions,2023,year,CH,country,all,agegroup_anresis,all,general_internal_medicine,all,524559.5,158112.1,444417,7385499,7102.56,2.5,72.9
prescriptions,2023,year,CH,country,all,agegroup_anresis,all,pediatrics,all,195352.9,29637,98115,1616774,12082.88,3.6,27.1
prescriptions,2024,year,CH,country,all,agegroup_anresis,all,general_internal_medicine,all,563034.1,154202.9,434535,7469158,7538.12,2.7,72.2
prescriptions,2024,year,CH,country,all,agegroup_anresis,all,pediatrics,all,216432.1,29241.3,99213,1622757,13337.31,3.9,27.8
prescriptions,2025,year,CH,country,all,agegroup_anresis,all,general_internal_medicine,all,484529.7,163792.5,461699,7508968,6452.68,2.3,77.7
prescriptions,2025,year,CH,country,all,agegroup_anresis,all,pediatrics,all,139272.8,29511.3,98070,1618157,8606.88,2.6,22.3
prescriptions,2017,year,CH,country,all,agegroup_anresis,all,all,lower_respiratory_tract,145591.1,162932.8,576232,8484130,1716.04,0.5,17.5
prescriptions,2017,year,CH,country,all,agegroup_anresis,all,all,other,72587.7,162932.8,576232,8484130,855.57,0.2,8.7
prescriptions,2017,year,CH,country,all,agegroup_anresis,all,all,skin_soft_tissue,95446.5,162932.8,576232,8484130,1125,0.3,11.5
prescriptions,2017,year,CH,country,all,agegroup_anresis,all,all,unknown,572.7,162932.8,576232,8484130,6.75,0,0.1
prescriptions,2017,year,CH,country,all,agegroup_anresis,all,all,upper_respiratory_tract,326695.8,162932.8,576232,8484130,3850.67,1.1,39.2
prescriptions,2017,year,CH,country,all,agegroup_anresis,all,all,urinary_tract,192143.5,162932.8,576232,8484130,2264.74,0.6,23.1
prescriptions,2018,year,CH,country,all,agegroup_anresis,all,all,lower_respiratory_tract,168856.9,151604.3,567510,8544527,1976.2,0.5,17.2
prescriptions,2018,year,CH,country,all,agegroup_anresis,all,all,other,84654,151604.3,567510,8544527,990.74,0.3,8.6
prescriptions,2018,year,CH,country,all,agegroup_anresis,all,all,skin_soft_tissue,117681.2,151604.3,567510,8544527,1377.27,0.4,12
prescriptions,2018,year,CH,country,all,agegroup_anresis,all,all,unknown,169.2,151604.3,567510,8544527,1.98,0,0
prescriptions,2018,year,CH,country,all,agegroup_anresis,all,all,upper_respiratory_tract,388945.2,151604.3,567510,8544527,4551.98,1.2,39.7
prescriptions,2018,year,CH,country,all,agegroup_anresis,all,all,urinary_tract,219186.8,151604.3,567510,8544527,2565.23,0.7,22.4
prescriptions,2019,year,CH,country,all,agegroup_anresis,all,all,lower_respiratory_tract,158728.8,158480.7,585079,8606033,1844.39,0.5,16.8
prescriptions,2019,year,CH,country,all,agegroup_anresis,all,all,other,85853.8,158480.7,585079,8606033,997.6,0.3,9.1
prescriptions,2019,year,CH,country,all,agegroup_anresis,all,all,skin_soft_tissue,115503.3,158480.7,585079,8606033,1342.12,0.4,12.2
prescriptions,2019,year,CH,country,all,agegroup_anresis,all,all,unknown,54.2,158480.7,585079,8606033,0.63,0,0
prescriptions,2019,year,CH,country,all,agegroup_anresis,all,all,upper_respiratory_tract,359487.8,158480.7,585079,8606033,4177.16,1.1,38
prescriptions,2019,year,CH,country,all,agegroup_anresis,all,all,urinary_tract,227042.6,158480.7,585079,8606033,2638.18,0.7,24
prescriptions,2020,year,CH,country,all,agegroup_anresis,all,all,lower_respiratory_tract,78449.7,172081.2,566796,8670300,904.81,0.3,10.7
prescriptions,2020,year,CH,country,all,agegroup_anresis,all,all,other,89634.4,172081.2,566796,8670300,1033.81,0.3,12.2
prescriptions,2020,year,CH,country,all,agegroup_anresis,all,all,skin_soft_tissue,124652,172081.2,566796,8670300,1437.69,0.4,17
prescriptions,2020,year,CH,country,all,agegroup_anresis,all,all,unknown,0,172081.2,566796,8670300,0,0,0
prescriptions,2020,year,CH,country,all,agegroup_anresis,all,all,upper_respiratory_tract,218821.9,172081.2,566796,8670300,2523.81,0.8,29.8
prescriptions,2020,year,CH,country,all,agegroup_anresis,all,all,urinary_tract,222600.4,172081.2,566796,8670300,2567.39,0.8,30.3
prescriptions,2021,year,CH,country,all,agegroup_anresis,all,all,lower_respiratory_tract,52553.3,195550.4,605347,8738791,601.38,0.2,9.7
prescriptions,2021,year,CH,country,all,agegroup_anresis,all,all,other,63010.2,195550.4,605347,8738791,721.04,0.2,11.7
prescriptions,2021,year,CH,country,all,agegroup_anresis,all,all,skin_soft_tissue,88929.4,195550.4,605347,8738791,1017.64,0.3,16.5
prescriptions,2021,year,CH,country,all,agegroup_anresis,all,all,unknown,0,195550.4,605347,8738791,0,0,0
prescriptions,2021,year,CH,country,all,agegroup_anresis,all,all,upper_respiratory_tract,155962.1,195550.4,605347,8738791,1784.71,0.6,28.9
prescriptions,2021,year,CH,country,all,agegroup_anresis,all,all,urinary_tract,179244,195550.4,605347,8738791,2051.13,0.7,33.2
prescriptions,2022,year,CH,country,all,agegroup_anresis,all,all,lower_respiratory_tract,81566.1,195294.5,574685,8815385,925.27,0.3,12.9
prescriptions,2022,year,CH,country,all,agegroup_anresis,all,all,other,58725.5,195294.5,574685,8815385,666.17,0.2,9.3
prescriptions,2022,year,CH,country,all,agegroup_anresis,all,all,skin_soft_tissue,84635.6,195294.5,574685,8815385,960.09,0.3,13.4
prescriptions,2022,year,CH,country,all,agegroup_anresis,all,all,unknown,0,195294.5,574685,8815385,0,0,0
prescriptions,2022,year,CH,country,all,agegroup_anresis,all,all,upper_respiratory_tract,248579.8,195294.5,574685,8815385,2819.84,1,39.3
prescriptions,2022,year,CH,country,all,agegroup_anresis,all,all,urinary_tract,159340.7,195294.5,574685,8815385,1807.53,0.6,25.2
prescriptions,2023,year,CH,country,all,agegroup_anresis,all,all,lower_respiratory_tract,108024.8,187749.1,542532,8962258,1205.33,0.4,15.3
prescriptions,2023,year,CH,country,all,agegroup_anresis,all,all,other,55897.6,187749.1,542532,8962258,623.7,0.2,7.9
prescriptions,2023,year,CH,country,all,agegroup_anresis,all,all,skin_soft_tissue,92224.3,187749.1,542532,8962258,1029.03,0.4,13
prescriptions,2023,year,CH,country,all,agegroup_anresis,all,all,unknown,0,187749.1,542532,8962258,0,0,0
prescriptions,2023,year,CH,country,all,agegroup_anresis,all,all,upper_respiratory_tract,293572.2,187749.1,542532,8962258,3275.65,1.1,41.5
prescriptions,2023,year,CH,country,all,agegroup_anresis,all,all,urinary_tract,157287.6,187749.1,542532,8962258,1755,0.6,22.2
prescriptions,2024,year,CH,country,all,agegroup_anresis,all,all,lower_respiratory_tract,167359,183444.2,533748,9051029,1849.06,0.6,21.8
prescriptions,2024,year,CH,country,all,agegroup_anresis,all,all,other,57530.2,183444.2,533748,9051029,635.62,0.2,7.5
prescriptions,2024,year,CH,country,all,agegroup_anresis,all,all,skin_soft_tissue,91623.6,183444.2,533748,9051029,1012.3,0.3,12
prescriptions,2024,year,CH,country,all,agegroup_anresis,all,all,unknown,0,183444.2,533748,9051029,0,0,0
prescriptions,2024,year,CH,country,all,agegroup_anresis,all,all,upper_respiratory_tract,288931.5,183444.2,533748,9051029,3192.25,1.1,37.7
prescriptions,2024,year,CH,country,all,agegroup_anresis,all,all,urinary_tract,160501,183444.2,533748,9051029,1773.29,0.6,21
prescriptions,2025,year,CH,country,all,agegroup_anresis,all,all,lower_respiratory_tract,120780.2,193303.8,559769,9127125,1323.31,0.5,19.5
prescriptions,2025,year,CH,country,all,agegroup_anresis,all,all,other,53260.4,193303.8,559769,9127125,583.54,0.2,8.6
prescriptions,2025,year,CH,country,all,agegroup_anresis,all,all,skin_soft_tissue,88766.8,193303.8,559769,9127125,972.56,0.3,14.3
prescriptions,2025,year,CH,country,all,agegroup_anresis,all,all,unknown,0,193303.8,559769,9127125,0,0,0
prescriptions,2025,year,CH,country,all,agegroup_anresis,all,all,upper_respiratory_tract,215778.9,193303.8,559769,9127125,2364.15,0.8,34.9
prescriptions,2025,year,CH,country,all,agegroup_anresis,all,all,urinary_tract,140374.3,193303.8,559769,9127125,1537.99,0.5,22.7
prescriptions,2017,year,CH,country,all,agegroup_anresis,all,general_internal_medicine,lower_respiratory_tract,129470.3,129926.9,466523,6994463,1851.04,0.5,19.9
prescriptions,2017,year,CH,country,all,agegroup_anresis,all,general_internal_medicine,other,70253.1,129926.9,466523,6994463,1004.41,0.3,10.8
prescriptions,2017,year,CH,country,all,agegroup_anresis,all,general_internal_medicine,skin_soft_tissue,85003.7,129926.9,466523,6994463,1215.3,0.3,13.1
prescriptions,2017,year,CH,country,all,agegroup_anresis,all,general_internal_medicine,unknown,323.1,129926.9,466523,6994463,4.62,0,0
prescriptions,2017,year,CH,country,all,agegroup_anresis,all,general_internal_medicine,upper_respiratory_tract,178190.2,129926.9,466523,6994463,2547.59,0.7,27.5
prescriptions,2017,year,CH,country,all,agegroup_anresis,all,general_internal_medicine,urinary_tract,185834.5,129926.9,466523,6994463,2656.88,0.7,28.6
prescriptions,2017,year,CH,country,all,agegroup_anresis,all,pediatrics,lower_respiratory_tract,18098.7,33005.9,109709,1527781,1184.64,0.4,9.9
prescriptions,2017,year,CH,country,all,agegroup_anresis,all,pediatrics,other,4119.7,33005.9,109709,1527781,269.65,0.1,2.3
prescriptions,2017,year,CH,country,all,agegroup_anresis,all,pediatrics,skin_soft_tissue,11757.2,33005.9,109709,1527781,769.56,0.2,6.4
prescriptions,2017,year,CH,country,all,agegroup_anresis,all,pediatrics,unknown,231.5,33005.9,109709,1527781,15.15,0,0.1
prescriptions,2017,year,CH,country,all,agegroup_anresis,all,pediatrics,upper_respiratory_tract,137197.9,33005.9,109709,1527781,8980.21,2.7,75.2
prescriptions,2017,year,CH,country,all,agegroup_anresis,all,pediatrics,urinary_tract,11016.5,33005.9,109709,1527781,721.08,0.2,6
prescriptions,2018,year,CH,country,all,agegroup_anresis,all,general_internal_medicine,lower_respiratory_tract,153846.8,120403,455310,7045879,2183.5,0.6,20.2
prescriptions,2018,year,CH,country,all,agegroup_anresis,all,general_internal_medicine,other,82278.3,120403,455310,7045879,1167.75,0.3,10.8
prescriptions,2018,year,CH,country,all,agegroup_anresis,all,general_internal_medicine,skin_soft_tissue,106504.8,120403,455310,7045879,1511.59,0.4,14
prescriptions,2018,year,CH,country,all,agegroup_anresis,all,general_internal_medicine,unknown,175.4,120403,455310,7045879,2.49,0,0
prescriptions,2018,year,CH,country,all,agegroup_anresis,all,general_internal_medicine,upper_respiratory_tract,201949.7,120403,455310,7045879,2866.21,0.8,26.5
prescriptions,2018,year,CH,country,all,agegroup_anresis,all,general_internal_medicine,urinary_tract,216755.2,120403,455310,7045879,3076.34,0.8,28.5
prescriptions,2018,year,CH,country,all,agegroup_anresis,all,pediatrics,lower_respiratory_tract,18079,31201.3,112200,1537026,1176.23,0.3,8.4
prescriptions,2018,year,CH,country,all,agegroup_anresis,all,pediatrics,other,4729.1,31201.3,112200,1537026,307.68,0.1,2.2
prescriptions,2018,year,CH,country,all,agegroup_anresis,all,pediatrics,skin_soft_tissue,13202.1,31201.3,112200,1537026,858.94,0.2,6.1
prescriptions,2018,year,CH,country,all,agegroup_anresis,all,pediatrics,unknown,0,31201.3,112200,1537026,0,0,0
prescriptions,2018,year,CH,country,all,agegroup_anresis,all,pediatrics,upper_respiratory_tract,169952.3,31201.3,112200,1537026,11057.22,3.1,79
prescriptions,2018,year,CH,country,all,agegroup_anresis,all,pediatrics,urinary_tract,9113.3,31201.3,112200,1537026,592.92,0.2,4.2
prescriptions,2019,year,CH,country,all,agegroup_anresis,all,general_internal_medicine,lower_respiratory_tract,141143.8,129903.1,481468,7095579,1989.18,0.5,19.2
prescriptions,2019,year,CH,country,all,agegroup_anresis,all,general_internal_medicine,other,79694,129903.1,481468,7095579,1123.15,0.3,10.8
prescriptions,2019,year,CH,country,all,agegroup_anresis,all,general_internal_medicine,skin_soft_tissue,101761.2,129903.1,481468,7095579,1434.15,0.4,13.8
prescriptions,2019,year,CH,country,all,agegroup_anresis,all,general_internal_medicine,unknown,54.6,129903.1,481468,7095579,0.77,0,0
prescriptions,2019,year,CH,country,all,agegroup_anresis,all,general_internal_medicine,upper_respiratory_tract,195219.2,129903.1,481468,7095579,2751.28,0.7,26.5
prescriptions,2019,year,CH,country,all,agegroup_anresis,all,general_internal_medicine,urinary_tract,217887.5,129903.1,481468,7095579,3070.75,0.8,29.6
prescriptions,2019,year,CH,country,all,agegroup_anresis,all,pediatrics,lower_respiratory_tract,18377.2,28577.7,103611,1549201,1186.24,0.3,8.6
prescriptions,2019,year,CH,country,all,agegroup_anresis,all,pediatrics,other,6613.7,28577.7,103611,1549201,426.91,0.1,3.1
prescriptions,2019,year,CH,country,all,agegroup_anresis,all,pediatrics,skin_soft_tissue,14311.5,28577.7,103611,1549201,923.8,0.3,6.7
prescriptions,2019,year,CH,country,all,agegroup_anresis,all,pediatrics,unknown,0,28577.7,103611,1549201,0,0,0
prescriptions,2019,year,CH,country,all,agegroup_anresis,all,pediatrics,upper_respiratory_tract,165124.2,28577.7,103611,1549201,10658.67,2.9,76.9
prescriptions,2019,year,CH,country,all,agegroup_anresis,all,pediatrics,urinary_tract,10408.3,28577.7,103611,1549201,671.85,0.2,4.8
prescriptions,2020,year,CH,country,all,agegroup_anresis,all,general_internal_medicine,lower_respiratory_tract,68291,140969.3,470303,7146927,955.53,0.3,11.2
prescriptions,2020,year,CH,country,all,agegroup_anresis,all,general_internal_medicine,other,84463.8,140969.3,470303,7146927,1181.82,0.4,13.8
prescriptions,2020,year,CH,country,all,agegroup_anresis,all,general_internal_medicine,skin_soft_tissue,111334.1,140969.3,470303,7146927,1557.79,0.5,18.2
prescriptions,2020,year,CH,country,all,agegroup_anresis,all,general_internal_medicine,unknown,0,140969.3,470303,7146927,0,0,0
prescriptions,2020,year,CH,country,all,agegroup_anresis,all,general_internal_medicine,upper_respiratory_tract,134147.8,140969.3,470303,7146927,1877,0.6,21.9
prescriptions,2020,year,CH,country,all,agegroup_anresis,all,general_internal_medicine,urinary_tract,213390.1,140969.3,470303,7146927,2985.76,0.9,34.9
prescriptions,2020,year,CH,country,all,agegroup_anresis,all,pediatrics,lower_respiratory_tract,10546.1,31111.8,96493,1562428,674.98,0.2,8.4
prescriptions,2020,year,CH,country,all,agegroup_anresis,all,pediatrics,other,5674.9,31111.8,96493,1562428,363.21,0.1,4.5
prescriptions,2020,year,CH,country,all,agegroup_anresis,all,pediatrics,skin_soft_tissue,13961.1,31111.8,96493,1562428,893.55,0.3,11.1
prescriptions,2020,year,CH,country,all,agegroup_anresis,all,pediatrics,unknown,0,31111.8,96493,1562428,0,0,0
prescriptions,2020,year,CH,country,all,agegroup_anresis,all,pediatrics,upper_respiratory_tract,85222.8,31111.8,96493,1562428,5454.51,1.8,67.7
prescriptions,2020,year,CH,country,all,agegroup_anresis,all,pediatrics,urinary_tract,10495.9,31111.8,96493,1562428,671.77,0.2,8.3
prescriptions,2021,year,CH,country,all,agegroup_anresis,all,general_internal_medicine,lower_respiratory_tract,43529.7,160739.9,496775,7198555,604.7,0.2,10
prescriptions,2021,year,CH,country,all,agegroup_anresis,all,general_internal_medicine,other,61174.8,160739.9,496775,7198555,849.82,0.3,14
prescriptions,2021,year,CH,country,all,agegroup_anresis,all,general_internal_medicine,skin_soft_tissue,79088.4,160739.9,496775,7198555,1098.67,0.4,18.1
prescriptions,2021,year,CH,country,all,agegroup_anresis,all,general_internal_medicine,unknown,0,160739.9,496775,7198555,0,0,0
prescriptions,2021,year,CH,country,all,agegroup_anresis,all,general_internal_medicine,upper_respiratory_tract,80745.5,160739.9,496775,7198555,1121.69,0.4,18.5
prescriptions,2021,year,CH,country,all,agegroup_anresis,all,general_internal_medicine,urinary_tract,171790.6,160739.9,496775,7198555,2386.46,0.8,39.4
prescriptions,2021,year,CH,country,all,agegroup_anresis,all,pediatrics,lower_respiratory_tract,9256.6,34810.5,108572,1579544,586.03,0.2,8.7
prescriptions,2021,year,CH,country,all,agegroup_anresis,all,pediatrics,other,1996.5,34810.5,108572,1579544,126.4,0,1.9
prescriptions,2021,year,CH,country,all,agegroup_anresis,all,pediatrics,skin_soft_tissue,10164,34810.5,108572,1579544,643.48,0.2,9.6
prescriptions,2021,year,CH,country,all,agegroup_anresis,all,pediatrics,unknown,0,34810.5,108572,1579544,0,0,0
prescriptions,2021,year,CH,country,all,agegroup_anresis,all,pediatrics,upper_respiratory_tract,76548.5,34810.5,108572,1579544,4846.24,1.6,72.3
prescriptions,2021,year,CH,country,all,agegroup_anresis,all,pediatrics,urinary_tract,7940.7,34810.5,108572,1579544,502.72,0.2,7.5
prescriptions,2022,year,CH,country,all,agegroup_anresis,all,general_internal_medicine,lower_respiratory_tract,72979.7,162959.1,468507,7264914,1004.55,0.3,14.9
prescriptions,2022,year,CH,country,all,agegroup_anresis,all,general_internal_medicine,other,54567.5,162959.1,468507,7264914,751.11,0.3,11.1
prescriptions,2022,year,CH,country,all,agegroup_anresis,all,general_internal_medicine,skin_soft_tissue,74227.8,162959.1,468507,7264914,1021.73,0.4,15.2
prescriptions,2022,year,CH,country,all,agegroup_anresis,all,general_internal_medicine,unknown,0,162959.1,468507,7264914,0,0,0
prescriptions,2022,year,CH,country,all,agegroup_anresis,all,general_internal_medicine,upper_respiratory_tract,135259.6,162959.1,468507,7264914,1861.82,0.6,27.6
prescriptions,2022,year,CH,country,all,agegroup_anresis,all,general_internal_medicine,urinary_tract,152556.7,162959.1,468507,7264914,2099.91,0.7,31.2
prescriptions,2022,year,CH,country,all,agegroup_anresis,all,pediatrics,lower_respiratory_tract,8360,32335.4,106178,1590148,525.74,0.2,5.6
prescriptions,2022,year,CH,country,all,agegroup_anresis,all,pediatrics,other,3786.6,32335.4,106178,1590148,238.13,0.1,2.5
prescriptions,2022,year,CH,country,all,agegroup_anresis,all,pediatrics,skin_soft_tissue,10327.1,32335.4,106178,1590148,649.44,0.2,6.9
prescriptions,2022,year,CH,country,all,agegroup_anresis,all,pediatrics,unknown,0,32335.4,106178,1590148,0,0,0
prescriptions,2022,year,CH,country,all,agegroup_anresis,all,pediatrics,upper_respiratory_tract,121614,32335.4,106178,1590148,7647.97,2.3,81.4
prescriptions,2022,year,CH,country,all,agegroup_anresis,all,pediatrics,urinary_tract,5311.1,32335.4,106178,1590148,334,0.1,3.6
prescriptions,2023,year,CH,country,all,agegroup_anresis,all,general_internal_medicine,lower_respiratory_tract,93561,158112.1,444417,7385499,1266.82,0.5,17.8
prescriptions,2023,year,CH,country,all,agegroup_anresis,all,general_internal_medicine,other,49840.3,158112.1,444417,7385499,674.84,0.2,9.5
prescriptions,2023,year,CH,country,all,agegroup_anresis,all,general_internal_medicine,skin_soft_tissue,76792.2,158112.1,444417,7385499,1039.77,0.4,14.6
prescriptions,2023,year,CH,country,all,agegroup_anresis,all,general_internal_medicine,unknown,0,158112.1,444417,7385499,0,0,0
prescriptions,2023,year,CH,country,all,agegroup_anresis,all,general_internal_medicine,upper_respiratory_tract,156947,158112.1,444417,7385499,2125.07,0.8,29.9
prescriptions,2023,year,CH,country,all,agegroup_anresis,all,general_internal_medicine,urinary_tract,147418.3,158112.1,444417,7385499,1996.05,0.7,28.1
prescriptions,2023,year,CH,country,all,agegroup_anresis,all,pediatrics,lower_respiratory_tract,14183.6,29637,98115,1616774,877.28,0.3,7.3
prescriptions,2023,year,CH,country,all,agegroup_anresis,all,pediatrics,other,5673.4,29637,98115,1616774,350.91,0.1,2.9
prescriptions,2023,year,CH,country,all,agegroup_anresis,all,pediatrics,skin_soft_tissue,15711.2,29637,98115,1616774,971.76,0.3,8
prescriptions,2023,year,CH,country,all,agegroup_anresis,all,pediatrics,unknown,0,29637,98115,1616774,0,0,0
prescriptions,2023,year,CH,country,all,agegroup_anresis,all,pediatrics,upper_respiratory_tract,152201.6,29637,98115,1616774,9413.91,2.8,77.9
prescriptions,2023,year,CH,country,all,agegroup_anresis,all,pediatrics,urinary_tract,7582.8,29637,98115,1616774,469.01,0.1,3.9
prescriptions,2024,year,CH,country,all,agegroup_anresis,all,general_internal_medicine,lower_respiratory_tract,132766.5,154202.9,434535,7469158,1777.53,0.6,23.6
prescriptions,2024,year,CH,country,all,agegroup_anresis,all,general_internal_medicine,other,52942.1,154202.9,434535,7469158,708.81,0.3,9.4
prescriptions,2024,year,CH,country,all,agegroup_anresis,all,general_internal_medicine,skin_soft_tissue,74496.6,154202.9,434535,7469158,997.39,0.4,13.2
prescriptions,2024,year,CH,country,all,agegroup_anresis,all,general_internal_medicine,unknown,0,154202.9,434535,7469158,0,0,0
prescriptions,2024,year,CH,country,all,agegroup_anresis,all,general_internal_medicine,upper_respiratory_tract,154563,154202.9,434535,7469158,2069.35,0.7,27.5
prescriptions,2024,year,CH,country,all,agegroup_anresis,all,general_internal_medicine,urinary_tract,148266.5,154202.9,434535,7469158,1985.05,0.7,26.3
prescriptions,2024,year,CH,country,all,agegroup_anresis,all,pediatrics,lower_respiratory_tract,36127.4,29241.3,99213,1622757,2226.3,0.7,16.7
prescriptions,2024,year,CH,country,all,agegroup_anresis,all,pediatrics,other,4051.2,29241.3,99213,1622757,249.65,0.1,1.9
prescriptions,2024,year,CH,country,all,agegroup_anresis,all,pediatrics,skin_soft_tissue,17703,29241.3,99213,1622757,1090.92,0.3,8.2
prescriptions,2024,year,CH,country,all,agegroup_anresis,all,pediatrics,unknown,0,29241.3,99213,1622757,0,0,0
prescriptions,2024,year,CH,country,all,agegroup_anresis,all,pediatrics,upper_respiratory_tract,147895.3,29241.3,99213,1622757,9113.83,2.7,68.3
prescriptions,2024,year,CH,country,all,agegroup_anresis,all,pediatrics,urinary_tract,10655.2,29241.3,99213,1622757,656.61,0.2,4.9
prescriptions,2025,year,CH,country,all,agegroup_anresis,all,general_internal_medicine,lower_respiratory_tract,106496.7,163792.5,461699,7508968,1418.26,0.5,22
prescriptions,2025,year,CH,country,all,agegroup_anresis,all,general_internal_medicine,other,50016.5,163792.5,461699,7508968,666.09,0.2,10.3
prescriptions,2025,year,CH,country,all,agegroup_anresis,all,general_internal_medicine,skin_soft_tissue,72021.5,163792.5,461699,7508968,959.14,0.3,14.9
prescriptions,2025,year,CH,country,all,agegroup_anresis,all,general_internal_medicine,unknown,0,163792.5,461699,7508968,0,0,0
prescriptions,2025,year,CH,country,all,agegroup_anresis,all,general_internal_medicine,upper_respiratory_tract,126255.8,163792.5,461699,7508968,1681.4,0.6,26.1
prescriptions,2025,year,CH,country,all,agegroup_anresis,all,general_internal_medicine,urinary_tract,129739.9,163792.5,461699,7508968,1727.8,0.6,26.8
prescriptions,2025,year,CH,country,all,agegroup_anresis,all,pediatrics,lower_respiratory_tract,12885.5,29511.3,98070,1618157,796.31,0.2,9.3
prescriptions,2025,year,CH,country,all,agegroup_anresis,all,pediatrics,other,2028.8,29511.3,98070,1618157,125.38,0,1.5
prescriptions,2025,year,CH,country,all,agegroup_anresis,all,pediatrics,skin_soft_tissue,16943.1,29511.3,98070,1618157,1047.06,0.3,12.2
prescriptions,2025,year,CH,country,all,agegroup_anresis,all,pediatrics,unknown,0,29511.3,98070,1618157,0,0,0
prescriptions,2025,year,CH,country,all,agegroup_anresis,all,pediatrics,upper_respiratory_tract,99574.6,29511.3,98070,1618157,6153.58,1.9,71.5
prescriptions,2025,year,CH,country,all,agegroup_anresis,all,pediatrics,urinary_tract,7840.9,29511.3,98070,1618157,484.56,0.1,5.6
