dataset_id,check,status,detail
acute_respiratory_infection__sentinella_reporting_system__39c3d853,no_duplicate_rows,PASS,0 duplicated keys
acute_respiratory_infection__sentinella_reporting_system__39c3d853,no_negative_values,PASS,0 negative values
acute_respiratory_infection__sentinella_reporting_system__39c3d853,periods_parseable,PASS,0 unparseable periods
acute_respiratory_infection__sentinella_reporting_system__39c3d853,value_present,PASS,7% of values missing
acute_respiratory_infection__sentinella_reporting_system__39c3d853,year_equals_sum_of_months,PASS,0/6 years differ >2% (max 0.0%)
aids__mandatory_reporting_system__906ec0d7,no_duplicate_rows,PASS,0 duplicated keys
aids__mandatory_reporting_system__906ec0d7,no_negative_values,PASS,0 negative values
aids__mandatory_reporting_system__906ec0d7,periods_parseable,PASS,0 unparseable periods
aids__mandatory_reporting_system__906ec0d7,value_present,PASS,0% of values missing
campylobacteriosis__mandatory_reporting_system__19b91592,no_duplicate_rows,PASS,0 duplicated keys
campylobacteriosis__mandatory_reporting_system__19b91592,no_negative_values,PASS,0 negative values
campylobacteriosis__mandatory_reporting_system__19b91592,periods_parseable,PASS,0 unparseable periods
campylobacteriosis__mandatory_reporting_system__19b91592,value_present,PASS,3% of values missing
campylobacteriosis__mandatory_reporting_system__19b91592,year_equals_sum_of_months,PASS,0/13 years differ >2% (max 0.0%)
campylobacteriosis__mandatory_reporting_system__19b91592,cantons_sum_to_national,PASS,0/13 years differ >5% (max 0.7%)
chlamydiosis__mandatory_reporting_system__33301a7f,no_duplicate_rows,PASS,0 duplicated keys
chlamydiosis__mandatory_reporting_system__33301a7f,no_negative_values,PASS,0 negative values
chlamydiosis__mandatory_reporting_system__33301a7f,periods_parseable,PASS,0 unparseable periods
chlamydiosis__mandatory_reporting_system__33301a7f,value_present,PASS,0% of values missing
chlamydiosis__mandatory_reporting_system__33301a7f,year_equals_sum_of_months,PASS,0/13 years differ >2% (max 0.0%)
covid19__mandatory_reporting_system__88438743,no_duplicate_rows,PASS,0 duplicated keys
covid19__mandatory_reporting_system__88438743,no_negative_values,PASS,0 negative values
covid19__mandatory_reporting_system__88438743,periods_parseable,PASS,0 unparseable periods
covid19__mandatory_reporting_system__88438743,value_present,PASS,0% of values missing
covid19__mandatory_reporting_system__88438743,year_equals_sum_of_months,PASS,0/6 years differ >2% (max 0.0%)
covid19__swiss_pathogen_surveillance_platform__8440ae29,no_duplicate_rows,PASS,0 duplicated keys
covid19__swiss_pathogen_surveillance_platform__8440ae29,no_negative_values,PASS,0 negative values
covid19__swiss_pathogen_surveillance_platform__8440ae29,periods_parseable,PASS,0 unparseable periods
covid19__swiss_pathogen_surveillance_platform__8440ae29,value_present,PASS,0% of values missing
ehec__mandatory_reporting_system__8f9109a4,no_duplicate_rows,PASS,0 duplicated keys
ehec__mandatory_reporting_system__8f9109a4,no_negative_values,PASS,0 negative values
ehec__mandatory_reporting_system__8f9109a4,periods_parseable,PASS,0 unparseable periods
ehec__mandatory_reporting_system__8f9109a4,value_present,PASS,3% of values missing
ehec__mandatory_reporting_system__8f9109a4,year_equals_sum_of_months,PASS,0/13 years differ >2% (max 0.0%)
ehec__mandatory_reporting_system__8f9109a4,cantons_sum_to_national,PASS,0/13 years differ >5% (max 1.6%)
gonorrhea__mandatory_reporting_system__e8da3a7b,no_duplicate_rows,PASS,0 duplicated keys
gonorrhea__mandatory_reporting_system__e8da3a7b,no_negative_values,PASS,0 negative values
gonorrhea__mandatory_reporting_system__e8da3a7b,periods_parseable,PASS,0 unparseable periods
gonorrhea__mandatory_reporting_system__e8da3a7b,value_present,PASS,0% of values missing
gonorrhea__mandatory_reporting_system__e8da3a7b,year_equals_sum_of_months,PASS,0/13 years differ >2% (max 0.0%)
hepatitis_a__mandatory_reporting_system__af364adc,no_duplicate_rows,PASS,0 duplicated keys
hepatitis_a__mandatory_reporting_system__af364adc,no_negative_values,PASS,0 negative values
hepatitis_a__mandatory_reporting_system__af364adc,periods_parseable,PASS,0 unparseable periods
hepatitis_a__mandatory_reporting_system__af364adc,value_present,PASS,3% of values missing
hepatitis_a__mandatory_reporting_system__af364adc,year_equals_sum_of_months,PASS,0/13 years differ >2% (max 0.0%)
hepatitis_a__mandatory_reporting_system__af364adc,cantons_sum_to_national,PASS,0/13 years differ >5% (max 4.3%)
hepatitis_b__mandatory_reporting_system__efca8a94,no_duplicate_rows,PASS,0 duplicated keys
hepatitis_b__mandatory_reporting_system__efca8a94,no_negative_values,PASS,0 negative values
hepatitis_b__mandatory_reporting_system__efca8a94,periods_parseable,PASS,0 unparseable periods
hepatitis_b__mandatory_reporting_system__efca8a94,value_present,PASS,0% of values missing
hepatitis_b__mandatory_reporting_system__efca8a94,year_equals_sum_of_months,PASS,0/13 years differ >2% (max 0.0%)
hepatitis_c__mandatory_reporting_system__dafc8271,no_duplicate_rows,PASS,0 duplicated keys
hepatitis_c__mandatory_reporting_system__dafc8271,no_negative_values,PASS,0 negative values
hepatitis_c__mandatory_reporting_system__dafc8271,periods_parseable,PASS,0 unparseable periods
hepatitis_c__mandatory_reporting_system__dafc8271,value_present,PASS,0% of values missing
hepatitis_c__mandatory_reporting_system__dafc8271,year_equals_sum_of_months,PASS,0/13 years differ >2% (max 0.0%)
hepatitis_e__mandatory_reporting_system__9f9612b8,no_duplicate_rows,PASS,0 duplicated keys
hepatitis_e__mandatory_reporting_system__9f9612b8,no_negative_values,PASS,0 negative values
hepatitis_e__mandatory_reporting_system__9f9612b8,periods_parseable,PASS,0 unparseable periods
hepatitis_e__mandatory_reporting_system__9f9612b8,value_present,PASS,4% of values missing
hepatitis_e__mandatory_reporting_system__9f9612b8,year_equals_sum_of_months,PASS,0/8 years differ >2% (max 0.0%)
hepatitis_e__mandatory_reporting_system__9f9612b8,cantons_sum_to_national,PASS,0/8 years differ >5% (max 1.3%)
hiv__mandatory_reporting_system__a382cd7f,no_duplicate_rows,PASS,0 duplicated keys
hiv__mandatory_reporting_system__a382cd7f,no_negative_values,PASS,0 negative values
hiv__mandatory_reporting_system__a382cd7f,periods_parseable,PASS,0 unparseable periods
hiv__mandatory_reporting_system__a382cd7f,value_present,PASS,0% of values missing
hiv__mandatory_reporting_system__a382cd7f,year_equals_sum_of_months,PASS,0/13 years differ >2% (max 0.0%)
influenza-like_illness__sentinella_reporting_system__880cad3c,no_duplicate_rows,PASS,0 duplicated keys
influenza-like_illness__sentinella_reporting_system__880cad3c,no_negative_values,PASS,0 negative values
influenza-like_illness__sentinella_reporting_system__880cad3c,periods_parseable,PASS,0 unparseable periods
influenza-like_illness__sentinella_reporting_system__880cad3c,value_present,PASS,18% of values missing
influenza-like_illness__sentinella_reporting_system__880cad3c,year_equals_sum_of_months,PASS,0/13 years differ >2% (max 0.0%)
influenza__mandatory_reporting_system__b9997336,no_duplicate_rows,PASS,0 duplicated keys
influenza__mandatory_reporting_system__b9997336,no_negative_values,PASS,0 negative values
influenza__mandatory_reporting_system__b9997336,periods_parseable,PASS,0 unparseable periods
influenza__mandatory_reporting_system__b9997336,value_present,PASS,0% of values missing
influenza__mandatory_reporting_system__b9997336,year_equals_sum_of_months,PASS,0/13 years differ >2% (max 0.0%)
lyme_borreliosis__sentinella_reporting_system__86357493,no_duplicate_rows,PASS,0 duplicated keys
lyme_borreliosis__sentinella_reporting_system__86357493,no_negative_values,PASS,0 negative values
lyme_borreliosis__sentinella_reporting_system__86357493,periods_parseable,PASS,0 unparseable periods
lyme_borreliosis__sentinella_reporting_system__86357493,value_present,PASS,0% of values missing
lyme_borreliosis__sentinella_reporting_system__86357493,year_equals_sum_of_months,PASS,0/26 years differ >2% (max 0.0%)
respiratory_pathogens__national_reference_center_for_influenza__32f85c96,no_duplicate_rows,PASS,0 duplicated keys
respiratory_pathogens__national_reference_center_for_influenza__32f85c96,no_negative_values,PASS,0 negative values
respiratory_pathogens__national_reference_center_for_influenza__32f85c96,periods_parseable,PASS,0 unparseable periods
respiratory_pathogens__national_reference_center_for_influenza__32f85c96,value_present,PASS,0% of values missing
shigellosis__mandatory_reporting_system__f3b6c8f5,no_duplicate_rows,PASS,0 duplicated keys
shigellosis__mandatory_reporting_system__f3b6c8f5,no_negative_values,PASS,0 negative values
shigellosis__mandatory_reporting_system__f3b6c8f5,periods_parseable,PASS,0 unparseable periods
shigellosis__mandatory_reporting_system__f3b6c8f5,value_present,PASS,3% of values missing
shigellosis__mandatory_reporting_system__f3b6c8f5,year_equals_sum_of_months,PASS,0/13 years differ >2% (max 0.0%)
shigellosis__mandatory_reporting_system__f3b6c8f5,cantons_sum_to_national,PASS,0/13 years differ >5% (max 1.5%)
wastewater_sequencing__swiss_federal_institute_of_technology__ca4ca4fc,no_duplicate_rows,PASS,0 duplicated keys
wastewater_sequencing__swiss_federal_institute_of_technology__ca4ca4fc,no_negative_values,PASS,0 negative values
wastewater_sequencing__swiss_federal_institute_of_technology__ca4ca4fc,periods_parseable,PASS,0 unparseable periods
wastewater_sequencing__swiss_federal_institute_of_technology__ca4ca4fc,value_present,WARN,100% of values missing
wastewater_viral_load__swiss_federal_institute_of_aquatic_science_and_technology__98e92f9a,no_duplicate_rows,PASS,0 duplicated keys
wastewater_viral_load__swiss_federal_institute_of_aquatic_science_and_technology__98e92f9a,no_negative_values,PASS,0 negative values
wastewater_viral_load__swiss_federal_institute_of_aquatic_science_and_technology__98e92f9a,periods_parseable,PASS,0 unparseable periods
wastewater_viral_load__swiss_federal_institute_of_aquatic_science_and_technology__98e92f9a,value_present,WARN,53% of values missing
