source_file,metadata_file,sha256,dataset_id,topic,source_system,publishing_date,rows,status
/tmp/w/data/Data/AIDS_oblig/data.csv,/tmp/w/data/Data/AIDS_oblig/metadata.json,906ec0d77eba7d1d8b75e3d451e822230fe416c55f0ffbb419e3ab6ee2a3c1fb,aids__mandatory_reporting_system__906ec0d7,aids,mandatory_reporting_system,2026-09-02,13.0,ok
/tmp/w/data/Data/AIDS_oblig (1)/data.csv,/tmp/w/data/Data/AIDS_oblig (1)/metadata.json,906ec0d77eba7d1d8b75e3d451e822230fe416c55f0ffbb419e3ab6ee2a3c1fb,aids__mandatory_reporting_system__906ec0d7,,,,,duplicate_skipped
/tmp/w/data/Data/CAMPYLOBACTERIOSIS_oblig/data.csv,/tmp/w/data/Data/CAMPYLOBACTERIOSIS_oblig/metadata.json,19b915920c0f6ffc6fa456300ab5138b98b180d38ce5a29bc959ece7d414503b,campylobacteriosis__mandatory_reporting_system__19b91592,campylobacteriosis,mandatory_reporting_system,2026-09-09,755.0,ok
/tmp/w/data/Data/CHLAMYDIOSIS_oblig/data.csv,/tmp/w/data/Data/CHLAMYDIOSIS_oblig/metadata.json,33301a7f552e26c546e2c27f0f4a73dc5bfa664eb06967a996d7c0553af2d3f8,chlamydiosis__mandatory_reporting_system__33301a7f,chlamydiosis,mandatory_reporting_system,2026-09-02,783.0,ok
/tmp/w/data/Data/COVID19_genomic_surveillance/data.csv,/tmp/w/data/Data/COVID19_genomic_surveillance/metadata.json,8440ae29f194fdd5cdd7adcdcd922aa76ffcad1e299d3a12424034da4aa3fb86,covid19__swiss_pathogen_surveillance_platform__8440ae29,covid19,swiss_pathogen_surveillance_platform,2026-09-30,198.0,ok
/tmp/w/data/Data/COVID19_oblig/data.csv,/tmp/w/data/Data/COVID19_oblig/metadata.json,884387436099e6982a6c5da6e0a765666bf62599a9789961acdd4947091de185,covid19__mandatory_reporting_system__88438743,covid19,mandatory_reporting_system,2026-09-30,13501.0,ok
/tmp/w/data/Data/COVID19_oblig (1)/data.csv,/tmp/w/data/Data/COVID19_oblig (1)/metadata.json,884387436099e6982a6c5da6e0a765666bf62599a9789961acdd4947091de185,covid19__mandatory_reporting_system__88438743,,,,,duplicate_skipped
/tmp/w/data/Data/COVID19_oblig (2)/data.csv,/tmp/w/data/Data/COVID19_oblig (2)/metadata.json,884387436099e6982a6c5da6e0a765666bf62599a9789961acdd4947091de185,covid19__mandatory_reporting_system__88438743,,,,,duplicate_skipped
/tmp/w/data/Data/COVID19_sentinella/data.csv,/tmp/w/data/Data/COVID19_sentinella/metadata.json,39c3d85333675c70de4820b7046efe72ae7f7f5821ac1205a694bdd9e6bcec04,acute_respiratory_infection__sentinella_reporting_system__39c3d853,acute_respiratory_infection,sentinella_reporting_system,2026-09-30,5229.0,ok
/tmp/w/data/Data/COVID19_sentinella (1)/data.csv,/tmp/w/data/Data/COVID19_sentinella (1)/metadata.json,39c3d85333675c70de4820b7046efe72ae7f7f5821ac1205a694bdd9e6bcec04,acute_respiratory_infection__sentinella_reporting_system__39c3d853,,,,,duplicate_skipped
/tmp/w/data/Data/COVID19_sentinella (2)/data.csv,/tmp/w/data/Data/COVID19_sentinella (2)/metadata.json,39c3d85333675c70de4820b7046efe72ae7f7f5821ac1205a694bdd9e6bcec04,acute_respiratory_infection__sentinella_reporting_system__39c3d853,,,,,duplicate_skipped
/tmp/w/data/Data/COVID19_wastewater_sequencing/data.csv,/tmp/w/data/Data/COVID19_wastewater_sequencing/metadata.json,ca4ca4fc3a11d6ee919116d7c9bf8e9c058eed4d605eea3cace2ea8376e4afc2,wastewater_sequencing__swiss_federal_institute_of_technology__ca4ca4fc,wastewater_sequencing,swiss_federal_institute_of_technology,2026-09-30,226596.0,ok
/tmp/w/data/Data/EHEC_oblig/data.csv,/tmp/w/data/Data/EHEC_oblig/metadata.json,8f9109a49ed04e697191fcc302176c37e5f5a66478749d9bcfef2c21e578c73f,ehec__mandatory_reporting_system__8f9109a4,ehec,mandatory_reporting_system,2026-09-09,771.0,ok
/tmp/w/data/Data/GONORRHEA_oblig/data.csv,/tmp/w/data/Data/GONORRHEA_oblig/metadata.json,e8da3a7b21d8a58929726e1230a80d9225563563280cf857c9aea190afd53407,gonorrhea__mandatory_reporting_system__e8da3a7b,gonorrhea,mandatory_reporting_system,2026-09-02,777.0,ok
/tmp/w/data/Data/HEPATITIS_A_oblig/data.csv,/tmp/w/data/Data/HEPATITIS_A_oblig/metadata.json,af364adc8c31f0256cefc3b275a4fd443f387b4efeac97820f26c081710ff94a,hepatitis_a__mandatory_reporting_system__af364adc,hepatitis_a,mandatory_reporting_system,2026-09-09,745.0,ok
/tmp/w/data/Data/HEPATITIS_B_oblig/data.csv,/tmp/w/data/Data/HEPATITIS_B_oblig/metadata.json,efca8a94f34e227f06a27691417d0a44aef1acd2ec3dc39bae1093446f36634a,hepatitis_b__mandatory_reporting_system__efca8a94,hepatitis_b,mandatory_reporting_system,2026-09-02,829.0,ok
/tmp/w/data/Data/HEPATITIS_C_oblig/data.csv,/tmp/w/data/Data/HEPATITIS_C_oblig/metadata.json,dafc82712a5261d499802187abf8b80ffa1f1b68c2a247bcabd9ffcab2f76332,hepatitis_c__mandatory_reporting_system__dafc8271,hepatitis_c,mandatory_reporting_system,2026-09-02,829.0,ok
/tmp/w/data/Data/HEPATITIS_E_oblig/data.csv,/tmp/w/data/Data/HEPATITIS_E_oblig/metadata.json,9f9612b834280eab711a73c2a38dae0affb51d0c33847f7a9a978608fa4331bd,hepatitis_e__mandatory_reporting_system__9f9612b8,hepatitis_e,mandatory_reporting_system,2026-09-09,536.0,ok
/tmp/w/data/Data/HIV_oblig/data.csv,/tmp/w/data/Data/HIV_oblig/metadata.json,a382cd7fa6bd50a8dd62088af4b99a20ba72460a5d5e6c30f44075935e030968,hiv__mandatory_reporting_system__a382cd7f,hiv,mandatory_reporting_system,2026-09-02,777.0,ok
/tmp/w/data/Data/HIV_oblig (1)/data.csv,/tmp/w/data/Data/HIV_oblig (1)/metadata.json,a382cd7fa6bd50a8dd62088af4b99a20ba72460a5d5e6c30f44075935e030968,hiv__mandatory_reporting_system__a382cd7f,,,,,duplicate_skipped
/tmp/w/data/Data/INFLUENZA_oblig/data.csv,/tmp/w/data/Data/INFLUENZA_oblig/metadata.json,b99973369aad25e243c3ad8e17ee112c29c72f18eb2e715a3f2fb5d091d7a1ad,influenza__mandatory_reporting_system__b9997336,influenza,mandatory_reporting_system,2026-09-30,31028.0,ok
/tmp/w/data/Data/INFLUENZA_oblig (1)/data.csv,/tmp/w/data/Data/INFLUENZA_oblig (1)/metadata.json,b99973369aad25e243c3ad8e17ee112c29c72f18eb2e715a3f2fb5d091d7a1ad,influenza__mandatory_reporting_system__b9997336,,,,,duplicate_skipped
/tmp/w/data/Data/INFLUENZA_oblig (2)/data.csv,/tmp/w/data/Data/INFLUENZA_oblig (2)/metadata.json,b99973369aad25e243c3ad8e17ee112c29c72f18eb2e715a3f2fb5d091d7a1ad,influenza__mandatory_reporting_system__b9997336,,,,,duplicate_skipped
/tmp/w/data/Data/INFLUENZA_sentinella/data.csv,/tmp/w/data/Data/INFLUENZA_sentinella/metadata.json,880cad3cb3d996018678b50bb971968e3f062123cf285f2a8958c748d91fdc06,influenza-like_illness__sentinella_reporting_system__880cad3c,influenza-like_illness,sentinella_reporting_system,2026-09-30,12366.0,ok
/tmp/w/data/Data/INFLUENZA_sentinella (1)/data.csv,/tmp/w/data/Data/INFLUENZA_sentinella (1)/metadata.json,880cad3cb3d996018678b50bb971968e3f062123cf285f2a8958c748d91fdc06,influenza-like_illness__sentinella_reporting_system__880cad3c,,,,,duplicate_skipped
/tmp/w/data/Data/INFLUENZA_sentinella (2)/data.csv,/tmp/w/data/Data/INFLUENZA_sentinella (2)/metadata.json,880cad3cb3d996018678b50bb971968e3f062123cf285f2a8958c748d91fdc06,influenza-like_illness__sentinella_reporting_system__880cad3c,,,,,duplicate_skipped
/tmp/w/data/Data/LYME_sentinella/data.csv,/tmp/w/data/Data/LYME_sentinella/metadata.json,86357493561be809fa850e49fd6d725da1136a1a5fea57d0fb5ed185e4209e40,lyme_borreliosis__sentinella_reporting_system__86357493,lyme_borreliosis,sentinella_reporting_system,2026-09-16,522.0,ok
/tmp/w/data/Data/RESPVIRUSES_sentinella/data.csv,/tmp/w/data/Data/RESPVIRUSES_sentinella/metadata.json,32f85c96135a700de620fde207e2e6703ec6fb76e5abbd3e70069b6528df045f,respiratory_pathogens__national_reference_center_for_influenza__32f85c96,respiratory_pathogens,national_reference_center_for_influenza,2026-09-30,5008.0,ok
/tmp/w/data/Data/RESPVIRUSES_sentinella (1)/data.csv,/tmp/w/data/Data/RESPVIRUSES_sentinella (1)/metadata.json,32f85c96135a700de620fde207e2e6703ec6fb76e5abbd3e70069b6528df045f,respiratory_pathogens__national_reference_center_for_influenza__32f85c96,,,,,duplicate_skipped
/tmp/w/data/Data/RESPVIRUSES_sentinella (2)/data.csv,/tmp/w/data/Data/RESPVIRUSES_sentinella (2)/metadata.json,32f85c96135a700de620fde207e2e6703ec6fb76e5abbd3e70069b6528df045f,respiratory_pathogens__national_reference_center_for_influenza__32f85c96,,,,,duplicate_skipped
/tmp/w/data/Data/RESPVIRUSES_sentinella (3)/data.csv,/tmp/w/data/Data/RESPVIRUSES_sentinella (3)/metadata.json,32f85c96135a700de620fde207e2e6703ec6fb76e5abbd3e70069b6528df045f,respiratory_pathogens__national_reference_center_for_influenza__32f85c96,,,,,duplicate_skipped
/tmp/w/data/Data/RESPVIRUSES_wastewater (1)/RESPVIRUSES_wastewater (3)/data.csv,/tmp/w/data/Data/RESPVIRUSES_wastewater (1)/RESPVIRUSES_wastewater (3)/metadata.json,98e92f9a90204b1d06955797ea94021be7973e4d8a297bba483731f865051f04,wastewater_viral_load__swiss_federal_institute_of_aquatic_science_and_technology__98e92f9a,wastewater_viral_load,swiss_federal_institute_of_aquatic_science_and_technology,2026-09-30,74580.0,ok
/tmp/w/data/Data/RESPVIRUSES_wastewater (1)/SHIGELLOSIS_oblig/data.csv,/tmp/w/data/Data/RESPVIRUSES_wastewater (1)/SHIGELLOSIS_oblig/metadata.json,f3b6c8f59d399934990b638e6c1194d0d3ca26bde0f9f8ba1fa85b888e74ad1c,shigellosis__mandatory_reporting_system__f3b6c8f5,shigellosis,mandatory_reporting_system,2026-09-09,745.0,ok
/tmp/w/data/Data/RESPVIRUSES_wastewater (1)/data.csv,/tmp/w/data/Data/RESPVIRUSES_wastewater (1)/metadata.json,98e92f9a90204b1d06955797ea94021be7973e4d8a297bba483731f865051f04,wastewater_viral_load__swiss_federal_institute_of_aquatic_science_and_technology__98e92f9a,,,,,duplicate_skipped
/tmp/w/data/Data/RESPVIRUSES_wastewater (2)/data.csv,/tmp/w/data/Data/RESPVIRUSES_wastewater (2)/metadata.json,98e92f9a90204b1d06955797ea94021be7973e4d8a297bba483731f865051f04,wastewater_viral_load__swiss_federal_institute_of_aquatic_science_and_technology__98e92f9a,,,,,duplicate_skipped
/tmp/w/data/Data/RESPVIRUSES_wastewater (3)/data.csv,/tmp/w/data/Data/RESPVIRUSES_wastewater (3)/metadata.json,98e92f9a90204b1d06955797ea94021be7973e4d8a297bba483731f865051f04,wastewater_viral_load__swiss_federal_institute_of_aquatic_science_and_technology__98e92f9a,,,,,duplicate_skipped
/tmp/w/data/Data/SHIGELLOSIS_oblig/data.csv,/tmp/w/data/Data/SHIGELLOSIS_oblig/metadata.json,f3b6c8f59d399934990b638e6c1194d0d3ca26bde0f9f8ba1fa85b888e74ad1c,shigellosis__mandatory_reporting_system__f3b6c8f5,,,,,duplicate_skipped
