disease,pathogen_class,system,measure,2019,2021,2022,2023,2024,2025,change_pct,vs_ref_pct,inc100k_last,peak_year,trend,dataset_id,source_file
AIDS,viral,mandatory_reporting_system,cases,72.0,41.0,40.0,40.0,47.0,32.0,-21.951219512195124,-55.55555555555556,0.3519610555092079,2024,falling,aids__mandatory_reporting_system__906ec0d7,/tmp/w/data/Data/AIDS_oblig/data.csv
COVID-19,viral,mandatory_reporting_system,cases,,900839.0,3045024.0,67951.0,28389.0,13740.0,-98.47475520042983,,151.12327820926615,2022,falling,covid19__mandatory_reporting_system__88438743,/tmp/w/data/Data/COVID19_oblig/data.csv
HIV,viral,mandatory_reporting_system,cases,409.0,304.0,349.0,389.0,358.0,387.0,27.302631578947366,-5.378973105134474,4.2565290150644834,2023,rising,hiv__mandatory_reporting_system__a382cd7f,/tmp/w/data/Data/HIV_oblig/data.csv
Hepatitis A,viral,mandatory_reporting_system,cases,81.0,47.0,50.0,60.0,65.0,82.0,74.46808510638297,1.2345679012345678,0.9019002047423452,2025,rising,hepatitis_a__mandatory_reporting_system__af364adc,/tmp/w/data/Data/HEPATITIS_A_oblig/data.csv
Hepatitis B,viral,mandatory_reporting_system,cases,1094.0,969.0,1086.0,1116.0,1199.0,1144.0,18.059855521155832,4.570383912248629,12.582607734454182,2024,rising,hepatitis_b__mandatory_reporting_system__efca8a94,/tmp/w/data/Data/HEPATITIS_B_oblig/data.csv
Hepatitis C,viral,mandatory_reporting_system,cases,1008.0,900.0,1027.0,1040.0,1048.0,924.0,2.666666666666667,-8.333333333333332,10.16287547782838,2024,stable,hepatitis_c__mandatory_reporting_system__dafc8271,/tmp/w/data/Data/HEPATITIS_C_oblig/data.csv
Hepatitis E,viral,mandatory_reporting_system,cases,111.0,165.0,78.0,77.0,86.0,85.0,-48.484848484848484,-23.423423423423422,0.9348965536963336,2021,falling,hepatitis_e__mandatory_reporting_system__9f9612b8,/tmp/w/data/Data/HEPATITIS_E_oblig/data.csv
Influenza,viral,mandatory_reporting_system,cases,14069.0,440.0,23466.0,17253.0,20766.0,34984.0,7850.909090909092,148.66017485251263,384.7814239354415,2025,rising,influenza__mandatory_reporting_system__b9997336,/tmp/w/data/Data/INFLUENZA_oblig/data.csv
Campylobacteriosis,bacterial,mandatory_reporting_system,cases,7253.0,6802.0,7645.0,6784.0,8360.0,8716.0,28.138782710967362,20.170963739142426,95.8653924943205,2025,rising,campylobacteriosis__mandatory_reporting_system__19b91592,/tmp/w/data/Data/CAMPYLOBACTERIOSIS_oblig/data.csv
Chlamydia,bacterial,mandatory_reporting_system,cases,12409.0,12335.0,13131.0,12790.0,12827.0,12707.0,3.0158086745034454,2.401482794745749,139.76153538610953,2022,stable,chlamydiosis__mandatory_reporting_system__33301a7f,/tmp/w/data/Data/CHLAMYDIOSIS_oblig/data.csv
EHEC,bacterial,mandatory_reporting_system,cases,970.0,947.0,1205.0,1239.0,1392.0,1446.0,52.692713833157335,49.072164948453604,15.904240195822332,2025,rising,ehec__mandatory_reporting_system__8f9109a4,/tmp/w/data/Data/EHEC_oblig/data.csv
Gonorrhoea,bacterial,mandatory_reporting_system,cases,3942.0,4088.0,5127.0,6091.0,6868.0,6894.0,68.63992172211351,74.88584474885845,75.82560989626498,2025,rising,gonorrhea__mandatory_reporting_system__e8da3a7b,/tmp/w/data/Data/GONORRHEA_oblig/data.csv
Lyme borreliosis,bacterial,sentinella_reporting_system,cases,10155.1,8401.5,8621.4,8353.7,11101.1,13157.5,56.60893887996191,29.565440025209007,145.37021149749933,2025,rising,lyme_borreliosis__sentinella_reporting_system__86357493,/tmp/w/data/Data/LYME_sentinella/data.csv
Shigellosis,bacterial,mandatory_reporting_system,cases,214.0,99.0,192.0,189.0,202.0,232.0,134.34343434343435,8.411214953271028,2.5517176524417575,2025,rising,shigellosis__mandatory_reporting_system__f3b6c8f5,/tmp/w/data/Data/RESPVIRUSES_wastewater (1)/SHIGELLOSIS_oblig/data.csv
