dataset_id,column,role,reason
aids__mandatory_reporting_system__906ec0d7,temporal,time,metadata.temporalVariables
aids__mandatory_reporting_system__906ec0d7,temporal_type,time_type,metadata.temporalVariables
aids__mandatory_reporting_system__906ec0d7,valueCategory,measure_name,metadata.valueCategory
aids__mandatory_reporting_system__906ec0d7,georegion,place,metadata.groupingVariables
aids__mandatory_reporting_system__906ec0d7,georegion_type,place_type,metadata.groupingVariables
aids__mandatory_reporting_system__906ec0d7,agegroup,age,metadata.groupingVariables
aids__mandatory_reporting_system__906ec0d7,agegroup_type,age_type,metadata.groupingVariables
aids__mandatory_reporting_system__906ec0d7,sex,sex,metadata.groupingVariables
aids__mandatory_reporting_system__906ec0d7,value,value,metadata.valueVariables
aids__mandatory_reporting_system__906ec0d7,valueMean3y,derived_value,metadata.valueVariables
aids__mandatory_reporting_system__906ec0d7,pop,value,metadata.valueVariables
aids__mandatory_reporting_system__906ec0d7,incValue,value,metadata.valueVariables
aids__mandatory_reporting_system__906ec0d7,deltaValue,derived_value,metadata.valueVariables
aids__mandatory_reporting_system__906ec0d7,deltaIncValue,derived_value,metadata.valueVariables
aids__mandatory_reporting_system__906ec0d7,incValuePrctChange,derived_value,metadata.valueVariables
aids__mandatory_reporting_system__906ec0d7,valueMean5y,derived_value,metadata.valueVariables
aids__mandatory_reporting_system__906ec0d7,trend,annotation,"few distinct text values, not a metadata grouping"
aids__mandatory_reporting_system__906ec0d7,dataComplete,annotation,"few distinct text values, not a metadata grouping"
campylobacteriosis__mandatory_reporting_system__19b91592,temporal,time,metadata.temporalVariables
campylobacteriosis__mandatory_reporting_system__19b91592,temporal_type,time_type,metadata.temporalVariables
campylobacteriosis__mandatory_reporting_system__19b91592,valueCategory,measure_name,metadata.valueCategory
campylobacteriosis__mandatory_reporting_system__19b91592,georegion,place,metadata.groupingVariables
campylobacteriosis__mandatory_reporting_system__19b91592,georegion_type,place_type,metadata.groupingVariables
campylobacteriosis__mandatory_reporting_system__19b91592,agegroup,age,metadata.groupingVariables
campylobacteriosis__mandatory_reporting_system__19b91592,agegroup_type,age_type,metadata.groupingVariables
campylobacteriosis__mandatory_reporting_system__19b91592,sex,sex,metadata.groupingVariables
campylobacteriosis__mandatory_reporting_system__19b91592,value,value,metadata.valueVariables
campylobacteriosis__mandatory_reporting_system__19b91592,valueYearCumSum,derived_value,metadata.valueVariables
campylobacteriosis__mandatory_reporting_system__19b91592,valueMean3y,derived_value,metadata.valueVariables
campylobacteriosis__mandatory_reporting_system__19b91592,pop,value,metadata.valueVariables
campylobacteriosis__mandatory_reporting_system__19b91592,prct,value,metadata.valueVariables
campylobacteriosis__mandatory_reporting_system__19b91592,incValue,value,metadata.valueVariables
campylobacteriosis__mandatory_reporting_system__19b91592,deltaValue,derived_value,metadata.valueVariables
campylobacteriosis__mandatory_reporting_system__19b91592,deltaIncValue,derived_value,metadata.valueVariables
campylobacteriosis__mandatory_reporting_system__19b91592,incValuePrctChange,derived_value,metadata.valueVariables
campylobacteriosis__mandatory_reporting_system__19b91592,valueMean5y,derived_value,metadata.valueVariables
campylobacteriosis__mandatory_reporting_system__19b91592,trend,annotation,"few distinct text values, not a metadata grouping"
campylobacteriosis__mandatory_reporting_system__19b91592,dataComplete,annotation,"few distinct text values, not a metadata grouping"
chlamydiosis__mandatory_reporting_system__33301a7f,temporal,time,metadata.temporalVariables
chlamydiosis__mandatory_reporting_system__33301a7f,temporal_type,time_type,metadata.temporalVariables
chlamydiosis__mandatory_reporting_system__33301a7f,valueCategory,measure_name,metadata.valueCategory
chlamydiosis__mandatory_reporting_system__33301a7f,georegion,place,metadata.groupingVariables
chlamydiosis__mandatory_reporting_system__33301a7f,georegion_type,place_type,metadata.groupingVariables
chlamydiosis__mandatory_reporting_system__33301a7f,agegroup,age,metadata.groupingVariables
chlamydiosis__mandatory_reporting_system__33301a7f,agegroup_type,age_type,metadata.groupingVariables
chlamydiosis__mandatory_reporting_system__33301a7f,sex,sex,metadata.groupingVariables
chlamydiosis__mandatory_reporting_system__33301a7f,value,value,metadata.valueVariables
chlamydiosis__mandatory_reporting_system__33301a7f,valueYearCumSum,derived_value,metadata.valueVariables
chlamydiosis__mandatory_reporting_system__33301a7f,valueMean3y,derived_value,metadata.valueVariables
chlamydiosis__mandatory_reporting_system__33301a7f,pop,value,metadata.valueVariables
chlamydiosis__mandatory_reporting_system__33301a7f,prct,value,metadata.valueVariables
chlamydiosis__mandatory_reporting_system__33301a7f,incValue,value,metadata.valueVariables
chlamydiosis__mandatory_reporting_system__33301a7f,incValueMean3m,derived_value,metadata.valueVariables
chlamydiosis__mandatory_reporting_system__33301a7f,deltaValue,derived_value,metadata.valueVariables
chlamydiosis__mandatory_reporting_system__33301a7f,deltaIncValue,derived_value,metadata.valueVariables
chlamydiosis__mandatory_reporting_system__33301a7f,incValuePrctChange,derived_value,metadata.valueVariables
chlamydiosis__mandatory_reporting_system__33301a7f,valueMean5y,derived_value,metadata.valueVariables
chlamydiosis__mandatory_reporting_system__33301a7f,trend,annotation,"few distinct text values, not a metadata grouping"
chlamydiosis__mandatory_reporting_system__33301a7f,dataComplete,annotation,"few distinct text values, not a metadata grouping"
covid19__swiss_pathogen_surveillance_platform__8440ae29,temporal,time,metadata.temporalVariables
covid19__swiss_pathogen_surveillance_platform__8440ae29,temporal_type,time_type,metadata.temporalVariables
covid19__swiss_pathogen_surveillance_platform__8440ae29,valueCategory,measure_name,metadata.valueCategory
covid19__swiss_pathogen_surveillance_platform__8440ae29,georegion,place,metadata.groupingVariables
covid19__swiss_pathogen_surveillance_platform__8440ae29,georegion_type,place_type,metadata.groupingVariables
covid19__swiss_pathogen_surveillance_platform__8440ae29,subtype,breakdown,metadata.groupingVariables
covid19__swiss_pathogen_surveillance_platform__8440ae29,testResult,breakdown,metadata.groupingVariables
covid19__swiss_pathogen_surveillance_platform__8440ae29,testResult_type,breakdown_type,metadata.groupingVariables
covid19__swiss_pathogen_surveillance_platform__8440ae29,value,value,metadata.valueVariables
covid19__swiss_pathogen_surveillance_platform__8440ae29,prct,value,metadata.valueVariables
covid19__swiss_pathogen_surveillance_platform__8440ae29,lowerCi,derived_value,metadata.valueVariables
covid19__swiss_pathogen_surveillance_platform__8440ae29,upperCi,derived_value,metadata.valueVariables
covid19__swiss_pathogen_surveillance_platform__8440ae29,dataComplete,annotation,"few distinct text values, not a metadata grouping"
covid19__mandatory_reporting_system__88438743,temporal,time,metadata.temporalVariables
covid19__mandatory_reporting_system__88438743,temporal_type,time_type,metadata.temporalVariables
covid19__mandatory_reporting_system__88438743,valueCategory,measure_name,metadata.valueCategory
covid19__mandatory_reporting_system__88438743,georegion,place,metadata.groupingVariables
covid19__mandatory_reporting_system__88438743,georegion_type,place_type,metadata.groupingVariables
covid19__mandatory_reporting_system__88438743,agegroup,age,metadata.groupingVariables
covid19__mandatory_reporting_system__88438743,agegroup_type,age_type,metadata.groupingVariables
covid19__mandatory_reporting_system__88438743,sex,sex,metadata.groupingVariables
covid19__mandatory_reporting_system__88438743,testResult,breakdown,metadata.groupingVariables
covid19__mandatory_reporting_system__88438743,testResult_type,breakdown_type,metadata.groupingVariables
covid19__mandatory_reporting_system__88438743,value,value,metadata.valueVariables
covid19__mandatory_reporting_system__88438743,pop,value,metadata.valueVariables
covid19__mandatory_reporting_system__88438743,prct,value,metadata.valueVariables
covid19__mandatory_reporting_system__88438743,incValue,value,metadata.valueVariables
covid19__mandatory_reporting_system__88438743,inc14d,derived_value,metadata.valueVariables
covid19__mandatory_reporting_system__88438743,deltaValue,derived_value,metadata.valueVariables
covid19__mandatory_reporting_system__88438743,deltaIncValue,derived_value,metadata.valueVariables
covid19__mandatory_reporting_system__88438743,incValuePrctChange,derived_value,metadata.valueVariables
covid19__mandatory_reporting_system__88438743,valueMean5y,derived_value,metadata.valueVariables
covid19__mandatory_reporting_system__88438743,trend,annotation,"few distinct text values, not a metadata grouping"
covid19__mandatory_reporting_system__88438743,dataComplete,annotation,"few distinct text values, not a metadata grouping"
acute_respiratory_infection__sentinella_reporting_system__39c3d853,temporal,time,metadata.temporalVariables
acute_respiratory_infection__sentinella_reporting_system__39c3d853,temporal_type,time_type,metadata.temporalVariables
acute_respiratory_infection__sentinella_reporting_system__39c3d853,valueCategory,measure_name,metadata.valueCategory
acute_respiratory_infection__sentinella_reporting_system__39c3d853,georegion,place,metadata.groupingVariables
acute_respiratory_infection__sentinella_reporting_system__39c3d853,georegion_type,place_type,metadata.groupingVariables
acute_respiratory_infection__sentinella_reporting_system__39c3d853,agegroup,age,metadata.groupingVariables
acute_respiratory_infection__sentinella_reporting_system__39c3d853,agegroup_type,age_type,metadata.groupingVariables
acute_respiratory_infection__sentinella_reporting_system__39c3d853,sex,sex,metadata.groupingVariables
acute_respiratory_infection__sentinella_reporting_system__39c3d853,value,value,metadata.valueVariables
acute_respiratory_infection__sentinella_reporting_system__39c3d853,prct,value,metadata.valueVariables
acute_respiratory_infection__sentinella_reporting_system__39c3d853,incValue,value,metadata.valueVariables
acute_respiratory_infection__sentinella_reporting_system__39c3d853,prctConsultations,derived_value,metadata.valueVariables
acute_respiratory_infection__sentinella_reporting_system__39c3d853,popExtrapolation,derived_value,metadata.valueVariables
acute_respiratory_infection__sentinella_reporting_system__39c3d853,totalConsultationsExtrapolation,derived_value,metadata.valueVariables
acute_respiratory_infection__sentinella_reporting_system__39c3d853,deltaValue,derived_value,metadata.valueVariables
acute_respiratory_infection__sentinella_reporting_system__39c3d853,deltaIncValue,derived_value,metadata.valueVariables
acute_respiratory_infection__sentinella_reporting_system__39c3d853,incValuePrctChange,derived_value,metadata.valueVariables
acute_respiratory_infection__sentinella_reporting_system__39c3d853,valueMean5y,derived_value,metadata.valueVariables
acute_respiratory_infection__sentinella_reporting_system__39c3d853,trend,annotation,"few distinct text values, not a metadata grouping"
acute_respiratory_infection__sentinella_reporting_system__39c3d853,dataComplete,annotation,"few distinct text values, not a metadata grouping"
wastewater_sequencing__swiss_federal_institute_of_technology__ca4ca4fc,temporal,time,metadata.temporalVariables
wastewater_sequencing__swiss_federal_institute_of_technology__ca4ca4fc,temporal_type,time_type,metadata.temporalVariables
wastewater_sequencing__swiss_federal_institute_of_technology__ca4ca4fc,valueCategory,measure_name,metadata.valueCategory
wastewater_sequencing__swiss_federal_institute_of_technology__ca4ca4fc,georegion1,place,metadata.groupingVariables
wastewater_sequencing__swiss_federal_institute_of_technology__ca4ca4fc,georegion1_type,place_type,metadata.groupingVariables
wastewater_sequencing__swiss_federal_institute_of_technology__ca4ca4fc,georegion2,place,metadata.groupingVariables
wastewater_sequencing__swiss_federal_institute_of_technology__ca4ca4fc,georegion2_type,place_type,metadata.groupingVariables
wastewater_sequencing__swiss_federal_institute_of_technology__ca4ca4fc,subtype,breakdown,metadata.groupingVariables
wastewater_sequencing__swiss_federal_institute_of_technology__ca4ca4fc,pop,value,metadata.valueVariables
wastewater_sequencing__swiss_federal_institute_of_technology__ca4ca4fc,prct,value,metadata.valueVariables
wastewater_sequencing__swiss_federal_institute_of_technology__ca4ca4fc,lowerCi,derived_value,metadata.valueVariables
wastewater_sequencing__swiss_federal_institute_of_technology__ca4ca4fc,upperCi,derived_value,metadata.valueVariables
wastewater_sequencing__swiss_federal_institute_of_technology__ca4ca4fc,dataInterpolated,annotation,"few distinct text values, not a metadata grouping"
wastewater_sequencing__swiss_federal_institute_of_technology__ca4ca4fc,delayPrct,annotation,"few distinct text values, not a metadata grouping"
wastewater_sequencing__swiss_federal_institute_of_technology__ca4ca4fc,dataExpected,annotation,"few distinct text values, not a metadata grouping"
wastewater_sequencing__swiss_federal_institute_of_technology__ca4ca4fc,methodDateFrom,time,value pattern
wastewater_sequencing__swiss_federal_institute_of_technology__ca4ca4fc,methodDateTo,time,value pattern
wastewater_sequencing__swiss_federal_institute_of_technology__ca4ca4fc,dataComplete,annotation,"few distinct text values, not a metadata grouping"
ehec__mandatory_reporting_system__8f9109a4,temporal,time,metadata.temporalVariables
ehec__mandatory_reporting_system__8f9109a4,temporal_type,time_type,metadata.temporalVariables
ehec__mandatory_reporting_system__8f9109a4,valueCategory,measure_name,metadata.valueCategory
ehec__mandatory_reporting_system__8f9109a4,georegion,place,metadata.groupingVariables
ehec__mandatory_reporting_system__8f9109a4,georegion_type,place_type,metadata.groupingVariables
ehec__mandatory_reporting_system__8f9109a4,agegroup,age,metadata.groupingVariables
ehec__mandatory_reporting_system__8f9109a4,agegroup_type,age_type,metadata.groupingVariables
ehec__mandatory_reporting_system__8f9109a4,sex,sex,metadata.groupingVariables
ehec__mandatory_reporting_system__8f9109a4,type,breakdown,metadata.groupingVariables
ehec__mandatory_reporting_system__8f9109a4,value,value,metadata.valueVariables
ehec__mandatory_reporting_system__8f9109a4,valueYearCumSum,derived_value,metadata.valueVariables
ehec__mandatory_reporting_system__8f9109a4,valueMean3y,derived_value,metadata.valueVariables
ehec__mandatory_reporting_system__8f9109a4,pop,value,metadata.valueVariables
ehec__mandatory_reporting_system__8f9109a4,prct,value,metadata.valueVariables
ehec__mandatory_reporting_system__8f9109a4,incValue,value,metadata.valueVariables
ehec__mandatory_reporting_system__8f9109a4,deltaValue,derived_value,metadata.valueVariables
ehec__mandatory_reporting_system__8f9109a4,deltaIncValue,derived_value,metadata.valueVariables
ehec__mandatory_reporting_system__8f9109a4,incValuePrctChange,derived_value,metadata.valueVariables
ehec__mandatory_reporting_system__8f9109a4,valueMean5y,derived_value,metadata.valueVariables
ehec__mandatory_reporting_system__8f9109a4,trend,annotation,"few distinct text values, not a metadata grouping"
ehec__mandatory_reporting_system__8f9109a4,dataComplete,annotation,"few distinct text values, not a metadata grouping"
gonorrhea__mandatory_reporting_system__e8da3a7b,temporal,time,metadata.temporalVariables
gonorrhea__mandatory_reporting_system__e8da3a7b,temporal_type,time_type,metadata.temporalVariables
gonorrhea__mandatory_reporting_system__e8da3a7b,valueCategory,measure_name,metadata.valueCategory
gonorrhea__mandatory_reporting_system__e8da3a7b,georegion,place,metadata.groupingVariables
gonorrhea__mandatory_reporting_system__e8da3a7b,georegion_type,place_type,metadata.groupingVariables
gonorrhea__mandatory_reporting_system__e8da3a7b,agegroup,age,metadata.groupingVariables
gonorrhea__mandatory_reporting_system__e8da3a7b,agegroup_type,age_type,metadata.groupingVariables
gonorrhea__mandatory_reporting_system__e8da3a7b,sex,sex,metadata.groupingVariables
gonorrhea__mandatory_reporting_system__e8da3a7b,value,value,metadata.valueVariables
gonorrhea__mandatory_reporting_system__e8da3a7b,valueYearCumSum,derived_value,metadata.valueVariables
gonorrhea__mandatory_reporting_system__e8da3a7b,valueMean3y,derived_value,metadata.valueVariables
gonorrhea__mandatory_reporting_system__e8da3a7b,pop,value,metadata.valueVariables
gonorrhea__mandatory_reporting_system__e8da3a7b,prct,value,metadata.valueVariables
gonorrhea__mandatory_reporting_system__e8da3a7b,incValue,value,metadata.valueVariables
gonorrhea__mandatory_reporting_system__e8da3a7b,incValueMean3m,derived_value,metadata.valueVariables
gonorrhea__mandatory_reporting_system__e8da3a7b,deltaValue,derived_value,metadata.valueVariables
gonorrhea__mandatory_reporting_system__e8da3a7b,deltaIncValue,derived_value,metadata.valueVariables
gonorrhea__mandatory_reporting_system__e8da3a7b,incValuePrctChange,derived_value,metadata.valueVariables
gonorrhea__mandatory_reporting_system__e8da3a7b,valueMean5y,derived_value,metadata.valueVariables
gonorrhea__mandatory_reporting_system__e8da3a7b,trend,annotation,"few distinct text values, not a metadata grouping"
gonorrhea__mandatory_reporting_system__e8da3a7b,dataComplete,annotation,"few distinct text values, not a metadata grouping"
hepatitis_a__mandatory_reporting_system__af364adc,temporal,time,metadata.temporalVariables
hepatitis_a__mandatory_reporting_system__af364adc,temporal_type,time_type,metadata.temporalVariables
hepatitis_a__mandatory_reporting_system__af364adc,valueCategory,measure_name,metadata.valueCategory
hepatitis_a__mandatory_reporting_system__af364adc,georegion,place,metadata.groupingVariables
hepatitis_a__mandatory_reporting_system__af364adc,georegion_type,place_type,metadata.groupingVariables
hepatitis_a__mandatory_reporting_system__af364adc,agegroup,age,metadata.groupingVariables
hepatitis_a__mandatory_reporting_system__af364adc,agegroup_type,age_type,metadata.groupingVariables
hepatitis_a__mandatory_reporting_system__af364adc,sex,sex,metadata.groupingVariables
hepatitis_a__mandatory_reporting_system__af364adc,value,value,metadata.valueVariables
hepatitis_a__mandatory_reporting_system__af364adc,valueYearCumSum,derived_value,metadata.valueVariables
hepatitis_a__mandatory_reporting_system__af364adc,valueMean3y,derived_value,metadata.valueVariables
hepatitis_a__mandatory_reporting_system__af364adc,pop,value,metadata.valueVariables
hepatitis_a__mandatory_reporting_system__af364adc,prct,value,metadata.valueVariables
hepatitis_a__mandatory_reporting_system__af364adc,incValue,value,metadata.valueVariables
hepatitis_a__mandatory_reporting_system__af364adc,deltaValue,derived_value,metadata.valueVariables
hepatitis_a__mandatory_reporting_system__af364adc,deltaIncValue,derived_value,metadata.valueVariables
hepatitis_a__mandatory_reporting_system__af364adc,incValuePrctChange,derived_value,metadata.valueVariables
hepatitis_a__mandatory_reporting_system__af364adc,valueMean5y,derived_value,metadata.valueVariables
hepatitis_a__mandatory_reporting_system__af364adc,trend,annotation,"few distinct text values, not a metadata grouping"
hepatitis_a__mandatory_reporting_system__af364adc,dataComplete,annotation,"few distinct text values, not a metadata grouping"
hepatitis_b__mandatory_reporting_system__efca8a94,temporal,time,metadata.temporalVariables
hepatitis_b__mandatory_reporting_system__efca8a94,temporal_type,time_type,metadata.temporalVariables
hepatitis_b__mandatory_reporting_system__efca8a94,valueCategory,measure_name,metadata.valueCategory
hepatitis_b__mandatory_reporting_system__efca8a94,georegion,place,metadata.groupingVariables
hepatitis_b__mandatory_reporting_system__efca8a94,georegion_type,place_type,metadata.groupingVariables
hepatitis_b__mandatory_reporting_system__efca8a94,agegroup,age,metadata.groupingVariables
hepatitis_b__mandatory_reporting_system__efca8a94,agegroup_type,age_type,metadata.groupingVariables
hepatitis_b__mandatory_reporting_system__efca8a94,sex,sex,metadata.groupingVariables
hepatitis_b__mandatory_reporting_system__efca8a94,type,breakdown,metadata.groupingVariables
hepatitis_b__mandatory_reporting_system__efca8a94,value,value,metadata.valueVariables
hepatitis_b__mandatory_reporting_system__efca8a94,valueYearCumSum,derived_value,metadata.valueVariables
hepatitis_b__mandatory_reporting_system__efca8a94,valueMean3y,derived_value,metadata.valueVariables
hepatitis_b__mandatory_reporting_system__efca8a94,pop,value,metadata.valueVariables
hepatitis_b__mandatory_reporting_system__efca8a94,prct,value,metadata.valueVariables
hepatitis_b__mandatory_reporting_system__efca8a94,incValue,value,metadata.valueVariables
hepatitis_b__mandatory_reporting_system__efca8a94,incValueMean3m,derived_value,metadata.valueVariables
hepatitis_b__mandatory_reporting_system__efca8a94,deltaValue,derived_value,metadata.valueVariables
hepatitis_b__mandatory_reporting_system__efca8a94,deltaIncValue,derived_value,metadata.valueVariables
hepatitis_b__mandatory_reporting_system__efca8a94,incValuePrctChange,derived_value,metadata.valueVariables
hepatitis_b__mandatory_reporting_system__efca8a94,valueMean5y,derived_value,metadata.valueVariables
hepatitis_b__mandatory_reporting_system__efca8a94,trend,annotation,"few distinct text values, not a metadata grouping"
hepatitis_b__mandatory_reporting_system__efca8a94,dataComplete,annotation,"few distinct text values, not a metadata grouping"
hepatitis_c__mandatory_reporting_system__dafc8271,temporal,time,metadata.temporalVariables
hepatitis_c__mandatory_reporting_system__dafc8271,temporal_type,time_type,metadata.temporalVariables
hepatitis_c__mandatory_reporting_system__dafc8271,valueCategory,measure_name,metadata.valueCategory
hepatitis_c__mandatory_reporting_system__dafc8271,georegion,place,metadata.groupingVariables
hepatitis_c__mandatory_reporting_system__dafc8271,georegion_type,place_type,metadata.groupingVariables
hepatitis_c__mandatory_reporting_system__dafc8271,agegroup,age,metadata.groupingVariables
hepatitis_c__mandatory_reporting_system__dafc8271,agegroup_type,age_type,metadata.groupingVariables
hepatitis_c__mandatory_reporting_system__dafc8271,sex,sex,metadata.groupingVariables
hepatitis_c__mandatory_reporting_system__dafc8271,type,breakdown,metadata.groupingVariables
hepatitis_c__mandatory_reporting_system__dafc8271,value,value,metadata.valueVariables
hepatitis_c__mandatory_reporting_system__dafc8271,valueYearCumSum,derived_value,metadata.valueVariables
hepatitis_c__mandatory_reporting_system__dafc8271,valueMean3y,derived_value,metadata.valueVariables
hepatitis_c__mandatory_reporting_system__dafc8271,pop,value,metadata.valueVariables
hepatitis_c__mandatory_reporting_system__dafc8271,prct,value,metadata.valueVariables
hepatitis_c__mandatory_reporting_system__dafc8271,incValue,value,metadata.valueVariables
hepatitis_c__mandatory_reporting_system__dafc8271,incValueMean3m,derived_value,metadata.valueVariables
hepatitis_c__mandatory_reporting_system__dafc8271,deltaValue,derived_value,metadata.valueVariables
hepatitis_c__mandatory_reporting_system__dafc8271,deltaIncValue,derived_value,metadata.valueVariables
hepatitis_c__mandatory_reporting_system__dafc8271,incValuePrctChange,derived_value,metadata.valueVariables
hepatitis_c__mandatory_reporting_system__dafc8271,valueMean5y,derived_value,metadata.valueVariables
hepatitis_c__mandatory_reporting_system__dafc8271,trend,annotation,"few distinct text values, not a metadata grouping"
hepatitis_c__mandatory_reporting_system__dafc8271,dataComplete,annotation,"few distinct text values, not a metadata grouping"
hepatitis_e__mandatory_reporting_system__9f9612b8,temporal,time,metadata.temporalVariables
hepatitis_e__mandatory_reporting_system__9f9612b8,temporal_type,time_type,metadata.temporalVariables
hepatitis_e__mandatory_reporting_system__9f9612b8,valueCategory,measure_name,metadata.valueCategory
hepatitis_e__mandatory_reporting_system__9f9612b8,georegion,place,metadata.groupingVariables
hepatitis_e__mandatory_reporting_system__9f9612b8,georegion_type,place_type,metadata.groupingVariables
hepatitis_e__mandatory_reporting_system__9f9612b8,agegroup,age,metadata.groupingVariables
hepatitis_e__mandatory_reporting_system__9f9612b8,agegroup_type,age_type,metadata.groupingVariables
hepatitis_e__mandatory_reporting_system__9f9612b8,sex,sex,metadata.groupingVariables
hepatitis_e__mandatory_reporting_system__9f9612b8,value,value,metadata.valueVariables
hepatitis_e__mandatory_reporting_system__9f9612b8,valueYearCumSum,derived_value,metadata.valueVariables
hepatitis_e__mandatory_reporting_system__9f9612b8,valueMean3y,derived_value,metadata.valueVariables
hepatitis_e__mandatory_reporting_system__9f9612b8,pop,value,metadata.valueVariables
hepatitis_e__mandatory_reporting_system__9f9612b8,prct,value,metadata.valueVariables
hepatitis_e__mandatory_reporting_system__9f9612b8,incValue,value,metadata.valueVariables
hepatitis_e__mandatory_reporting_system__9f9612b8,deltaValue,derived_value,metadata.valueVariables
hepatitis_e__mandatory_reporting_system__9f9612b8,deltaIncValue,derived_value,metadata.valueVariables
hepatitis_e__mandatory_reporting_system__9f9612b8,incValuePrctChange,derived_value,metadata.valueVariables
hepatitis_e__mandatory_reporting_system__9f9612b8,valueMean5y,derived_value,metadata.valueVariables
hepatitis_e__mandatory_reporting_system__9f9612b8,trend,annotation,"few distinct text values, not a metadata grouping"
hepatitis_e__mandatory_reporting_system__9f9612b8,dataComplete,annotation,"few distinct text values, not a metadata grouping"
hiv__mandatory_reporting_system__a382cd7f,temporal,time,metadata.temporalVariables
hiv__mandatory_reporting_system__a382cd7f,temporal_type,time_type,metadata.temporalVariables
hiv__mandatory_reporting_system__a382cd7f,valueCategory,measure_name,metadata.valueCategory
hiv__mandatory_reporting_system__a382cd7f,georegion,place,metadata.groupingVariables
hiv__mandatory_reporting_system__a382cd7f,georegion_type,place_type,metadata.groupingVariables
hiv__mandatory_reporting_system__a382cd7f,agegroup,age,metadata.groupingVariables
hiv__mandatory_reporting_system__a382cd7f,agegroup_type,age_type,metadata.groupingVariables
hiv__mandatory_reporting_system__a382cd7f,sex,sex,metadata.groupingVariables
hiv__mandatory_reporting_system__a382cd7f,value,value,metadata.valueVariables
hiv__mandatory_reporting_system__a382cd7f,valueYearCumSum,derived_value,metadata.valueVariables
hiv__mandatory_reporting_system__a382cd7f,valueMean3y,derived_value,metadata.valueVariables
hiv__mandatory_reporting_system__a382cd7f,pop,value,metadata.valueVariables
hiv__mandatory_reporting_system__a382cd7f,prct,value,metadata.valueVariables
hiv__mandatory_reporting_system__a382cd7f,incValue,value,metadata.valueVariables
hiv__mandatory_reporting_system__a382cd7f,deltaValue,derived_value,metadata.valueVariables
hiv__mandatory_reporting_system__a382cd7f,deltaIncValue,derived_value,metadata.valueVariables
hiv__mandatory_reporting_system__a382cd7f,incValuePrctChange,derived_value,metadata.valueVariables
hiv__mandatory_reporting_system__a382cd7f,valueMean5y,derived_value,metadata.valueVariables
hiv__mandatory_reporting_system__a382cd7f,trend,annotation,"few distinct text values, not a metadata grouping"
hiv__mandatory_reporting_system__a382cd7f,dataComplete,annotation,"few distinct text values, not a metadata grouping"
influenza__mandatory_reporting_system__b9997336,temporal,time,metadata.temporalVariables
influenza__mandatory_reporting_system__b9997336,temporal_type,time_type,metadata.temporalVariables
influenza__mandatory_reporting_system__b9997336,valueCategory,measure_name,metadata.valueCategory
influenza__mandatory_reporting_system__b9997336,georegion,place,metadata.groupingVariables
influenza__mandatory_reporting_system__b9997336,georegion_type,place_type,metadata.groupingVariables
influenza__mandatory_reporting_system__b9997336,agegroup,age,metadata.groupingVariables
influenza__mandatory_reporting_system__b9997336,agegroup_type,age_type,metadata.groupingVariables
influenza__mandatory_reporting_system__b9997336,sex,sex,metadata.groupingVariables
influenza__mandatory_reporting_system__b9997336,type,breakdown,metadata.groupingVariables
influenza__mandatory_reporting_system__b9997336,value,value,metadata.valueVariables
influenza__mandatory_reporting_system__b9997336,pop,value,metadata.valueVariables
influenza__mandatory_reporting_system__b9997336,prct,value,metadata.valueVariables
influenza__mandatory_reporting_system__b9997336,incValue,value,metadata.valueVariables
influenza__mandatory_reporting_system__b9997336,inc14d,derived_value,metadata.valueVariables
influenza__mandatory_reporting_system__b9997336,deltaValue,derived_value,metadata.valueVariables
influenza__mandatory_reporting_system__b9997336,deltaIncValue,derived_value,metadata.valueVariables
influenza__mandatory_reporting_system__b9997336,incValuePrctChange,derived_value,metadata.valueVariables
influenza__mandatory_reporting_system__b9997336,valueMean5y,derived_value,metadata.valueVariables
influenza__mandatory_reporting_system__b9997336,trend,annotation,"few distinct text values, not a metadata grouping"
influenza__mandatory_reporting_system__b9997336,dataComplete,annotation,"few distinct text values, not a metadata grouping"
influenza-like_illness__sentinella_reporting_system__880cad3c,temporal,time,metadata.temporalVariables
influenza-like_illness__sentinella_reporting_system__880cad3c,temporal_type,time_type,metadata.temporalVariables
influenza-like_illness__sentinella_reporting_system__880cad3c,valueCategory,measure_name,metadata.valueCategory
influenza-like_illness__sentinella_reporting_system__880cad3c,georegion,place,metadata.groupingVariables
influenza-like_illness__sentinella_reporting_system__880cad3c,georegion_type,place_type,metadata.groupingVariables
influenza-like_illness__sentinella_reporting_system__880cad3c,agegroup,age,metadata.groupingVariables
influenza-like_illness__sentinella_reporting_system__880cad3c,agegroup_type,age_type,metadata.groupingVariables
influenza-like_illness__sentinella_reporting_system__880cad3c,sex,sex,metadata.groupingVariables
influenza-like_illness__sentinella_reporting_system__880cad3c,value,value,metadata.valueVariables
influenza-like_illness__sentinella_reporting_system__880cad3c,prct,value,metadata.valueVariables
influenza-like_illness__sentinella_reporting_system__880cad3c,incValue,value,metadata.valueVariables
influenza-like_illness__sentinella_reporting_system__880cad3c,prctConsultations,derived_value,metadata.valueVariables
influenza-like_illness__sentinella_reporting_system__880cad3c,popExtrapolation,derived_value,metadata.valueVariables
influenza-like_illness__sentinella_reporting_system__880cad3c,totalConsultationsExtrapolation,derived_value,metadata.valueVariables
influenza-like_illness__sentinella_reporting_system__880cad3c,deltaValue,derived_value,metadata.valueVariables
influenza-like_illness__sentinella_reporting_system__880cad3c,deltaIncValue,derived_value,metadata.valueVariables
influenza-like_illness__sentinella_reporting_system__880cad3c,incValuePrctChange,derived_value,metadata.valueVariables
influenza-like_illness__sentinella_reporting_system__880cad3c,valueMean5y,derived_value,metadata.valueVariables
influenza-like_illness__sentinella_reporting_system__880cad3c,trend,annotation,"few distinct text values, not a metadata grouping"
influenza-like_illness__sentinella_reporting_system__880cad3c,dataComplete,annotation,"few distinct text values, not a metadata grouping"
lyme_borreliosis__sentinella_reporting_system__86357493,temporal,time,metadata.temporalVariables
lyme_borreliosis__sentinella_reporting_system__86357493,temporal_type,time_type,metadata.temporalVariables
lyme_borreliosis__sentinella_reporting_system__86357493,valueCategory,measure_name,metadata.valueCategory
lyme_borreliosis__sentinella_reporting_system__86357493,georegion,place,metadata.groupingVariables
lyme_borreliosis__sentinella_reporting_system__86357493,georegion_type,place_type,metadata.groupingVariables
lyme_borreliosis__sentinella_reporting_system__86357493,agegroup,age,metadata.groupingVariables
lyme_borreliosis__sentinella_reporting_system__86357493,agegroup_type,age_type,metadata.groupingVariables
lyme_borreliosis__sentinella_reporting_system__86357493,sex,sex,metadata.groupingVariables
lyme_borreliosis__sentinella_reporting_system__86357493,value,value,metadata.valueVariables
lyme_borreliosis__sentinella_reporting_system__86357493,valueYearCumSum,derived_value,metadata.valueVariables
lyme_borreliosis__sentinella_reporting_system__86357493,valueMean3y,derived_value,metadata.valueVariables
lyme_borreliosis__sentinella_reporting_system__86357493,pop,value,metadata.valueVariables
lyme_borreliosis__sentinella_reporting_system__86357493,incValue,value,metadata.valueVariables
lyme_borreliosis__sentinella_reporting_system__86357493,prctConsultations,derived_value,metadata.valueVariables
lyme_borreliosis__sentinella_reporting_system__86357493,popExtrapolation,derived_value,metadata.valueVariables
lyme_borreliosis__sentinella_reporting_system__86357493,totalConsultationsExtrapolation,derived_value,metadata.valueVariables
lyme_borreliosis__sentinella_reporting_system__86357493,deltaValue,derived_value,metadata.valueVariables
lyme_borreliosis__sentinella_reporting_system__86357493,deltaIncValue,derived_value,metadata.valueVariables
lyme_borreliosis__sentinella_reporting_system__86357493,incValuePrctChange,derived_value,metadata.valueVariables
lyme_borreliosis__sentinella_reporting_system__86357493,valueMean5y,derived_value,metadata.valueVariables
lyme_borreliosis__sentinella_reporting_system__86357493,trend,annotation,"few distinct text values, not a metadata grouping"
lyme_borreliosis__sentinella_reporting_system__86357493,dataComplete,annotation,"few distinct text values, not a metadata grouping"
respiratory_pathogens__national_reference_center_for_influenza__32f85c96,temporal,time,metadata.temporalVariables
respiratory_pathogens__national_reference_center_for_influenza__32f85c96,temporal_type,time_type,metadata.temporalVariables
respiratory_pathogens__national_reference_center_for_influenza__32f85c96,valueCategory,measure_name,metadata.valueCategory
respiratory_pathogens__national_reference_center_for_influenza__32f85c96,georegion,place,metadata.groupingVariables
respiratory_pathogens__national_reference_center_for_influenza__32f85c96,georegion_type,place_type,metadata.groupingVariables
respiratory_pathogens__national_reference_center_for_influenza__32f85c96,pathogen,breakdown,metadata.groupingVariables
respiratory_pathogens__national_reference_center_for_influenza__32f85c96,subtype,breakdown,metadata.groupingVariables
respiratory_pathogens__national_reference_center_for_influenza__32f85c96,testResult,breakdown,metadata.groupingVariables
respiratory_pathogens__national_reference_center_for_influenza__32f85c96,testResult_type,breakdown_type,metadata.groupingVariables
respiratory_pathogens__national_reference_center_for_influenza__32f85c96,type,breakdown,metadata.groupingVariables
respiratory_pathogens__national_reference_center_for_influenza__32f85c96,value,value,metadata.valueVariables
respiratory_pathogens__national_reference_center_for_influenza__32f85c96,prctPathogen,derived_value,metadata.valueVariables
respiratory_pathogens__national_reference_center_for_influenza__32f85c96,lowerCiPathogen,derived_value,metadata.valueVariables
respiratory_pathogens__national_reference_center_for_influenza__32f85c96,upperCiPathogen,derived_value,metadata.valueVariables
respiratory_pathogens__national_reference_center_for_influenza__32f85c96,prctPathogenMean3w,derived_value,metadata.valueVariables
respiratory_pathogens__national_reference_center_for_influenza__32f85c96,prctSamples,derived_value,metadata.valueVariables
respiratory_pathogens__national_reference_center_for_influenza__32f85c96,prctPathogenType,derived_value,metadata.valueVariables
respiratory_pathogens__national_reference_center_for_influenza__32f85c96,prctPathogenSubtype,derived_value,metadata.valueVariables
respiratory_pathogens__national_reference_center_for_influenza__32f85c96,prctTypeSubtype,derived_value,metadata.valueVariables
respiratory_pathogens__national_reference_center_for_influenza__32f85c96,dataComplete,annotation,"few distinct text values, not a metadata grouping"
respiratory_pathogens__national_reference_center_for_influenza__32f85c96,defaultView,annotation,"few distinct text values, not a metadata grouping"
wastewater_viral_load__swiss_federal_institute_of_aquatic_science_and_technology__98e92f9a,temporal,time,metadata.temporalVariables
wastewater_viral_load__swiss_federal_institute_of_aquatic_science_and_technology__98e92f9a,temporal_type,time_type,metadata.temporalVariables
wastewater_viral_load__swiss_federal_institute_of_aquatic_science_and_technology__98e92f9a,valueCategory,measure_name,metadata.valueCategory
wastewater_viral_load__swiss_federal_institute_of_aquatic_science_and_technology__98e92f9a,georegion1,place,metadata.groupingVariables
wastewater_viral_load__swiss_federal_institute_of_aquatic_science_and_technology__98e92f9a,georegion1_type,place_type,metadata.groupingVariables
wastewater_viral_load__swiss_federal_institute_of_aquatic_science_and_technology__98e92f9a,georegion2,place,metadata.groupingVariables
wastewater_viral_load__swiss_federal_institute_of_aquatic_science_and_technology__98e92f9a,georegion2_type,place_type,metadata.groupingVariables
wastewater_viral_load__swiss_federal_institute_of_aquatic_science_and_technology__98e92f9a,value,value,metadata.valueVariables
wastewater_viral_load__swiss_federal_institute_of_aquatic_science_and_technology__98e92f9a,pop,value,metadata.valueVariables
wastewater_viral_load__swiss_federal_institute_of_aquatic_science_and_technology__98e92f9a,flow,derived_value,metadata.valueVariables
wastewater_viral_load__swiss_federal_institute_of_aquatic_science_and_technology__98e92f9a,conc,derived_value,metadata.valueVariables
wastewater_viral_load__swiss_federal_institute_of_aquatic_science_and_technology__98e92f9a,valuePercentile7d,derived_value,metadata.valueVariables
wastewater_viral_load__swiss_federal_institute_of_aquatic_science_and_technology__98e92f9a,valueMean7d,derived_value,metadata.valueVariables
wastewater_viral_load__swiss_federal_institute_of_aquatic_science_and_technology__98e92f9a,valuePercentileMean7d,derived_value,metadata.valueVariables
wastewater_viral_load__swiss_federal_institute_of_aquatic_science_and_technology__98e92f9a,loq,derived_value,metadata.valueVariables
wastewater_viral_load__swiss_federal_institute_of_aquatic_science_and_technology__98e92f9a,trend,annotation,"few distinct text values, not a metadata grouping"
wastewater_viral_load__swiss_federal_institute_of_aquatic_science_and_technology__98e92f9a,delay7d,annotation,"few distinct text values, not a metadata grouping"
wastewater_viral_load__swiss_federal_institute_of_aquatic_science_and_technology__98e92f9a,dataExpected,annotation,"few distinct text values, not a metadata grouping"
wastewater_viral_load__swiss_federal_institute_of_aquatic_science_and_technology__98e92f9a,belowLoq,annotation,"few distinct text values, not a metadata grouping"
wastewater_viral_load__swiss_federal_institute_of_aquatic_science_and_technology__98e92f9a,methodDateFrom,time,value pattern
wastewater_viral_load__swiss_federal_institute_of_aquatic_science_and_technology__98e92f9a,methodDateTo,time,value pattern
wastewater_viral_load__swiss_federal_institute_of_aquatic_science_and_technology__98e92f9a,dataComplete,annotation,"few distinct text values, not a metadata grouping"
shigellosis__mandatory_reporting_system__f3b6c8f5,temporal,time,metadata.temporalVariables
shigellosis__mandatory_reporting_system__f3b6c8f5,temporal_type,time_type,metadata.temporalVariables
shigellosis__mandatory_reporting_system__f3b6c8f5,valueCategory,measure_name,metadata.valueCategory
shigellosis__mandatory_reporting_system__f3b6c8f5,georegion,place,metadata.groupingVariables
shigellosis__mandatory_reporting_system__f3b6c8f5,georegion_type,place_type,metadata.groupingVariables
shigellosis__mandatory_reporting_system__f3b6c8f5,agegroup,age,metadata.groupingVariables
shigellosis__mandatory_reporting_system__f3b6c8f5,agegroup_type,age_type,metadata.groupingVariables
shigellosis__mandatory_reporting_system__f3b6c8f5,sex,sex,metadata.groupingVariables
shigellosis__mandatory_reporting_system__f3b6c8f5,value,value,metadata.valueVariables
shigellosis__mandatory_reporting_system__f3b6c8f5,valueYearCumSum,derived_value,metadata.valueVariables
shigellosis__mandatory_reporting_system__f3b6c8f5,valueMean3y,derived_value,metadata.valueVariables
shigellosis__mandatory_reporting_system__f3b6c8f5,pop,value,metadata.valueVariables
shigellosis__mandatory_reporting_system__f3b6c8f5,prct,value,metadata.valueVariables
shigellosis__mandatory_reporting_system__f3b6c8f5,incValue,value,metadata.valueVariables
shigellosis__mandatory_reporting_system__f3b6c8f5,deltaValue,derived_value,metadata.valueVariables
shigellosis__mandatory_reporting_system__f3b6c8f5,deltaIncValue,derived_value,metadata.valueVariables
shigellosis__mandatory_reporting_system__f3b6c8f5,incValuePrctChange,derived_value,metadata.valueVariables
shigellosis__mandatory_reporting_system__f3b6c8f5,valueMean5y,derived_value,metadata.valueVariables
shigellosis__mandatory_reporting_system__f3b6c8f5,trend,annotation,"few distinct text values, not a metadata grouping"
shigellosis__mandatory_reporting_system__f3b6c8f5,dataComplete,annotation,"few distinct text values, not a metadata grouping"
